customer_id,signup_date,acquisition_channel
C100000,2024-10-04,Google Ads
C100001,2025-01-05,Referral
C100002,2025-10-03,Referral
C100003,2025-11-04,Organic
C100004,2026-01-10,Influencer
C100005,2024-10-04,Meta Ads
C100006,2025-05-03,Meta Ads
C100007,2025-02-19,Meta Ads
C100008,2025-01-02,Google Ads
C100009,2025-07-05,Influencer
C100010,2026-02-12,Google Ads
C100011,2024-10-25,Google Ads
C100012,2024-11-24,Influencer
C100013,2025-12-27,Meta Ads
C100014,2025-03-23,Organic
C100015,2024-12-18,Referral
C100016,2025-10-20,Organic
C100017,2024-10-21,Organic
C100018,2025-07-03,Meta Ads
C100019,2025-11-04,Google Ads
C100020,2025-07-02,Meta Ads
C100021,2025-10-25,Google Ads
C100022,2024-12-20,Organic
C100023,2025-04-10,Meta Ads
C100024,2026-01-06,Organic
C100025,2025-04-11,Google Ads
C100026,2025-10-22,Organic
C100027,2025-01-11,Influencer
C100028,2024-12-18,Meta Ads
C100029,2024-11-19,Influencer
C100030,2025-11-25,Organic
C100031,2025-10-08,Meta Ads
C100032,2025-02-09,Influencer
C100033,2025-08-27,Meta Ads
C100034,2025-09-18,Referral
C100035,2024-11-28,Google Ads
C100036,2025-11-27,Organic
C100037,2026-01-03,Influencer
C100038,2025-09-22,Referral
C100039,2025-07-04,Influencer
C100040,2025-10-04,Meta Ads
C100041,2025-08-20,Influencer
C100042,2025-07-03,Organic
C100043,2025-12-08,Influencer
C100044,2026-01-07,Google Ads
C100045,2026-01-14,Influencer
C100046,2025-10-02,Organic
C100047,2025-08-21,Organic
C100048,2025-01-21,Organic
C100049,2025-08-22,Meta Ads
C100050,2025-11-07,Influencer
C100051,2024-10-24,Organic
C100052,2026-01-06,Meta Ads
C100053,2025-11-19,Meta Ads
C100054,2026-01-14,Google Ads
C100055,2025-01-17,Google Ads
C100056,2025-01-03,Meta Ads
C100057,2024-12-11,Organic
C100058,2025-07-08,Organic
C100059,2024-11-10,Meta Ads
C100060,2024-12-05,Organic
C100061,2025-02-09,Google Ads
C100062,2025-07-05,Meta Ads
C100063,2025-09-03,Influencer
C100064,2025-01-01,Organic
C100065,2025-01-15,Organic
C100066,2025-03-11,Influencer
C100067,2025-07-21,Meta Ads
C100068,2025-04-20,Meta Ads
C100069,2024-11-15,Meta Ads
C100070,2025-02-06,Organic
C100071,2025-07-18,Meta Ads
C100072,2025-04-06,Meta Ads
C100073,2024-10-09,Meta Ads
C100074,2025-03-13,Meta Ads
C100075,2024-11-01,Organic
C100076,2025-04-15,Referral
C100077,2025-05-19,Meta Ads
C100078,2024-12-12,Influencer
C100079,2025-09-04,Referral
C100080,2024-11-28,Organic
C100081,2026-02-06,Organic
C100082,2025-01-30,Influencer
C100083,2025-07-14,Google Ads
C100084,2024-11-23,Organic
C100085,2025-03-03,Referral
C100086,2025-03-12,Meta Ads
C100087,2026-01-21,Organic
C100088,2024-10-08,Influencer
C100089,2025-05-29,Influencer
C100090,2025-12-02,Google Ads
C100091,2026-01-15,Organic
C100092,2025-09-17,Meta Ads
C100093,2025-07-03,Referral
C100094,2025-09-05,Referral
C100095,2025-11-29,Google Ads
C100096,2024-12-09,Influencer
C100097,2025-02-19,Google Ads
C100098,2025-10-21,Google Ads
C100099,2025-09-17,Meta Ads
C100100,2025-02-16,Meta Ads
C100101,2025-06-16,Google Ads
C100102,2024-12-15,Meta Ads
C100103,2026-01-26,Google Ads
C100104,2025-02-05,Influencer
C100105,2025-09-22,Google Ads
C100106,2024-12-29,Referral
C100107,2024-10-05,Google Ads
C100108,2024-11-22,Google Ads
C100109,2025-02-06,Organic
C100110,2025-06-27,Meta Ads
C100111,2025-08-02,Referral
C100112,2024-11-28,Google Ads
C100113,2024-10-12,Organic
C100114,2025-09-01,Meta Ads
C100115,2025-07-17,Meta Ads
C100116,2025-09-04,Organic
C100117,2025-04-01,Referral
C100118,2025-05-08,Google Ads
C100119,2025-09-09,Meta Ads
C100120,2024-11-03,Influencer
C100121,2024-12-14,Google Ads
C100122,2025-08-26,Google Ads
C100123,2026-01-11,Influencer
C100124,2025-02-19,Influencer
C100125,2025-06-29,Organic
C100126,2025-04-07,Referral
C100127,2025-01-06,Google Ads
C100128,2024-11-14,Referral
C100129,2024-12-28,Google Ads
C100130,2026-02-12,Influencer
C100131,2025-02-27,Meta Ads
C100132,2025-05-08,Google Ads
C100133,2025-07-22,Google Ads
C100134,2024-10-14,Google Ads
C100135,2025-12-26,Influencer
C100136,2024-12-24,Referral
C100137,2025-08-04,Referral
C100138,2025-07-23,Referral
C100139,2025-01-31,Influencer
C100140,2025-10-10,Google Ads
C100141,2025-09-09,Meta Ads
C100142,2025-04-09,Organic
C100143,2025-11-11,Meta Ads
C100144,2025-05-19,Meta Ads
C100145,2025-11-21,Meta Ads
C100146,2025-07-02,Google Ads
C100147,2025-01-26,Organic
C100148,2024-12-14,Google Ads
C100149,2025-02-11,Organic
C100150,2024-12-04,Influencer
C100151,2025-11-16,Meta Ads
C100152,2024-10-12,Google Ads
C100153,2025-05-05,Organic
C100154,2025-04-02,Meta Ads
C100155,2025-12-04,Google Ads
C100156,2026-02-01,Organic
C100157,2025-03-10,Organic
C100158,2025-06-19,Meta Ads
C100159,2026-02-01,Organic
C100160,2026-01-10,Influencer
C100161,2025-09-17,Meta Ads
C100162,2024-11-22,Meta Ads
C100163,2024-11-11,Meta Ads
C100164,2026-01-07,Meta Ads
C100165,2024-12-24,Organic
C100166,2025-10-14,Referral
C100167,2025-09-11,Influencer
C100168,2025-08-14,Organic
C100169,2025-03-27,Meta Ads
C100170,2025-07-28,Meta Ads
C100171,2026-02-01,Google Ads
C100172,2025-08-27,Meta Ads
C100173,2026-01-26,Organic
C100174,2024-11-10,Meta Ads
C100175,2025-07-24,Organic
C100176,2026-01-31,Google Ads
C100177,2025-05-19,Organic
C100178,2025-07-07,Google Ads
C100179,2025-05-07,Meta Ads
C100180,2024-10-28,Google Ads
C100181,2025-01-12,Google Ads
C100182,2026-01-17,Influencer
C100183,2024-10-19,Meta Ads
C100184,2025-07-21,Influencer
C100185,2025-08-14,Google Ads
C100186,2025-01-26,Influencer
C100187,2025-01-01,Google Ads
C100188,2025-01-29,Meta Ads
C100189,2024-10-13,Organic
C100190,2024-11-02,Influencer
C100191,2025-09-16,Meta Ads
C100192,2024-10-08,Google Ads
C100193,2025-04-09,Meta Ads
C100194,2025-08-31,Influencer
C100195,2026-01-26,Meta Ads
C100196,2025-04-17,Meta Ads
C100197,2025-06-08,Meta Ads
C100198,2025-09-10,Meta Ads
C100199,2025-09-21,Referral
C100200,2026-01-19,Influencer
C100201,2024-12-10,Influencer
C100202,2025-03-18,Meta Ads
C100203,2025-11-16,Google Ads
C100204,2024-11-29,Organic
C100205,2025-08-20,Influencer
C100206,2026-01-28,Meta Ads
C100207,2025-04-02,Referral
C100208,2025-05-21,Organic
C100209,2025-07-25,Influencer
C100210,2025-01-21,Organic
C100211,2025-04-14,Organic
C100212,2025-03-22,Organic
C100213,2025-12-20,Organic
C100214,2024-12-20,Meta Ads
C100215,2024-10-24,Google Ads
C100216,2025-12-18,Organic
C100217,2025-12-07,Organic
C100218,2025-04-07,Referral
C100219,2025-05-06,Influencer
C100220,2025-12-08,Organic
C100221,2025-11-13,Influencer
C100222,2026-01-31,Google Ads
C100223,2025-07-24,Google Ads
C100224,2025-05-06,Meta Ads
C100225,2025-11-13,Google Ads
C100226,2025-04-04,Referral
C100227,2025-08-20,Organic
C100228,2025-08-21,Google Ads
C100229,2025-11-21,Referral
C100230,2024-10-04,Influencer
C100231,2024-11-03,Organic
C100232,2026-01-10,Influencer
C100233,2024-11-06,Organic
C100234,2026-01-17,Referral
C100235,2025-06-02,Influencer
C100236,2024-10-28,Referral
C100237,2024-11-29,Google Ads
C100238,2025-02-09,Meta Ads
C100239,2025-08-06,Meta Ads
C100240,2025-06-01,Organic
C100241,2025-11-14,Google Ads
C100242,2026-01-14,Influencer
C100243,2025-03-25,Influencer
C100244,2024-12-17,Meta Ads
C100245,2025-08-18,Organic
C100246,2025-06-11,Referral
C100247,2025-10-31,Organic
C100248,2025-10-02,Meta Ads
C100249,2025-03-20,Referral
C100250,2024-12-13,Influencer
C100251,2025-04-24,Google Ads
C100252,2026-01-14,Google Ads
C100253,2025-01-06,Meta Ads
C100254,2025-03-27,Referral
C100255,2024-10-24,Organic
C100256,2025-01-31,Meta Ads
C100257,2025-04-16,Google Ads
C100258,2024-12-14,Google Ads
C100259,2025-01-21,Influencer
C100260,2025-02-25,Meta Ads
C100261,2025-08-12,Google Ads
C100262,2024-11-09,Google Ads
C100263,2025-02-03,Influencer
C100264,2024-12-09,Organic
C100265,2025-07-15,Google Ads
C100266,2025-02-06,Meta Ads
C100267,2025-09-21,Google Ads
C100268,2025-12-10,Influencer
C100269,2025-01-12,Meta Ads
C100270,2025-09-23,Meta Ads
C100271,2025-08-03,Organic
C100272,2025-08-26,Organic
C100273,2025-05-17,Organic
C100274,2025-12-30,Referral
C100275,2024-12-30,Meta Ads
C100276,2025-06-24,Meta Ads
C100277,2026-01-02,Influencer
C100278,2025-08-04,Organic
C100279,2025-01-02,Google Ads
C100280,2024-11-13,Influencer
C100281,2025-04-27,Google Ads
C100282,2025-07-14,Google Ads
C100283,2025-08-10,Influencer
C100284,2025-08-31,Google Ads
C100285,2025-06-03,Referral
C100286,2025-03-18,Influencer
C100287,2025-04-17,Meta Ads
C100288,2024-11-22,Influencer
C100289,2025-12-13,Organic
C100290,2024-11-22,Influencer
C100291,2024-10-06,Influencer
C100292,2025-06-17,Meta Ads
C100293,2025-12-02,Meta Ads
C100294,2026-01-14,Google Ads
C100295,2024-11-27,Meta Ads
C100296,2024-12-21,Influencer
C100297,2024-11-27,Organic
C100298,2025-03-24,Influencer
C100299,2025-10-29,Meta Ads
C100300,2026-01-03,Meta Ads
C100301,2026-02-12,Meta Ads
C100302,2025-08-08,Google Ads
C100303,2025-10-25,Meta Ads
C100304,2025-12-21,Organic
C100305,2025-11-28,Google Ads
C100306,2025-03-07,Organic
C100307,2025-05-04,Google Ads
C100308,2026-02-09,Google Ads
C100309,2025-04-07,Meta Ads
C100310,2025-04-11,Referral
C100311,2025-09-10,Meta Ads
C100312,2024-12-24,Organic
C100313,2025-12-16,Google Ads
C100314,2025-06-09,Meta Ads
C100315,2024-12-13,Meta Ads
C100316,2026-01-24,Meta Ads
C100317,2025-11-11,Google Ads
C100318,2026-01-26,Meta Ads
C100319,2025-05-04,Organic
C100320,2024-11-17,Meta Ads
C100321,2025-06-18,Google Ads
C100322,2025-06-24,Google Ads
C100323,2025-08-17,Google Ads
C100324,2025-08-02,Organic
C100325,2025-02-20,Meta Ads
C100326,2025-12-09,Influencer
C100327,2024-10-06,Referral
C100328,2025-09-19,Meta Ads
C100329,2025-02-19,Influencer
C100330,2025-03-31,Google Ads
C100331,2025-04-09,Influencer
C100332,2025-10-06,Influencer
C100333,2024-10-08,Influencer
C100334,2026-01-28,Referral
C100335,2025-09-13,Influencer
C100336,2026-01-02,Meta Ads
C100337,2025-01-06,Meta Ads
C100338,2026-01-19,Influencer
C100339,2025-02-06,Organic
C100340,2025-09-18,Meta Ads
C100341,2025-02-19,Meta Ads
C100342,2026-01-25,Google Ads
C100343,2026-01-12,Influencer
C100344,2025-08-10,Meta Ads
C100345,2025-12-05,Google Ads
C100346,2025-08-13,Organic
C100347,2025-07-21,Meta Ads
C100348,2025-03-01,Google Ads
C100349,2025-07-16,Meta Ads
C100350,2025-05-18,Organic
C100351,2024-11-23,Meta Ads
C100352,2024-10-17,Google Ads
C100353,2025-07-01,Meta Ads
C100354,2025-07-13,Google Ads
C100355,2025-01-30,Organic
C100356,2024-12-03,Organic
C100357,2025-12-16,Organic
C100358,2024-12-06,Influencer
C100359,2025-08-28,Organic
C100360,2025-12-02,Referral
C100361,2025-11-24,Meta Ads
C100362,2025-07-23,Organic
C100363,2026-01-26,Organic
C100364,2024-12-29,Google Ads
C100365,2026-01-30,Meta Ads
C100366,2025-10-31,Meta Ads
C100367,2024-12-03,Meta Ads
C100368,2025-08-20,Google Ads
C100369,2025-08-25,Google Ads
C100370,2024-12-11,Influencer
C100371,2025-04-12,Organic
C100372,2025-10-26,Google Ads
C100373,2025-11-03,Google Ads
C100374,2025-07-07,Meta Ads
C100375,2025-05-27,Meta Ads
C100376,2025-07-01,Influencer
C100377,2025-09-20,Meta Ads
C100378,2025-01-18,Meta Ads
C100379,2025-12-18,Meta Ads
C100380,2026-02-01,Meta Ads
C100381,2025-01-02,Influencer
C100382,2025-06-15,Google Ads
C100383,2025-08-21,Google Ads
C100384,2025-12-21,Google Ads
C100385,2025-08-20,Google Ads
C100386,2025-07-08,Meta Ads
C100387,2024-12-24,Organic
C100388,2025-06-05,Meta Ads
C100389,2025-06-17,Google Ads
C100390,2025-10-13,Google Ads
C100391,2025-03-08,Organic
C100392,2025-03-03,Referral
C100393,2025-08-13,Meta Ads
C100394,2025-05-04,Google Ads
C100395,2025-04-20,Google Ads
C100396,2026-02-05,Influencer
C100397,2025-12-16,Organic
C100398,2025-03-04,Influencer
C100399,2026-02-06,Google Ads
C100400,2025-02-04,Organic
C100401,2024-12-07,Influencer
C100402,2024-10-09,Meta Ads
C100403,2025-03-11,Google Ads
C100404,2025-01-06,Meta Ads
C100405,2025-12-06,Meta Ads
C100406,2025-12-11,Referral
C100407,2025-12-19,Meta Ads
C100408,2025-10-26,Influencer
C100409,2025-03-10,Influencer
C100410,2025-10-29,Organic
C100411,2025-08-07,Google Ads
C100412,2025-08-23,Organic
C100413,2025-08-17,Google Ads
C100414,2025-05-18,Meta Ads
C100415,2025-12-01,Google Ads
C100416,2025-12-21,Meta Ads
C100417,2025-04-02,Google Ads
C100418,2025-11-12,Meta Ads
C100419,2024-12-08,Meta Ads
C100420,2025-10-13,Google Ads
C100421,2025-05-19,Google Ads
C100422,2025-05-23,Meta Ads
C100423,2025-08-27,Google Ads
C100424,2024-11-27,Organic
C100425,2024-10-22,Meta Ads
C100426,2025-11-06,Influencer
C100427,2025-07-30,Google Ads
C100428,2025-07-23,Google Ads
C100429,2025-11-10,Google Ads
C100430,2025-04-30,Google Ads
C100431,2025-01-12,Meta Ads
C100432,2026-01-23,Meta Ads
C100433,2025-10-15,Meta Ads
C100434,2025-07-31,Referral
C100435,2025-11-04,Google Ads
C100436,2024-10-01,Meta Ads
C100437,2025-05-12,Meta Ads
C100438,2025-01-09,Referral
C100439,2025-07-04,Influencer
C100440,2025-12-19,Meta Ads
C100441,2025-07-28,Google Ads
C100442,2025-08-01,Organic
C100443,2025-06-24,Meta Ads
C100444,2025-05-03,Google Ads
C100445,2025-04-30,Influencer
C100446,2024-10-06,Meta Ads
C100447,2025-04-23,Google Ads
C100448,2024-10-13,Meta Ads
C100449,2024-10-31,Meta Ads
C100450,2024-10-31,Organic
C100451,2024-10-03,Meta Ads
C100452,2025-01-30,Influencer
C100453,2025-06-10,Google Ads
C100454,2025-09-27,Organic
C100455,2025-03-07,Meta Ads
C100456,2024-10-13,Meta Ads
C100457,2025-01-04,Organic
C100458,2025-11-29,Organic
C100459,2025-05-27,Meta Ads
C100460,2025-11-19,Organic
C100461,2025-05-24,Influencer
C100462,2024-11-26,Influencer
C100463,2025-09-02,Influencer
C100464,2025-07-27,Influencer
C100465,2025-03-17,Google Ads
C100466,2025-04-24,Influencer
C100467,2025-06-03,Google Ads
C100468,2025-08-05,Influencer
C100469,2025-10-20,Influencer
C100470,2025-04-26,Meta Ads
C100471,2025-12-09,Google Ads
C100472,2025-03-28,Influencer
C100473,2025-07-13,Meta Ads
C100474,2025-04-25,Influencer
C100475,2024-10-04,Influencer
C100476,2025-10-25,Influencer
C100477,2024-11-09,Google Ads
C100478,2025-05-27,Organic
C100479,2025-08-26,Meta Ads
C100480,2025-02-24,Organic
C100481,2024-11-09,Organic
C100482,2025-12-18,Meta Ads
C100483,2024-12-05,Google Ads
C100484,2025-09-28,Google Ads
C100485,2024-11-19,Meta Ads
C100486,2025-06-29,Meta Ads
C100487,2025-03-31,Meta Ads
C100488,2025-07-05,Google Ads
C100489,2025-08-21,Google Ads
C100490,2025-07-18,Meta Ads
C100491,2026-01-11,Influencer
C100492,2025-06-16,Influencer
C100493,2025-11-22,Organic
C100494,2026-02-10,Google Ads
C100495,2025-10-02,Google Ads
C100496,2025-05-25,Meta Ads
C100497,2024-11-14,Meta Ads
C100498,2024-11-02,Google Ads
C100499,2025-07-11,Influencer
C100500,2025-02-13,Referral
C100501,2025-11-15,Google Ads
C100502,2025-07-12,Influencer
C100503,2025-12-16,Organic
C100504,2025-06-14,Google Ads
C100505,2024-11-21,Referral
C100506,2025-08-06,Meta Ads
C100507,2025-03-02,Meta Ads
C100508,2025-05-27,Google Ads
C100509,2025-02-03,Influencer
C100510,2025-06-30,Meta Ads
C100511,2025-02-10,Referral
C100512,2025-11-23,Meta Ads
C100513,2025-04-25,Meta Ads
C100514,2026-01-29,Meta Ads
C100515,2025-03-19,Referral
C100516,2025-04-14,Google Ads
C100517,2025-04-03,Meta Ads
C100518,2025-04-29,Meta Ads
C100519,2025-03-22,Organic
C100520,2025-12-26,Google Ads
C100521,2025-09-18,Influencer
C100522,2026-01-01,Meta Ads
C100523,2024-10-25,Google Ads
C100524,2024-12-20,Influencer
C100525,2025-09-13,Influencer
C100526,2025-10-02,Meta Ads
C100527,2025-10-22,Influencer
C100528,2025-03-13,Influencer
C100529,2025-01-25,Organic
C100530,2025-02-27,Google Ads
C100531,2025-10-27,Organic
C100532,2024-12-15,Google Ads
C100533,2025-10-05,Google Ads
C100534,2025-08-20,Organic
C100535,2025-06-18,Meta Ads
C100536,2025-01-27,Organic
C100537,2026-02-09,Influencer
C100538,2025-05-20,Meta Ads
C100539,2025-09-26,Influencer
C100540,2025-07-20,Influencer
C100541,2024-10-21,Meta Ads
C100542,2025-11-18,Organic
C100543,2024-10-10,Organic
C100544,2025-11-11,Google Ads
C100545,2025-05-31,Meta Ads
C100546,2025-02-12,Google Ads
C100547,2025-05-25,Organic
C100548,2025-09-14,Meta Ads
C100549,2025-04-20,Meta Ads
C100550,2024-11-20,Google Ads
C100551,2025-04-14,Google Ads
C100552,2026-02-03,Meta Ads
C100553,2025-04-25,Meta Ads
C100554,2024-10-24,Google Ads
C100555,2024-10-17,Referral
C100556,2025-03-07,Google Ads
C100557,2025-11-15,Meta Ads
C100558,2025-01-08,Referral
C100559,2025-09-21,Google Ads
C100560,2024-11-24,Google Ads
C100561,2025-10-14,Google Ads
C100562,2025-04-02,Meta Ads
C100563,2025-04-21,Google Ads
C100564,2025-06-01,Influencer
C100565,2025-03-21,Influencer
C100566,2024-12-31,Organic
C100567,2025-12-02,Influencer
C100568,2025-06-16,Meta Ads
C100569,2025-08-02,Meta Ads
C100570,2024-11-06,Meta Ads
C100571,2025-11-18,Google Ads
C100572,2025-01-31,Organic
C100573,2025-12-27,Organic
C100574,2025-10-30,Meta Ads
C100575,2025-08-29,Meta Ads
C100576,2025-04-09,Organic
C100577,2026-02-05,Meta Ads
C100578,2025-06-19,Google Ads
C100579,2025-12-12,Influencer
C100580,2025-04-16,Influencer
C100581,2026-01-21,Google Ads
C100582,2025-04-12,Influencer
C100583,2026-01-12,Meta Ads
C100584,2025-06-26,Influencer
C100585,2025-03-01,Meta Ads
C100586,2024-10-26,Organic
C100587,2025-07-17,Meta Ads
C100588,2025-11-18,Referral
C100589,2025-08-27,Meta Ads
C100590,2025-10-25,Meta Ads
C100591,2025-11-22,Google Ads
C100592,2025-08-16,Referral
C100593,2025-12-14,Meta Ads
C100594,2024-12-17,Meta Ads
C100595,2025-05-17,Meta Ads
C100596,2024-11-21,Organic
C100597,2025-03-10,Influencer
C100598,2024-10-12,Organic
C100599,2025-05-16,Google Ads
C100600,2025-11-03,Organic
C100601,2025-02-24,Meta Ads
C100602,2024-11-10,Influencer
C100603,2024-11-20,Organic
C100604,2025-11-19,Referral
C100605,2025-03-29,Referral
C100606,2025-01-29,Google Ads
C100607,2024-11-06,Meta Ads
C100608,2025-04-17,Referral
C100609,2026-02-03,Organic
C100610,2025-09-02,Organic
C100611,2025-04-20,Google Ads
C100612,2025-01-16,Google Ads
C100613,2025-04-01,Meta Ads
C100614,2025-03-22,Referral
C100615,2026-01-24,Organic
C100616,2025-09-14,Referral
C100617,2025-09-08,Organic
C100618,2025-09-15,Google Ads
C100619,2025-07-21,Meta Ads
C100620,2025-07-09,Google Ads
C100621,2025-11-29,Organic
C100622,2025-04-28,Meta Ads
C100623,2025-03-17,Organic
C100624,2025-05-20,Google Ads
C100625,2025-12-05,Influencer
C100626,2024-10-29,Google Ads
C100627,2025-08-31,Influencer
C100628,2025-01-15,Meta Ads
C100629,2024-12-17,Influencer
C100630,2025-09-24,Influencer
C100631,2025-04-24,Influencer
C100632,2025-08-21,Meta Ads
C100633,2025-09-01,Meta Ads
C100634,2025-03-19,Meta Ads
C100635,2025-02-08,Organic
C100636,2025-07-25,Organic
C100637,2025-09-07,Organic
C100638,2025-02-17,Organic
C100639,2025-12-27,Google Ads
C100640,2025-11-08,Influencer
C100641,2025-10-05,Influencer
C100642,2025-10-17,Meta Ads
C100643,2025-09-29,Google Ads
C100644,2025-05-09,Influencer
C100645,2024-12-23,Influencer
C100646,2025-01-29,Organic
C100647,2025-03-13,Meta Ads
C100648,2025-07-04,Meta Ads
C100649,2024-12-28,Organic
C100650,2025-09-19,Meta Ads
C100651,2025-12-02,Meta Ads
C100652,2025-01-26,Google Ads
C100653,2025-01-06,Google Ads
C100654,2024-11-13,Influencer
C100655,2025-06-17,Influencer
C100656,2025-06-12,Organic
C100657,2025-09-18,Meta Ads
C100658,2025-12-03,Meta Ads
C100659,2024-12-27,Meta Ads
C100660,2026-01-05,Meta Ads
C100661,2025-12-09,Influencer
C100662,2025-12-24,Referral
C100663,2025-09-01,Meta Ads
C100664,2025-11-06,Meta Ads
C100665,2025-08-25,Influencer
C100666,2024-12-12,Organic
C100667,2025-09-17,Google Ads
C100668,2025-09-25,Google Ads
C100669,2024-10-20,Meta Ads
C100670,2025-09-12,Meta Ads
C100671,2025-07-23,Organic
C100672,2025-05-29,Referral
C100673,2025-11-19,Influencer
C100674,2024-12-10,Google Ads
C100675,2025-05-09,Meta Ads
C100676,2025-03-23,Google Ads
C100677,2025-01-31,Meta Ads
C100678,2025-03-05,Meta Ads
C100679,2025-07-29,Meta Ads
C100680,2026-01-05,Organic
C100681,2025-07-19,Influencer
C100682,2025-01-03,Meta Ads
C100683,2026-01-07,Google Ads
C100684,2025-02-19,Google Ads
C100685,2025-11-23,Meta Ads
C100686,2024-11-04,Meta Ads
C100687,2024-12-16,Influencer
C100688,2025-09-03,Organic
C100689,2025-10-10,Influencer
C100690,2025-11-21,Referral
C100691,2025-04-06,Organic
C100692,2024-11-13,Google Ads
C100693,2025-09-16,Google Ads
C100694,2025-03-20,Meta Ads
C100695,2025-06-09,Influencer
C100696,2025-10-11,Influencer
C100697,2025-12-31,Meta Ads
C100698,2025-11-23,Google Ads
C100699,2025-02-06,Organic
C100700,2025-08-30,Google Ads
C100701,2025-01-20,Meta Ads
C100702,2024-12-28,Meta Ads
C100703,2025-11-04,Meta Ads
C100704,2025-05-28,Google Ads
C100705,2025-09-08,Influencer
C100706,2024-10-18,Meta Ads
C100707,2025-01-18,Google Ads
C100708,2025-09-12,Influencer
C100709,2025-12-11,Google Ads
C100710,2025-03-02,Influencer
C100711,2025-01-01,Meta Ads
C100712,2025-07-05,Meta Ads
C100713,2026-01-18,Meta Ads
C100714,2024-10-22,Organic
C100715,2024-11-10,Google Ads
C100716,2026-01-24,Referral
C100717,2024-10-10,Meta Ads
C100718,2025-03-19,Organic
C100719,2025-08-06,Google Ads
C100720,2025-12-26,Meta Ads
C100721,2025-09-18,Meta Ads
C100722,2025-02-02,Meta Ads
C100723,2025-01-08,Influencer
C100724,2024-12-04,Google Ads
C100725,2025-10-24,Meta Ads
C100726,2025-04-16,Influencer
C100727,2025-10-04,Meta Ads
C100728,2025-04-17,Google Ads
C100729,2025-04-06,Influencer
C100730,2025-12-14,Meta Ads
C100731,2025-02-02,Google Ads
C100732,2025-12-25,Google Ads
C100733,2025-12-20,Influencer
C100734,2025-09-03,Meta Ads
C100735,2025-11-17,Google Ads
C100736,2025-12-14,Meta Ads
C100737,2025-05-08,Google Ads
C100738,2024-11-09,Influencer
C100739,2025-01-15,Meta Ads
C100740,2024-10-16,Google Ads
C100741,2025-01-06,Google Ads
C100742,2025-03-22,Google Ads
C100743,2025-09-04,Influencer
C100744,2025-10-04,Meta Ads
C100745,2025-12-06,Organic
C100746,2025-05-14,Influencer
C100747,2025-08-08,Meta Ads
C100748,2025-11-29,Google Ads
C100749,2026-01-14,Organic
C100750,2024-10-25,Google Ads
C100751,2026-02-06,Organic
C100752,2025-01-24,Meta Ads
C100753,2024-11-17,Referral
C100754,2025-02-19,Influencer
C100755,2024-12-22,Meta Ads
C100756,2024-10-23,Meta Ads
C100757,2025-07-05,Meta Ads
C100758,2026-02-06,Meta Ads
C100759,2025-03-22,Organic
C100760,2025-11-01,Meta Ads
C100761,2025-02-05,Meta Ads
C100762,2025-12-17,Referral
C100763,2025-09-20,Google Ads
C100764,2025-11-10,Referral
C100765,2026-01-25,Influencer
C100766,2024-10-26,Influencer
C100767,2026-01-07,Google Ads
C100768,2026-01-14,Google Ads
C100769,2025-06-21,Organic
C100770,2025-08-06,Google Ads
C100771,2025-06-27,Referral
C100772,2026-01-15,Referral
C100773,2025-05-09,Organic
C100774,2025-10-08,Meta Ads
C100775,2025-10-24,Influencer
C100776,2024-11-07,Google Ads
C100777,2025-03-06,Meta Ads
C100778,2025-07-26,Meta Ads
C100779,2025-06-24,Meta Ads
C100780,2025-11-06,Meta Ads
C100781,2025-10-10,Organic
C100782,2025-02-02,Meta Ads
C100783,2025-11-22,Influencer
C100784,2025-11-09,Organic
C100785,2025-05-25,Influencer
C100786,2025-11-11,Meta Ads
C100787,2026-01-31,Google Ads
C100788,2025-10-11,Influencer
C100789,2024-11-12,Influencer
C100790,2025-02-14,Organic
C100791,2024-11-02,Organic
C100792,2024-12-30,Google Ads
C100793,2025-07-29,Influencer
C100794,2025-02-10,Organic
C100795,2024-10-06,Meta Ads
C100796,2025-06-19,Meta Ads
C100797,2025-09-27,Referral
C100798,2025-09-29,Influencer
C100799,2025-11-17,Google Ads
C100800,2025-12-21,Meta Ads
C100801,2025-08-21,Meta Ads
C100802,2025-04-03,Influencer
C100803,2025-04-12,Google Ads
C100804,2024-12-06,Google Ads
C100805,2024-10-23,Google Ads
C100806,2024-11-16,Meta Ads
C100807,2025-01-10,Referral
C100808,2025-12-17,Organic
C100809,2026-01-12,Organic
C100810,2025-02-06,Influencer
C100811,2025-02-09,Referral
C100812,2025-02-01,Google Ads
C100813,2025-05-17,Meta Ads
C100814,2026-01-24,Organic
C100815,2025-07-31,Organic
C100816,2025-05-16,Meta Ads
C100817,2025-05-12,Google Ads
C100818,2025-04-02,Google Ads
C100819,2025-06-17,Google Ads
C100820,2025-10-20,Influencer
C100821,2026-01-12,Organic
C100822,2025-06-05,Google Ads
C100823,2025-05-13,Meta Ads
C100824,2025-06-21,Referral
C100825,2025-05-18,Google Ads
C100826,2025-12-16,Meta Ads
C100827,2024-11-09,Organic
C100828,2025-08-26,Meta Ads
C100829,2025-09-15,Google Ads
C100830,2025-06-07,Organic
C100831,2025-10-23,Google Ads
C100832,2025-10-08,Meta Ads
C100833,2025-02-25,Influencer
C100834,2025-10-09,Meta Ads
C100835,2025-12-02,Organic
C100836,2025-05-25,Meta Ads
C100837,2025-11-08,Influencer
C100838,2025-11-26,Google Ads
C100839,2025-11-30,Influencer
C100840,2026-01-05,Influencer
C100841,2024-10-13,Google Ads
C100842,2025-06-15,Meta Ads
C100843,2024-10-02,Meta Ads
C100844,2025-01-11,Meta Ads
C100845,2025-01-20,Google Ads
C100846,2025-10-07,Google Ads
C100847,2025-02-19,Influencer
C100848,2025-11-14,Meta Ads
C100849,2024-11-20,Google Ads
C100850,2025-03-05,Meta Ads
C100851,2024-11-10,Google Ads
C100852,2025-02-04,Google Ads
C100853,2025-05-05,Meta Ads
C100854,2025-10-30,Meta Ads
C100855,2026-01-28,Influencer
C100856,2025-04-12,Influencer
C100857,2026-01-07,Google Ads
C100858,2025-05-15,Influencer
C100859,2025-06-04,Referral
C100860,2025-05-20,Meta Ads
C100861,2024-11-15,Influencer
C100862,2025-07-23,Organic
C100863,2024-11-27,Organic
C100864,2025-10-15,Influencer
C100865,2025-11-19,Influencer
C100866,2025-03-09,Google Ads
C100867,2025-09-15,Meta Ads
C100868,2025-12-07,Organic
C100869,2025-03-24,Influencer
C100870,2025-03-10,Meta Ads
C100871,2025-05-17,Meta Ads
C100872,2024-10-09,Influencer
C100873,2025-07-29,Influencer
C100874,2025-01-21,Meta Ads
C100875,2025-06-29,Organic
C100876,2025-09-13,Google Ads
C100877,2025-06-12,Influencer
C100878,2024-11-22,Google Ads
C100879,2024-11-18,Meta Ads
C100880,2024-10-28,Influencer
C100881,2025-05-23,Meta Ads
C100882,2025-02-04,Organic
C100883,2026-01-05,Google Ads
C100884,2025-09-29,Meta Ads
C100885,2025-08-17,Google Ads
C100886,2026-01-12,Influencer
C100887,2024-11-18,Google Ads
C100888,2025-08-03,Meta Ads
C100889,2026-01-10,Meta Ads
C100890,2025-10-19,Organic
C100891,2025-07-30,Google Ads
C100892,2025-11-11,Influencer
C100893,2025-02-24,Google Ads
C100894,2025-04-24,Meta Ads
C100895,2024-12-31,Meta Ads
C100896,2025-06-02,Organic
C100897,2024-11-19,Meta Ads
C100898,2024-11-07,Organic
C100899,2025-02-25,Meta Ads
C100900,2025-03-06,Meta Ads
C100901,2025-08-03,Google Ads
C100902,2025-03-10,Referral
C100903,2025-05-12,Organic
C100904,2025-01-05,Influencer
C100905,2025-04-18,Influencer
C100906,2024-10-05,Organic
C100907,2025-12-16,Google Ads
C100908,2025-07-06,Google Ads
C100909,2025-06-30,Google Ads
C100910,2025-06-08,Google Ads
C100911,2025-04-25,Referral
C100912,2025-08-24,Organic
C100913,2024-10-11,Google Ads
C100914,2025-06-13,Meta Ads
C100915,2025-02-09,Organic
C100916,2025-02-01,Meta Ads
C100917,2025-04-29,Google Ads
C100918,2025-06-07,Influencer
C100919,2026-01-19,Google Ads
C100920,2025-06-12,Meta Ads
C100921,2025-07-12,Meta Ads
C100922,2024-12-03,Meta Ads
C100923,2024-11-24,Google Ads
C100924,2025-10-20,Google Ads
C100925,2025-10-20,Referral
C100926,2025-12-03,Influencer
C100927,2025-11-07,Meta Ads
C100928,2025-12-17,Influencer
C100929,2024-12-03,Google Ads
C100930,2024-12-09,Referral
C100931,2025-05-27,Influencer
C100932,2025-12-06,Google Ads
C100933,2025-04-18,Meta Ads
C100934,2025-10-22,Meta Ads
C100935,2025-04-17,Influencer
C100936,2025-03-27,Meta Ads
C100937,2024-12-25,Google Ads
C100938,2025-09-03,Influencer
C100939,2025-08-10,Google Ads
C100940,2025-11-28,Meta Ads
C100941,2024-12-21,Google Ads
C100942,2025-05-12,Google Ads
C100943,2025-07-24,Organic
C100944,2024-11-22,Influencer
C100945,2024-12-04,Meta Ads
C100946,2025-09-05,Meta Ads
C100947,2025-08-12,Meta Ads
C100948,2025-05-28,Organic
C100949,2024-10-11,Meta Ads
C100950,2025-01-07,Meta Ads
C100951,2025-06-03,Meta Ads
C100952,2025-07-29,Influencer
C100953,2025-09-28,Referral
C100954,2024-10-15,Meta Ads
C100955,2025-12-23,Influencer
C100956,2025-03-12,Google Ads
C100957,2025-12-07,Influencer
C100958,2024-10-21,Meta Ads
C100959,2025-10-04,Google Ads
C100960,2025-05-22,Influencer
C100961,2025-10-03,Google Ads
C100962,2024-10-12,Meta Ads
C100963,2025-06-03,Referral
C100964,2024-12-03,Meta Ads
C100965,2025-12-20,Referral
C100966,2025-04-07,Meta Ads
C100967,2025-02-22,Influencer
C100968,2025-01-18,Meta Ads
C100969,2025-08-17,Google Ads
C100970,2025-04-19,Google Ads
C100971,2024-12-09,Meta Ads
C100972,2025-02-14,Meta Ads
C100973,2025-01-12,Referral
C100974,2025-09-25,Google Ads
C100975,2024-12-30,Meta Ads
C100976,2025-08-16,Google Ads
C100977,2025-05-20,Organic
C100978,2025-10-31,Organic
C100979,2025-04-29,Meta Ads
C100980,2026-02-04,Referral
C100981,2024-12-11,Meta Ads
C100982,2025-04-08,Organic
C100983,2025-06-09,Referral
C100984,2024-12-17,Meta Ads
C100985,2025-03-25,Meta Ads
C100986,2025-03-27,Meta Ads
C100987,2025-11-25,Google Ads
C100988,2025-05-18,Meta Ads
C100989,2025-08-21,Meta Ads
C100990,2025-03-01,Google Ads
C100991,2025-04-18,Meta Ads
C100992,2024-11-27,Meta Ads
C100993,2025-11-26,Meta Ads
C100994,2025-06-12,Meta Ads
C100995,2025-09-08,Influencer
C100996,2025-05-13,Meta Ads
C100997,2025-06-30,Google Ads
C100998,2025-01-27,Meta Ads
C100999,2025-12-18,Influencer
C101000,2025-08-20,Google Ads
C101001,2025-01-01,Meta Ads
C101002,2025-04-09,Organic
C101003,2025-01-17,Meta Ads
C101004,2026-01-27,Organic
C101005,2024-10-14,Referral
C101006,2026-02-07,Google Ads
C101007,2024-10-29,Influencer
C101008,2025-01-05,Google Ads
C101009,2025-05-30,Organic
C101010,2025-10-19,Meta Ads
C101011,2025-12-29,Google Ads
C101012,2025-09-10,Influencer
C101013,2025-05-10,Meta Ads
C101014,2025-04-01,Google Ads
C101015,2024-10-29,Organic
C101016,2025-01-22,Meta Ads
C101017,2025-07-24,Meta Ads
C101018,2024-12-28,Meta Ads
C101019,2025-04-12,Meta Ads
C101020,2025-09-23,Referral
C101021,2025-10-11,Organic
C101022,2025-10-29,Influencer
C101023,2025-07-29,Google Ads
C101024,2026-01-06,Influencer
C101025,2025-04-09,Meta Ads
C101026,2025-09-01,Meta Ads
C101027,2025-09-28,Organic
C101028,2025-05-07,Google Ads
C101029,2025-02-22,Influencer
C101030,2024-10-31,Google Ads
C101031,2025-06-05,Google Ads
C101032,2025-09-17,Meta Ads
C101033,2025-11-16,Google Ads
C101034,2025-08-08,Influencer
C101035,2025-01-10,Google Ads
C101036,2025-03-04,Influencer
C101037,2026-01-14,Referral
C101038,2025-11-27,Google Ads
C101039,2026-01-31,Influencer
C101040,2025-12-05,Referral
C101041,2025-06-19,Google Ads
C101042,2024-11-11,Referral
C101043,2024-12-22,Referral
C101044,2025-02-25,Meta Ads
C101045,2025-05-12,Organic
C101046,2025-05-24,Meta Ads
C101047,2025-05-12,Organic
C101048,2025-04-17,Meta Ads
C101049,2026-02-02,Referral
C101050,2025-08-23,Meta Ads
C101051,2024-12-27,Meta Ads
C101052,2025-05-14,Influencer
C101053,2025-04-29,Meta Ads
C101054,2025-04-25,Influencer
C101055,2025-09-13,Influencer
C101056,2025-06-28,Google Ads
C101057,2025-12-07,Meta Ads
C101058,2024-10-22,Google Ads
C101059,2024-12-18,Organic
C101060,2025-06-02,Meta Ads
C101061,2026-02-11,Referral
C101062,2025-02-19,Meta Ads
C101063,2024-11-04,Influencer
C101064,2025-05-15,Google Ads
C101065,2025-06-06,Google Ads
C101066,2025-11-17,Meta Ads
C101067,2025-03-06,Organic
C101068,2024-11-04,Organic
C101069,2025-07-20,Meta Ads
C101070,2026-01-04,Meta Ads
C101071,2025-12-26,Google Ads
C101072,2024-10-14,Google Ads
C101073,2025-03-21,Google Ads
C101074,2025-04-08,Meta Ads
C101075,2024-11-09,Meta Ads
C101076,2025-10-08,Referral
C101077,2025-02-27,Google Ads
C101078,2025-03-01,Meta Ads
C101079,2024-11-13,Influencer
C101080,2026-01-20,Meta Ads
C101081,2024-10-04,Meta Ads
C101082,2026-01-18,Meta Ads
C101083,2025-10-13,Influencer
C101084,2025-10-28,Organic
C101085,2025-12-28,Organic
C101086,2025-12-22,Google Ads
C101087,2025-01-24,Google Ads
C101088,2024-11-30,Organic
C101089,2025-12-28,Referral
C101090,2024-12-19,Organic
C101091,2025-11-04,Google Ads
C101092,2025-01-06,Meta Ads
C101093,2025-02-05,Organic
C101094,2025-01-19,Meta Ads
C101095,2024-12-25,Referral
C101096,2025-08-22,Referral
C101097,2025-01-19,Meta Ads
C101098,2025-07-19,Organic
C101099,2025-04-26,Organic
C101100,2026-01-04,Organic
C101101,2025-06-27,Google Ads
C101102,2024-12-25,Meta Ads
C101103,2025-11-10,Influencer
C101104,2024-11-20,Meta Ads
C101105,2026-01-23,Meta Ads
C101106,2025-04-11,Google Ads
C101107,2026-01-04,Google Ads
C101108,2025-01-15,Influencer
C101109,2025-09-29,Google Ads
C101110,2026-01-08,Google Ads
C101111,2025-02-09,Referral
C101112,2024-10-06,Influencer
C101113,2025-05-05,Organic
C101114,2024-11-16,Meta Ads
C101115,2025-08-30,Meta Ads
C101116,2025-02-20,Google Ads
C101117,2024-12-15,Influencer
C101118,2024-12-17,Meta Ads
C101119,2026-02-07,Meta Ads
C101120,2026-01-06,Meta Ads
C101121,2025-12-25,Referral
C101122,2025-06-17,Referral
C101123,2025-03-31,Organic
C101124,2025-11-20,Meta Ads
C101125,2026-01-14,Meta Ads
C101126,2025-10-30,Google Ads
C101127,2025-09-17,Google Ads
C101128,2026-02-07,Meta Ads
C101129,2024-11-25,Google Ads
C101130,2024-12-10,Meta Ads
C101131,2025-06-08,Meta Ads
C101132,2025-12-02,Organic
C101133,2025-03-05,Meta Ads
C101134,2025-03-11,Google Ads
C101135,2025-08-17,Meta Ads
C101136,2025-01-29,Influencer
C101137,2024-12-09,Google Ads
C101138,2025-05-12,Meta Ads
C101139,2025-05-19,Google Ads
C101140,2025-10-06,Meta Ads
C101141,2025-01-14,Organic
C101142,2025-05-12,Meta Ads
C101143,2025-07-14,Meta Ads
C101144,2025-12-18,Meta Ads
C101145,2025-06-17,Meta Ads
C101146,2025-01-29,Meta Ads
C101147,2025-01-11,Google Ads
C101148,2025-11-01,Meta Ads
C101149,2025-06-24,Organic
C101150,2025-05-04,Influencer
C101151,2024-11-08,Influencer
C101152,2025-12-01,Referral
C101153,2025-10-01,Meta Ads
C101154,2025-10-31,Google Ads
C101155,2025-02-09,Meta Ads
C101156,2026-01-18,Organic
C101157,2025-07-09,Organic
C101158,2024-12-06,Influencer
C101159,2024-11-01,Meta Ads
C101160,2025-08-06,Referral
C101161,2025-01-02,Meta Ads
C101162,2025-06-25,Meta Ads
C101163,2024-11-16,Meta Ads
C101164,2024-11-25,Organic
C101165,2024-12-04,Organic
C101166,2025-05-18,Influencer
C101167,2025-05-02,Google Ads
C101168,2025-05-10,Google Ads
C101169,2025-08-23,Meta Ads
C101170,2025-04-08,Meta Ads
C101171,2024-12-19,Organic
C101172,2025-11-01,Referral
C101173,2025-11-06,Influencer
C101174,2026-01-13,Organic
C101175,2025-02-25,Organic
C101176,2025-07-20,Meta Ads
C101177,2024-11-25,Meta Ads
C101178,2025-04-24,Google Ads
C101179,2025-07-17,Referral
C101180,2025-08-02,Meta Ads
C101181,2025-06-03,Meta Ads
C101182,2025-04-19,Google Ads
C101183,2025-02-22,Influencer
C101184,2026-02-11,Referral
C101185,2025-05-29,Google Ads
C101186,2026-01-20,Meta Ads
C101187,2024-12-10,Referral
C101188,2025-03-21,Organic
C101189,2025-02-16,Meta Ads
C101190,2025-02-22,Meta Ads
C101191,2024-11-17,Organic
C101192,2025-09-22,Influencer
C101193,2025-10-25,Referral
C101194,2026-01-30,Organic
C101195,2026-01-16,Organic
C101196,2024-10-15,Influencer
C101197,2025-06-12,Google Ads
C101198,2024-12-17,Referral
C101199,2025-06-04,Google Ads
C101200,2024-11-27,Google Ads
C101201,2025-10-02,Google Ads
C101202,2024-10-14,Meta Ads
C101203,2025-08-08,Meta Ads
C101204,2026-02-01,Referral
C101205,2025-07-29,Meta Ads
C101206,2024-12-11,Referral
C101207,2025-04-05,Meta Ads
C101208,2025-04-11,Google Ads
C101209,2025-11-08,Influencer
C101210,2025-07-13,Meta Ads
C101211,2025-01-15,Influencer
C101212,2025-12-07,Meta Ads
C101213,2025-10-23,Influencer
C101214,2025-06-30,Meta Ads
C101215,2025-09-17,Referral
C101216,2025-02-03,Referral
C101217,2025-06-18,Google Ads
C101218,2025-02-23,Referral
C101219,2025-05-20,Meta Ads
C101220,2025-06-08,Influencer
C101221,2025-03-18,Influencer
C101222,2024-12-27,Meta Ads
C101223,2025-01-17,Google Ads
C101224,2025-11-18,Google Ads
C101225,2025-12-28,Organic
C101226,2025-09-22,Organic
C101227,2025-10-24,Meta Ads
C101228,2025-06-01,Influencer
C101229,2025-10-15,Meta Ads
C101230,2025-03-27,Meta Ads
C101231,2024-12-15,Google Ads
C101232,2025-09-30,Meta Ads
C101233,2025-01-16,Google Ads
C101234,2025-04-15,Google Ads
C101235,2025-09-21,Meta Ads
C101236,2025-09-23,Organic
C101237,2025-10-07,Meta Ads
C101238,2025-08-17,Referral
C101239,2026-01-29,Influencer
C101240,2024-12-20,Meta Ads
C101241,2025-12-08,Meta Ads
C101242,2026-02-08,Organic
C101243,2025-09-08,Influencer
C101244,2024-10-04,Referral
C101245,2025-11-28,Influencer
C101246,2025-07-07,Meta Ads
C101247,2025-12-19,Meta Ads
C101248,2025-12-31,Meta Ads
C101249,2025-03-09,Google Ads
C101250,2025-10-14,Referral
C101251,2025-07-03,Organic
C101252,2026-02-07,Referral
C101253,2025-10-13,Google Ads
C101254,2026-01-11,Google Ads
C101255,2025-08-16,Meta Ads
C101256,2026-01-28,Meta Ads
C101257,2025-06-09,Meta Ads
C101258,2025-10-11,Google Ads
C101259,2024-10-13,Referral
C101260,2025-08-27,Meta Ads
C101261,2025-02-21,Meta Ads
C101262,2026-01-02,Meta Ads
C101263,2025-03-08,Referral
C101264,2025-05-30,Google Ads
C101265,2025-06-26,Influencer
C101266,2025-12-25,Organic
C101267,2025-01-07,Influencer
C101268,2025-12-11,Google Ads
C101269,2025-07-30,Influencer
C101270,2025-06-06,Organic
C101271,2025-06-10,Meta Ads
C101272,2025-10-02,Organic
C101273,2026-01-31,Google Ads
C101274,2025-12-08,Organic
C101275,2025-10-14,Meta Ads
C101276,2025-06-13,Organic
C101277,2025-07-15,Meta Ads
C101278,2025-03-24,Meta Ads
C101279,2025-10-28,Meta Ads
C101280,2025-09-06,Meta Ads
C101281,2025-08-07,Google Ads
C101282,2026-01-23,Organic
C101283,2025-04-07,Meta Ads
C101284,2025-06-05,Organic
C101285,2025-01-16,Google Ads
C101286,2025-11-14,Organic
C101287,2025-10-04,Influencer
C101288,2025-10-24,Influencer
C101289,2024-10-13,Organic
C101290,2025-06-05,Meta Ads
C101291,2026-01-03,Meta Ads
C101292,2025-09-25,Influencer
C101293,2025-09-27,Google Ads
C101294,2024-10-29,Influencer
C101295,2025-09-01,Influencer
C101296,2026-01-26,Influencer
C101297,2025-09-29,Google Ads
C101298,2024-11-07,Influencer
C101299,2025-02-04,Organic
C101300,2025-04-02,Influencer
C101301,2025-10-01,Referral
C101302,2025-11-09,Organic
C101303,2026-01-26,Google Ads
C101304,2025-08-12,Organic
C101305,2024-12-29,Referral
C101306,2024-12-01,Organic
C101307,2025-05-08,Referral
C101308,2025-06-04,Meta Ads
C101309,2025-05-31,Google Ads
C101310,2026-01-25,Google Ads
C101311,2026-01-19,Influencer
C101312,2025-06-28,Referral
C101313,2025-11-24,Referral
C101314,2025-08-23,Referral
C101315,2025-11-18,Meta Ads
C101316,2024-12-03,Meta Ads
C101317,2025-09-05,Meta Ads
C101318,2026-01-19,Meta Ads
C101319,2025-03-28,Google Ads
C101320,2025-06-11,Influencer
C101321,2024-10-16,Meta Ads
C101322,2025-06-01,Meta Ads
C101323,2025-04-01,Google Ads
C101324,2025-10-15,Google Ads
C101325,2024-12-06,Influencer
C101326,2024-10-19,Organic
C101327,2025-02-24,Influencer
C101328,2025-11-11,Organic
C101329,2025-02-01,Referral
C101330,2024-11-13,Google Ads
C101331,2024-12-01,Meta Ads
C101332,2024-11-29,Organic
C101333,2024-12-21,Influencer
C101334,2025-01-12,Meta Ads
C101335,2025-07-10,Organic
C101336,2025-07-07,Meta Ads
C101337,2025-12-20,Influencer
C101338,2025-07-13,Google Ads
C101339,2025-08-17,Referral
C101340,2026-01-12,Meta Ads
C101341,2024-11-12,Referral
C101342,2026-02-07,Google Ads
C101343,2025-10-28,Meta Ads
C101344,2025-10-10,Meta Ads
C101345,2024-11-12,Referral
C101346,2024-12-08,Referral
C101347,2025-11-12,Meta Ads
C101348,2025-08-16,Google Ads
C101349,2025-05-26,Referral
C101350,2025-10-19,Meta Ads
C101351,2026-01-26,Influencer
C101352,2025-03-18,Meta Ads
C101353,2025-08-28,Google Ads
C101354,2024-10-24,Google Ads
C101355,2026-01-14,Meta Ads
C101356,2024-12-03,Google Ads
C101357,2025-11-08,Google Ads
C101358,2026-02-10,Google Ads
C101359,2025-08-15,Google Ads
C101360,2026-01-13,Meta Ads
C101361,2025-04-02,Google Ads
C101362,2025-06-05,Meta Ads
C101363,2025-07-17,Meta Ads
C101364,2024-10-25,Meta Ads
C101365,2026-01-05,Organic
C101366,2025-03-05,Meta Ads
C101367,2024-11-24,Meta Ads
C101368,2025-02-01,Organic
C101369,2024-11-08,Meta Ads
C101370,2025-02-15,Influencer
C101371,2025-12-22,Meta Ads
C101372,2025-05-06,Influencer
C101373,2024-10-30,Google Ads
C101374,2026-02-11,Organic
C101375,2025-09-24,Meta Ads
C101376,2026-02-02,Influencer
C101377,2024-12-19,Organic
C101378,2026-01-24,Meta Ads
C101379,2025-05-07,Influencer
C101380,2025-06-05,Google Ads
C101381,2025-11-14,Google Ads
C101382,2024-10-25,Meta Ads
C101383,2025-04-05,Meta Ads
C101384,2025-11-09,Influencer
C101385,2025-01-22,Google Ads
C101386,2026-01-20,Referral
C101387,2025-06-15,Influencer
C101388,2025-03-18,Organic
C101389,2024-12-03,Meta Ads
C101390,2025-06-16,Meta Ads
C101391,2025-04-24,Meta Ads
C101392,2025-10-25,Organic
C101393,2025-12-30,Meta Ads
C101394,2025-07-28,Meta Ads
C101395,2025-08-20,Referral
C101396,2024-10-29,Influencer
C101397,2025-04-27,Referral
C101398,2025-03-26,Google Ads
C101399,2025-09-27,Meta Ads
C101400,2025-12-23,Meta Ads
C101401,2025-06-20,Google Ads
C101402,2025-08-04,Meta Ads
C101403,2025-06-26,Google Ads
C101404,2024-11-02,Meta Ads
C101405,2025-03-30,Meta Ads
C101406,2025-05-21,Organic
C101407,2024-11-03,Organic
C101408,2025-12-29,Influencer
C101409,2025-03-30,Referral
C101410,2025-10-18,Meta Ads
C101411,2026-01-01,Influencer
C101412,2025-07-29,Meta Ads
C101413,2025-10-12,Meta Ads
C101414,2025-07-22,Google Ads
C101415,2026-01-11,Meta Ads
C101416,2025-04-21,Google Ads
C101417,2025-12-16,Meta Ads
C101418,2025-07-03,Meta Ads
C101419,2024-12-27,Meta Ads
C101420,2024-12-28,Meta Ads
C101421,2025-07-23,Influencer
C101422,2025-03-01,Meta Ads
C101423,2024-10-19,Meta Ads
C101424,2025-11-16,Google Ads
C101425,2024-12-14,Meta Ads
C101426,2025-04-01,Referral
C101427,2025-07-01,Meta Ads
C101428,2026-02-02,Meta Ads
C101429,2025-06-22,Organic
C101430,2025-03-24,Google Ads
C101431,2025-12-09,Google Ads
C101432,2025-02-10,Google Ads
C101433,2025-10-06,Google Ads
C101434,2025-02-17,Referral
C101435,2025-07-28,Meta Ads
C101436,2025-10-19,Influencer
C101437,2025-09-16,Influencer
C101438,2025-06-30,Meta Ads
C101439,2025-10-22,Meta Ads
C101440,2025-06-26,Organic
C101441,2024-11-23,Organic
C101442,2024-11-12,Meta Ads
C101443,2024-11-08,Referral
C101444,2024-11-09,Referral
C101445,2025-12-31,Meta Ads
C101446,2024-12-17,Meta Ads
C101447,2025-04-12,Influencer
C101448,2025-06-15,Meta Ads
C101449,2024-11-24,Meta Ads
C101450,2024-10-25,Influencer
C101451,2025-05-01,Organic
C101452,2025-07-26,Organic
C101453,2024-12-09,Influencer
C101454,2025-02-23,Google Ads
C101455,2025-07-22,Meta Ads
C101456,2025-09-18,Referral
C101457,2025-03-30,Referral
C101458,2025-10-29,Meta Ads
C101459,2024-10-22,Google Ads
C101460,2025-04-14,Organic
C101461,2025-08-10,Influencer
C101462,2025-10-02,Meta Ads
C101463,2024-11-07,Google Ads
C101464,2025-02-16,Google Ads
C101465,2025-01-01,Meta Ads
C101466,2025-10-14,Meta Ads
C101467,2025-02-07,Organic
C101468,2024-12-14,Influencer
C101469,2025-10-06,Influencer
C101470,2025-11-16,Meta Ads
C101471,2025-07-28,Meta Ads
C101472,2025-05-25,Referral
C101473,2025-01-31,Google Ads
C101474,2024-12-17,Google Ads
C101475,2025-11-07,Organic
C101476,2024-10-22,Meta Ads
C101477,2024-11-09,Meta Ads
C101478,2026-01-08,Referral
C101479,2024-10-28,Google Ads
C101480,2025-04-12,Meta Ads
C101481,2025-11-27,Google Ads
C101482,2025-02-11,Meta Ads
C101483,2026-01-08,Influencer
C101484,2024-12-09,Meta Ads
C101485,2025-02-04,Meta Ads
C101486,2025-02-06,Google Ads
C101487,2025-07-26,Referral
C101488,2025-05-27,Referral
C101489,2024-11-26,Meta Ads
C101490,2025-08-02,Google Ads
C101491,2025-08-17,Meta Ads
C101492,2025-03-10,Google Ads
C101493,2025-02-06,Meta Ads
C101494,2024-11-17,Organic
C101495,2025-11-02,Meta Ads
C101496,2025-07-12,Meta Ads
C101497,2024-11-16,Meta Ads
C101498,2025-08-15,Meta Ads
C101499,2025-03-11,Google Ads
C101500,2025-08-11,Organic
C101501,2025-10-01,Google Ads
C101502,2025-09-23,Organic
C101503,2026-02-10,Organic
C101504,2025-04-14,Organic
C101505,2025-03-05,Meta Ads
C101506,2025-03-25,Google Ads
C101507,2026-02-10,Meta Ads
C101508,2025-03-03,Organic
C101509,2025-04-22,Google Ads
C101510,2025-07-20,Google Ads
C101511,2024-12-29,Google Ads
C101512,2025-06-12,Meta Ads
C101513,2025-04-15,Google Ads
C101514,2025-04-29,Meta Ads
C101515,2025-11-24,Meta Ads
C101516,2025-11-06,Referral
C101517,2025-07-29,Influencer
C101518,2024-12-19,Google Ads
C101519,2025-03-31,Organic
C101520,2025-10-15,Meta Ads
C101521,2025-07-24,Google Ads
C101522,2025-04-18,Organic
C101523,2024-12-16,Organic
C101524,2024-10-18,Meta Ads
C101525,2026-01-26,Organic
C101526,2025-09-08,Google Ads
C101527,2025-12-02,Meta Ads
C101528,2025-04-19,Influencer
C101529,2025-02-03,Meta Ads
C101530,2025-04-29,Influencer
C101531,2025-02-20,Google Ads
C101532,2024-11-23,Meta Ads
C101533,2025-09-03,Meta Ads
C101534,2025-12-11,Organic
C101535,2024-10-11,Meta Ads
C101536,2026-01-05,Google Ads
C101537,2024-11-20,Meta Ads
C101538,2025-11-29,Google Ads
C101539,2026-01-19,Google Ads
C101540,2025-11-24,Organic
C101541,2026-01-26,Referral
C101542,2024-12-10,Influencer
C101543,2025-01-06,Organic
C101544,2025-11-09,Influencer
C101545,2025-11-29,Organic
C101546,2025-02-13,Meta Ads
C101547,2025-06-11,Organic
C101548,2026-01-09,Influencer
C101549,2024-11-28,Meta Ads
C101550,2025-10-01,Meta Ads
C101551,2024-11-04,Organic
C101552,2025-03-27,Organic
C101553,2025-08-05,Influencer
C101554,2025-06-13,Meta Ads
C101555,2025-01-20,Referral
C101556,2025-06-23,Google Ads
C101557,2025-05-30,Influencer
C101558,2024-11-19,Meta Ads
C101559,2026-01-31,Google Ads
C101560,2025-02-23,Meta Ads
C101561,2024-10-05,Meta Ads
C101562,2025-04-29,Meta Ads
C101563,2026-01-25,Meta Ads
C101564,2025-05-26,Referral
C101565,2026-01-26,Organic
C101566,2025-11-06,Meta Ads
C101567,2025-03-13,Meta Ads
C101568,2025-04-05,Referral
C101569,2025-08-29,Google Ads
C101570,2025-08-16,Meta Ads
C101571,2026-02-05,Google Ads
C101572,2025-06-07,Meta Ads
C101573,2025-09-01,Organic
C101574,2025-04-14,Google Ads
C101575,2025-09-28,Meta Ads
C101576,2025-08-09,Organic
C101577,2026-02-02,Meta Ads
C101578,2025-09-30,Influencer
C101579,2025-06-15,Google Ads
C101580,2025-08-04,Google Ads
C101581,2025-03-16,Google Ads
C101582,2025-01-12,Meta Ads
C101583,2025-08-18,Influencer
C101584,2026-02-04,Influencer
C101585,2025-12-13,Influencer
C101586,2025-08-01,Google Ads
C101587,2025-04-16,Referral
C101588,2024-12-29,Organic
C101589,2025-08-04,Influencer
C101590,2025-05-19,Meta Ads
C101591,2025-07-29,Google Ads
C101592,2025-10-24,Meta Ads
C101593,2026-01-01,Meta Ads
C101594,2025-03-03,Referral
C101595,2024-11-25,Meta Ads
C101596,2025-05-09,Referral
C101597,2024-12-31,Organic
C101598,2025-11-20,Meta Ads
C101599,2024-12-06,Meta Ads
C101600,2025-06-05,Organic
C101601,2025-03-25,Influencer
C101602,2024-10-19,Google Ads
C101603,2025-12-14,Meta Ads
C101604,2025-05-31,Organic
C101605,2024-11-05,Google Ads
C101606,2025-09-18,Google Ads
C101607,2025-02-09,Meta Ads
C101608,2024-11-03,Meta Ads
C101609,2025-08-27,Meta Ads
C101610,2024-12-02,Meta Ads
C101611,2025-01-30,Influencer
C101612,2025-02-17,Google Ads
C101613,2026-02-05,Influencer
C101614,2024-12-10,Google Ads
C101615,2025-01-09,Influencer
C101616,2025-11-02,Influencer
C101617,2025-01-08,Influencer
C101618,2025-03-30,Referral
C101619,2025-11-08,Google Ads
C101620,2025-08-05,Google Ads
C101621,2025-02-04,Organic
C101622,2024-10-04,Meta Ads
C101623,2025-01-27,Meta Ads
C101624,2026-02-04,Meta Ads
C101625,2025-12-09,Organic
C101626,2026-02-08,Organic
C101627,2025-10-08,Meta Ads
C101628,2024-11-29,Meta Ads
C101629,2025-12-07,Google Ads
C101630,2024-11-28,Google Ads
C101631,2025-12-01,Organic
C101632,2025-08-05,Google Ads
C101633,2024-11-01,Google Ads
C101634,2026-01-14,Meta Ads
C101635,2024-10-26,Influencer
C101636,2025-05-19,Google Ads
C101637,2024-10-18,Google Ads
C101638,2025-12-13,Influencer
C101639,2025-01-12,Meta Ads
C101640,2025-10-11,Google Ads
C101641,2025-01-07,Referral
C101642,2025-07-10,Influencer
C101643,2024-10-30,Google Ads
C101644,2026-02-03,Influencer
C101645,2025-01-16,Google Ads
C101646,2025-03-23,Meta Ads
C101647,2024-10-06,Google Ads
C101648,2024-11-03,Meta Ads
C101649,2024-11-02,Influencer
C101650,2024-11-08,Influencer
C101651,2025-07-28,Meta Ads
C101652,2025-12-19,Meta Ads
C101653,2025-06-14,Google Ads
C101654,2025-07-23,Organic
C101655,2025-08-30,Meta Ads
C101656,2025-12-29,Google Ads
C101657,2024-12-01,Organic
C101658,2024-12-31,Organic
C101659,2025-09-02,Organic
C101660,2025-01-08,Meta Ads
C101661,2025-03-11,Influencer
C101662,2025-07-03,Meta Ads
C101663,2025-06-24,Meta Ads
C101664,2025-08-15,Meta Ads
C101665,2026-01-24,Meta Ads
C101666,2024-11-08,Google Ads
C101667,2025-09-01,Referral
C101668,2025-09-10,Influencer
C101669,2024-10-06,Influencer
C101670,2026-02-03,Organic
C101671,2024-10-11,Influencer
C101672,2025-02-03,Google Ads
C101673,2025-09-15,Organic
C101674,2025-05-03,Google Ads
C101675,2025-09-16,Meta Ads
C101676,2025-12-07,Organic
C101677,2025-05-18,Influencer
C101678,2024-12-09,Organic
C101679,2025-09-06,Google Ads
C101680,2024-12-12,Referral
C101681,2025-08-12,Meta Ads
C101682,2025-06-24,Meta Ads
C101683,2025-04-24,Organic
C101684,2025-08-27,Meta Ads
C101685,2024-10-09,Influencer
C101686,2025-04-12,Referral
C101687,2026-02-08,Meta Ads
C101688,2025-08-10,Meta Ads
C101689,2024-12-30,Influencer
C101690,2024-11-20,Google Ads
C101691,2025-11-08,Meta Ads
C101692,2026-01-26,Meta Ads
C101693,2025-08-13,Google Ads
C101694,2025-04-06,Meta Ads
C101695,2025-07-07,Referral
C101696,2025-02-27,Google Ads
C101697,2025-03-06,Meta Ads
C101698,2025-07-07,Organic
C101699,2025-08-05,Influencer
C101700,2025-03-26,Influencer
C101701,2024-10-07,Meta Ads
C101702,2025-10-15,Google Ads
C101703,2025-10-28,Google Ads
C101704,2026-01-01,Google Ads
C101705,2025-07-15,Referral
C101706,2025-01-07,Meta Ads
C101707,2025-04-14,Meta Ads
C101708,2024-10-14,Meta Ads
C101709,2025-06-03,Influencer
C101710,2025-01-20,Referral
C101711,2025-01-24,Influencer
C101712,2025-05-31,Referral
C101713,2025-04-16,Meta Ads
C101714,2025-02-08,Meta Ads
C101715,2025-09-13,Referral
C101716,2025-11-02,Influencer
C101717,2024-10-23,Meta Ads
C101718,2025-01-24,Google Ads
C101719,2025-07-14,Meta Ads
C101720,2024-10-27,Meta Ads
C101721,2025-06-27,Organic
C101722,2025-09-10,Organic
C101723,2024-10-04,Google Ads
C101724,2025-11-01,Meta Ads
C101725,2024-11-18,Meta Ads
C101726,2025-03-14,Organic
C101727,2025-08-30,Influencer
C101728,2025-02-10,Influencer
C101729,2025-01-24,Google Ads
C101730,2025-05-12,Google Ads
C101731,2025-03-06,Referral
C101732,2025-09-06,Influencer
C101733,2025-07-26,Organic
C101734,2025-07-03,Google Ads
C101735,2024-10-01,Organic
C101736,2025-03-25,Google Ads
C101737,2025-03-11,Meta Ads
C101738,2025-07-19,Meta Ads
C101739,2025-04-16,Referral
C101740,2025-09-23,Influencer
C101741,2025-05-13,Meta Ads
C101742,2026-02-01,Meta Ads
C101743,2024-10-19,Organic
C101744,2025-03-22,Google Ads
C101745,2025-06-16,Google Ads
C101746,2026-01-18,Meta Ads
C101747,2025-12-25,Google Ads
C101748,2025-01-11,Meta Ads
C101749,2024-11-26,Influencer
C101750,2025-04-27,Meta Ads
C101751,2025-07-01,Organic
C101752,2025-12-24,Google Ads
C101753,2025-12-11,Google Ads
C101754,2025-01-24,Organic
C101755,2024-10-10,Influencer
C101756,2025-06-02,Google Ads
C101757,2025-07-17,Meta Ads
C101758,2025-11-02,Meta Ads
C101759,2025-07-02,Influencer
C101760,2025-06-25,Google Ads
C101761,2025-05-11,Meta Ads
C101762,2025-12-22,Meta Ads
C101763,2024-11-27,Referral
C101764,2025-07-11,Meta Ads
C101765,2025-03-08,Google Ads
C101766,2025-05-16,Organic
C101767,2025-11-06,Referral
C101768,2025-01-19,Meta Ads
C101769,2025-02-04,Influencer
C101770,2025-03-10,Meta Ads
C101771,2025-08-04,Organic
C101772,2025-10-19,Meta Ads
C101773,2025-07-27,Google Ads
C101774,2024-11-02,Meta Ads
C101775,2025-11-06,Influencer
C101776,2025-11-11,Google Ads
C101777,2025-05-12,Google Ads
C101778,2024-10-27,Influencer
C101779,2025-03-09,Organic
C101780,2025-09-27,Organic
C101781,2024-11-21,Influencer
C101782,2025-03-30,Google Ads
C101783,2024-10-10,Google Ads
C101784,2025-01-31,Meta Ads
C101785,2025-10-03,Meta Ads
C101786,2024-11-29,Meta Ads
C101787,2025-01-01,Google Ads
C101788,2025-08-21,Organic
C101789,2024-12-12,Meta Ads
C101790,2025-10-30,Google Ads
C101791,2026-02-07,Meta Ads
C101792,2025-06-22,Referral
C101793,2024-12-27,Influencer
C101794,2025-04-29,Referral
C101795,2026-01-24,Organic
C101796,2025-01-16,Meta Ads
C101797,2024-12-07,Google Ads
C101798,2025-03-25,Influencer
C101799,2025-05-03,Google Ads
C101800,2025-10-05,Google Ads
C101801,2024-10-16,Google Ads
C101802,2025-01-23,Google Ads
C101803,2025-12-28,Meta Ads
C101804,2025-01-15,Referral
C101805,2025-11-11,Meta Ads
C101806,2024-12-09,Google Ads
C101807,2025-06-21,Google Ads
C101808,2025-07-23,Google Ads
C101809,2024-10-03,Influencer
C101810,2024-11-26,Google Ads
C101811,2026-01-03,Meta Ads
C101812,2025-08-12,Influencer
C101813,2025-09-27,Influencer
C101814,2024-12-13,Influencer
C101815,2025-07-02,Google Ads
C101816,2025-03-03,Organic
C101817,2025-06-24,Influencer
C101818,2025-11-11,Influencer
C101819,2024-10-28,Google Ads
C101820,2025-05-15,Organic
C101821,2025-06-10,Meta Ads
C101822,2025-07-28,Referral
C101823,2025-04-21,Influencer
C101824,2025-07-13,Google Ads
C101825,2025-09-22,Google Ads
C101826,2025-01-28,Referral
C101827,2025-07-11,Google Ads
C101828,2025-09-07,Meta Ads
C101829,2025-12-21,Meta Ads
C101830,2025-01-20,Influencer
C101831,2024-12-15,Meta Ads
C101832,2026-02-01,Google Ads
C101833,2024-10-03,Meta Ads
C101834,2024-12-16,Organic
C101835,2024-10-04,Meta Ads
C101836,2024-10-23,Google Ads
C101837,2025-10-26,Influencer
C101838,2025-09-22,Influencer
C101839,2025-05-18,Referral
C101840,2024-12-30,Influencer
C101841,2026-01-26,Organic
C101842,2025-08-07,Influencer
C101843,2025-05-20,Meta Ads
C101844,2025-05-21,Influencer
C101845,2025-08-25,Meta Ads
C101846,2024-11-23,Google Ads
C101847,2024-10-16,Organic
C101848,2026-01-29,Organic
C101849,2024-11-21,Meta Ads
C101850,2026-02-05,Influencer
C101851,2025-02-07,Referral
C101852,2025-07-02,Google Ads
C101853,2025-02-13,Influencer
C101854,2025-12-10,Meta Ads
C101855,2025-08-14,Influencer
C101856,2025-04-29,Organic
C101857,2025-03-25,Meta Ads
C101858,2026-02-03,Meta Ads
C101859,2025-05-06,Organic
C101860,2025-02-13,Referral
C101861,2025-07-18,Google Ads
C101862,2025-03-10,Influencer
C101863,2025-03-11,Influencer
C101864,2025-11-19,Google Ads
C101865,2024-12-05,Meta Ads
C101866,2025-12-05,Google Ads
C101867,2025-03-28,Organic
C101868,2024-11-06,Google Ads
C101869,2024-10-21,Influencer
C101870,2024-12-15,Google Ads
C101871,2025-12-24,Google Ads
C101872,2025-12-16,Meta Ads
C101873,2025-10-24,Organic
C101874,2025-01-04,Organic
C101875,2026-01-29,Meta Ads
C101876,2025-11-10,Organic
C101877,2024-12-30,Organic
C101878,2024-10-21,Referral
C101879,2025-03-27,Influencer
C101880,2025-11-15,Google Ads
C101881,2026-02-02,Meta Ads
C101882,2025-05-16,Google Ads
C101883,2024-11-01,Referral
C101884,2025-03-12,Google Ads
C101885,2025-12-29,Meta Ads
C101886,2025-04-12,Meta Ads
C101887,2025-11-24,Google Ads
C101888,2025-05-30,Influencer
C101889,2025-07-20,Organic
C101890,2025-05-28,Meta Ads
C101891,2026-02-06,Organic
C101892,2024-10-04,Organic
C101893,2024-11-06,Meta Ads
C101894,2025-05-23,Influencer
C101895,2025-02-28,Influencer
C101896,2024-11-10,Google Ads
C101897,2025-10-04,Meta Ads
C101898,2025-08-31,Organic
C101899,2025-08-10,Meta Ads
C101900,2025-01-10,Organic
C101901,2025-02-01,Organic
C101902,2025-04-06,Google Ads
C101903,2025-01-06,Meta Ads
C101904,2025-11-25,Google Ads
C101905,2025-10-19,Google Ads
C101906,2025-10-29,Meta Ads
C101907,2025-11-22,Influencer
C101908,2024-10-13,Google Ads
C101909,2024-10-09,Meta Ads
C101910,2026-01-21,Google Ads
C101911,2025-09-07,Google Ads
C101912,2024-12-13,Google Ads
C101913,2025-09-19,Meta Ads
C101914,2025-01-16,Google Ads
C101915,2025-08-06,Organic
C101916,2025-08-19,Influencer
C101917,2024-10-10,Meta Ads
C101918,2025-12-11,Google Ads
C101919,2025-09-15,Organic
C101920,2025-12-23,Organic
C101921,2025-10-28,Meta Ads
C101922,2025-03-14,Influencer
C101923,2025-03-22,Referral
C101924,2025-11-05,Influencer
C101925,2025-03-11,Meta Ads
C101926,2025-11-04,Meta Ads
C101927,2025-06-27,Organic
C101928,2025-06-09,Influencer
C101929,2025-04-07,Google Ads
C101930,2024-10-30,Organic
C101931,2025-05-21,Meta Ads
C101932,2026-01-07,Meta Ads
C101933,2026-02-05,Meta Ads
C101934,2025-02-10,Meta Ads
C101935,2025-04-16,Organic
C101936,2025-11-07,Google Ads
C101937,2025-01-18,Meta Ads
C101938,2025-06-04,Meta Ads
C101939,2025-11-11,Organic
C101940,2026-01-06,Google Ads
C101941,2026-02-06,Meta Ads
C101942,2025-07-25,Meta Ads
C101943,2025-11-04,Meta Ads
C101944,2024-10-30,Meta Ads
C101945,2025-12-05,Organic
C101946,2024-10-22,Google Ads
C101947,2025-03-31,Meta Ads
C101948,2026-01-05,Meta Ads
C101949,2025-02-04,Google Ads
C101950,2024-12-23,Meta Ads
C101951,2025-07-17,Organic
C101952,2025-08-06,Google Ads
C101953,2024-11-07,Meta Ads
C101954,2025-07-20,Referral
C101955,2025-09-12,Meta Ads
C101956,2025-09-08,Influencer
C101957,2025-10-11,Meta Ads
C101958,2025-09-27,Influencer
C101959,2024-12-27,Google Ads
C101960,2025-12-04,Meta Ads
C101961,2025-03-24,Influencer
C101962,2025-02-03,Google Ads
C101963,2025-12-25,Google Ads
C101964,2025-12-08,Google Ads
C101965,2026-02-05,Organic
C101966,2024-10-03,Influencer
C101967,2026-02-06,Influencer
C101968,2024-10-02,Organic
C101969,2025-12-19,Influencer
C101970,2025-12-08,Google Ads
C101971,2025-12-07,Influencer
C101972,2024-12-24,Influencer
C101973,2025-03-27,Organic
C101974,2026-01-19,Organic
C101975,2025-09-12,Organic
C101976,2025-11-12,Organic
C101977,2025-10-17,Influencer
C101978,2026-01-11,Organic
C101979,2025-06-24,Meta Ads
C101980,2024-12-31,Meta Ads
C101981,2025-11-29,Influencer
C101982,2025-09-07,Influencer
C101983,2025-11-02,Meta Ads
C101984,2025-09-17,Meta Ads
C101985,2025-03-02,Meta Ads
C101986,2026-01-22,Google Ads
C101987,2025-12-25,Google Ads
C101988,2026-01-19,Google Ads
C101989,2025-09-02,Referral
C101990,2025-02-11,Google Ads
C101991,2025-03-01,Meta Ads
C101992,2025-04-24,Organic
C101993,2025-11-13,Google Ads
C101994,2025-10-13,Referral
C101995,2025-11-19,Meta Ads
C101996,2025-06-01,Meta Ads
C101997,2024-10-01,Google Ads
C101998,2025-09-28,Influencer
C101999,2025-01-21,Google Ads
C102000,2025-01-02,Influencer
C102001,2025-09-11,Organic
C102002,2024-12-19,Meta Ads
C102003,2024-10-08,Organic
C102004,2025-06-07,Meta Ads
C102005,2026-01-08,Organic
C102006,2025-11-01,Meta Ads
C102007,2025-11-21,Google Ads
C102008,2025-05-26,Organic
C102009,2025-04-01,Meta Ads
C102010,2024-10-12,Meta Ads
C102011,2025-02-21,Meta Ads
C102012,2024-11-03,Google Ads
C102013,2025-12-26,Organic
C102014,2025-07-08,Referral
C102015,2025-09-22,Meta Ads
C102016,2025-09-05,Meta Ads
C102017,2025-09-11,Meta Ads
C102018,2026-01-19,Referral
C102019,2025-02-19,Meta Ads
C102020,2025-08-08,Organic
C102021,2025-05-01,Meta Ads
C102022,2025-12-02,Meta Ads
C102023,2025-12-29,Google Ads
C102024,2025-03-02,Meta Ads
C102025,2025-07-23,Organic
C102026,2025-03-16,Organic
C102027,2025-08-25,Google Ads
C102028,2024-11-18,Influencer
C102029,2025-09-05,Influencer
C102030,2026-02-06,Influencer
C102031,2026-01-08,Influencer
C102032,2024-12-21,Referral
C102033,2025-11-04,Google Ads
C102034,2024-12-30,Influencer
C102035,2025-01-21,Meta Ads
C102036,2025-11-16,Meta Ads
C102037,2026-01-05,Influencer
C102038,2025-12-25,Google Ads
C102039,2025-07-27,Meta Ads
C102040,2025-07-01,Influencer
C102041,2024-11-10,Meta Ads
C102042,2024-12-30,Influencer
C102043,2025-05-10,Referral
C102044,2025-07-13,Google Ads
C102045,2025-07-24,Meta Ads
C102046,2025-03-01,Influencer
C102047,2025-06-17,Meta Ads
C102048,2025-11-25,Organic
C102049,2025-09-04,Influencer
C102050,2026-01-10,Google Ads
C102051,2025-10-10,Referral
C102052,2025-01-28,Referral
C102053,2025-12-31,Google Ads
C102054,2024-11-07,Meta Ads
C102055,2025-08-30,Meta Ads
C102056,2026-02-10,Meta Ads
C102057,2024-11-20,Google Ads
C102058,2025-05-14,Organic
C102059,2025-07-21,Referral
C102060,2025-05-22,Organic
C102061,2025-03-27,Google Ads
C102062,2025-11-19,Organic
C102063,2025-03-01,Google Ads
C102064,2025-03-17,Organic
C102065,2025-05-20,Google Ads
C102066,2025-11-01,Meta Ads
C102067,2025-04-01,Meta Ads
C102068,2025-10-20,Organic
C102069,2025-06-05,Meta Ads
C102070,2025-05-12,Influencer
C102071,2024-10-27,Influencer
C102072,2026-02-02,Meta Ads
C102073,2025-01-21,Meta Ads
C102074,2024-10-31,Organic
C102075,2025-06-23,Influencer
C102076,2024-11-07,Google Ads
C102077,2025-07-21,Organic
C102078,2025-12-15,Influencer
C102079,2025-10-17,Referral
C102080,2025-07-25,Influencer
C102081,2024-10-14,Meta Ads
C102082,2025-04-06,Organic
C102083,2025-12-19,Meta Ads
C102084,2025-11-18,Referral
C102085,2024-10-13,Meta Ads
C102086,2025-03-29,Organic
C102087,2025-04-01,Google Ads
C102088,2024-12-28,Meta Ads
C102089,2025-08-08,Meta Ads
C102090,2024-11-15,Organic
C102091,2025-09-24,Influencer
C102092,2025-11-22,Influencer
C102093,2025-10-27,Meta Ads
C102094,2025-03-17,Google Ads
C102095,2025-12-27,Meta Ads
C102096,2025-12-01,Google Ads
C102097,2025-12-29,Meta Ads
C102098,2024-11-20,Referral
C102099,2025-05-23,Influencer
C102100,2024-12-06,Google Ads
C102101,2026-01-10,Meta Ads
C102102,2025-10-11,Influencer
C102103,2024-11-17,Google Ads
C102104,2025-02-27,Organic
C102105,2026-01-16,Meta Ads
C102106,2025-09-02,Meta Ads
C102107,2025-04-17,Organic
C102108,2025-11-20,Influencer
C102109,2024-10-25,Meta Ads
C102110,2025-04-25,Meta Ads
C102111,2025-07-11,Meta Ads
C102112,2025-03-20,Google Ads
C102113,2025-01-02,Referral
C102114,2025-01-11,Referral
C102115,2025-09-16,Meta Ads
C102116,2025-01-14,Meta Ads
C102117,2025-04-27,Influencer
C102118,2025-02-19,Meta Ads
C102119,2024-12-30,Google Ads
C102120,2025-08-16,Google Ads
C102121,2024-12-18,Organic
C102122,2025-11-19,Referral
C102123,2025-02-20,Organic
C102124,2024-10-06,Meta Ads
C102125,2025-08-15,Organic
C102126,2025-01-06,Influencer
C102127,2025-08-25,Organic
C102128,2025-07-26,Organic
C102129,2025-03-10,Meta Ads
C102130,2025-09-10,Google Ads
C102131,2025-06-17,Influencer
C102132,2025-11-20,Meta Ads
C102133,2025-10-12,Meta Ads
C102134,2025-02-28,Meta Ads
C102135,2026-01-19,Organic
C102136,2025-12-12,Organic
C102137,2026-02-02,Organic
C102138,2025-06-02,Google Ads
C102139,2025-02-12,Meta Ads
C102140,2026-01-13,Google Ads
C102141,2025-08-15,Google Ads
C102142,2025-03-09,Influencer
C102143,2025-08-09,Meta Ads
C102144,2025-08-26,Meta Ads
C102145,2025-09-18,Meta Ads
C102146,2025-12-05,Meta Ads
C102147,2025-02-27,Meta Ads
C102148,2025-12-04,Meta Ads
C102149,2024-11-08,Influencer
C102150,2025-04-22,Meta Ads
C102151,2025-07-19,Meta Ads
C102152,2025-02-06,Influencer
C102153,2025-11-19,Meta Ads
C102154,2025-05-24,Organic
C102155,2024-10-26,Meta Ads
C102156,2025-10-28,Google Ads
C102157,2025-04-15,Organic
C102158,2026-01-15,Organic
C102159,2024-11-22,Organic
C102160,2025-12-22,Meta Ads
C102161,2024-10-19,Meta Ads
C102162,2025-03-15,Organic
C102163,2024-12-13,Organic
C102164,2025-03-15,Google Ads
C102165,2025-02-26,Meta Ads
C102166,2024-11-27,Google Ads
C102167,2024-10-08,Influencer
C102168,2024-11-01,Referral
C102169,2025-11-06,Meta Ads
C102170,2025-09-21,Influencer
C102171,2025-07-24,Organic
C102172,2024-11-09,Meta Ads
C102173,2026-02-04,Meta Ads
C102174,2025-06-09,Google Ads
C102175,2025-12-19,Influencer
C102176,2024-10-22,Google Ads
C102177,2025-01-16,Google Ads
C102178,2025-07-18,Meta Ads
C102179,2025-02-02,Google Ads
C102180,2025-06-05,Meta Ads
C102181,2025-10-19,Influencer
C102182,2025-09-28,Google Ads
C102183,2024-11-04,Meta Ads
C102184,2026-01-12,Influencer
C102185,2025-05-02,Organic
C102186,2024-11-05,Meta Ads
C102187,2025-06-30,Influencer
C102188,2025-03-11,Google Ads
C102189,2025-03-19,Influencer
C102190,2026-01-08,Google Ads
C102191,2025-11-17,Organic
C102192,2024-11-26,Meta Ads
C102193,2026-01-30,Organic
C102194,2025-08-26,Influencer
C102195,2025-11-09,Meta Ads
C102196,2026-01-29,Organic
C102197,2025-09-02,Meta Ads
C102198,2025-11-30,Referral
C102199,2024-10-12,Influencer
C102200,2025-08-30,Influencer
C102201,2025-08-23,Organic
C102202,2025-06-19,Organic
C102203,2025-04-07,Organic
C102204,2025-03-08,Google Ads
C102205,2025-01-25,Influencer
C102206,2025-05-08,Meta Ads
C102207,2025-02-19,Referral
C102208,2025-08-06,Google Ads
C102209,2025-06-14,Influencer
C102210,2025-08-20,Google Ads
C102211,2025-07-17,Influencer
C102212,2024-10-11,Meta Ads
C102213,2025-01-23,Meta Ads
C102214,2025-02-28,Meta Ads
C102215,2024-10-14,Organic
C102216,2024-12-30,Organic
C102217,2024-10-24,Influencer
C102218,2025-05-17,Influencer
C102219,2024-12-13,Meta Ads
C102220,2025-06-01,Influencer
C102221,2025-07-13,Meta Ads
C102222,2025-10-14,Influencer
C102223,2026-01-21,Meta Ads
C102224,2025-10-13,Google Ads
C102225,2024-12-28,Influencer
C102226,2025-08-21,Google Ads
C102227,2026-02-01,Google Ads
C102228,2025-09-21,Influencer
C102229,2025-11-24,Google Ads
C102230,2025-04-24,Meta Ads
C102231,2024-10-06,Referral
C102232,2024-12-11,Google Ads
C102233,2024-11-28,Meta Ads
C102234,2025-05-02,Google Ads
C102235,2026-02-06,Meta Ads
C102236,2025-08-19,Meta Ads
C102237,2025-06-12,Meta Ads
C102238,2024-12-31,Google Ads
C102239,2024-11-13,Influencer
C102240,2026-01-11,Organic
C102241,2024-11-30,Meta Ads
C102242,2025-09-17,Meta Ads
C102243,2025-09-12,Meta Ads
C102244,2024-12-02,Referral
C102245,2025-01-03,Referral
C102246,2024-12-08,Influencer
C102247,2024-11-08,Referral
C102248,2025-08-18,Meta Ads
C102249,2026-02-01,Organic
C102250,2025-07-15,Google Ads
C102251,2025-04-13,Google Ads
C102252,2025-02-06,Influencer
C102253,2024-11-16,Meta Ads
C102254,2024-12-13,Meta Ads
C102255,2025-07-06,Organic
C102256,2025-12-16,Referral
C102257,2024-12-03,Meta Ads
C102258,2025-03-02,Google Ads
C102259,2025-04-07,Google Ads
C102260,2025-10-19,Meta Ads
C102261,2025-03-05,Organic
C102262,2025-01-12,Influencer
C102263,2025-03-02,Meta Ads
C102264,2025-10-30,Meta Ads
C102265,2024-11-08,Meta Ads
C102266,2025-10-16,Meta Ads
C102267,2025-12-02,Google Ads
C102268,2025-06-05,Meta Ads
C102269,2024-10-03,Influencer
C102270,2025-11-10,Meta Ads
C102271,2024-12-07,Organic
C102272,2025-10-05,Organic
C102273,2025-01-20,Referral
C102274,2025-10-29,Meta Ads
C102275,2026-01-28,Meta Ads
C102276,2025-08-09,Google Ads
C102277,2025-09-20,Influencer
C102278,2025-07-18,Influencer
C102279,2024-11-01,Meta Ads
C102280,2024-12-22,Meta Ads
C102281,2025-11-19,Organic
C102282,2025-06-11,Organic
C102283,2025-09-08,Meta Ads
C102284,2026-02-12,Referral
C102285,2026-01-31,Meta Ads
C102286,2025-07-27,Meta Ads
C102287,2025-02-27,Organic
C102288,2024-11-26,Google Ads
C102289,2026-01-16,Organic
C102290,2026-01-31,Meta Ads
C102291,2025-01-15,Google Ads
C102292,2025-02-16,Influencer
C102293,2025-04-30,Organic
C102294,2025-10-25,Influencer
C102295,2024-11-09,Meta Ads
C102296,2025-08-19,Meta Ads
C102297,2025-04-16,Organic
C102298,2025-12-05,Organic
C102299,2025-01-23,Organic
C102300,2025-01-05,Meta Ads
C102301,2025-09-11,Referral
C102302,2026-01-29,Meta Ads
C102303,2026-02-04,Meta Ads
C102304,2025-12-13,Meta Ads
C102305,2025-04-18,Referral
C102306,2026-02-04,Meta Ads
C102307,2025-08-23,Organic
C102308,2024-12-15,Meta Ads
C102309,2025-01-05,Influencer
C102310,2025-08-04,Meta Ads
C102311,2025-07-05,Organic
C102312,2025-02-28,Google Ads
C102313,2026-01-08,Meta Ads
C102314,2025-10-02,Influencer
C102315,2025-11-02,Organic
C102316,2026-02-02,Meta Ads
C102317,2025-12-25,Google Ads
C102318,2025-10-16,Google Ads
C102319,2025-03-13,Influencer
C102320,2025-10-01,Meta Ads
C102321,2025-01-12,Influencer
C102322,2025-04-09,Meta Ads
C102323,2025-06-03,Meta Ads
C102324,2024-10-03,Google Ads
C102325,2026-01-02,Google Ads
C102326,2025-03-15,Meta Ads
C102327,2025-11-13,Organic
C102328,2024-12-27,Meta Ads
C102329,2025-07-13,Meta Ads
C102330,2024-12-03,Meta Ads
C102331,2024-12-28,Meta Ads
C102332,2025-10-27,Meta Ads
C102333,2026-02-08,Referral
C102334,2025-08-25,Influencer
C102335,2025-12-17,Referral
C102336,2025-10-27,Meta Ads
C102337,2025-12-20,Google Ads
C102338,2025-03-23,Organic
C102339,2025-06-16,Referral
C102340,2025-08-14,Organic
C102341,2025-05-12,Influencer
C102342,2025-02-20,Meta Ads
C102343,2025-12-04,Influencer
C102344,2025-04-27,Influencer
C102345,2024-12-12,Organic
C102346,2024-10-27,Google Ads
C102347,2025-06-19,Organic
C102348,2025-08-17,Meta Ads
C102349,2025-06-17,Meta Ads
C102350,2025-01-26,Meta Ads
C102351,2025-01-18,Google Ads
C102352,2025-08-19,Google Ads
C102353,2025-07-09,Influencer
C102354,2025-03-26,Meta Ads
C102355,2024-10-08,Meta Ads
C102356,2024-10-25,Organic
C102357,2024-10-25,Organic
C102358,2025-08-12,Organic
C102359,2024-10-14,Google Ads
C102360,2025-07-29,Organic
C102361,2025-08-21,Google Ads
C102362,2025-03-08,Google Ads
C102363,2025-05-04,Organic
C102364,2025-03-05,Google Ads
C102365,2025-10-21,Google Ads
C102366,2025-04-20,Google Ads
C102367,2025-03-25,Influencer
C102368,2025-01-24,Google Ads
C102369,2025-02-16,Meta Ads
C102370,2024-11-23,Influencer
C102371,2025-04-16,Referral
C102372,2025-03-07,Meta Ads
C102373,2025-12-11,Organic
C102374,2025-08-05,Google Ads
C102375,2025-11-08,Google Ads
C102376,2025-10-25,Organic
C102377,2025-05-04,Meta Ads
C102378,2024-12-19,Organic
C102379,2025-07-28,Referral
C102380,2025-12-15,Meta Ads
C102381,2026-01-19,Influencer
C102382,2024-12-25,Google Ads
C102383,2024-10-22,Google Ads
C102384,2025-05-24,Meta Ads
C102385,2025-01-25,Meta Ads
C102386,2025-04-29,Influencer
C102387,2025-03-11,Referral
C102388,2025-04-11,Meta Ads
C102389,2025-01-26,Google Ads
C102390,2024-10-13,Organic
C102391,2025-07-09,Meta Ads
C102392,2025-02-05,Meta Ads
C102393,2025-10-08,Meta Ads
C102394,2025-12-27,Google Ads
C102395,2025-05-31,Influencer
C102396,2025-07-09,Organic
C102397,2025-05-19,Referral
C102398,2025-01-26,Meta Ads
C102399,2025-02-27,Meta Ads
C102400,2026-01-29,Meta Ads
C102401,2025-11-21,Meta Ads
C102402,2025-03-09,Google Ads
C102403,2025-01-08,Meta Ads
C102404,2024-11-28,Organic
C102405,2024-12-20,Organic
C102406,2025-08-01,Meta Ads
C102407,2025-03-25,Meta Ads
C102408,2025-07-16,Meta Ads
C102409,2025-01-28,Meta Ads
C102410,2025-05-26,Meta Ads
C102411,2025-02-02,Organic
C102412,2025-10-14,Google Ads
C102413,2025-08-15,Meta Ads
C102414,2024-12-07,Referral
C102415,2025-01-19,Organic
C102416,2025-06-20,Google Ads
C102417,2024-11-11,Meta Ads
C102418,2025-09-05,Meta Ads
C102419,2026-01-21,Google Ads
C102420,2025-01-22,Google Ads
C102421,2024-11-18,Google Ads
C102422,2025-06-18,Referral
C102423,2025-11-07,Meta Ads
C102424,2025-01-23,Google Ads
C102425,2025-10-19,Meta Ads
C102426,2024-12-16,Influencer
C102427,2025-08-17,Organic
C102428,2025-04-02,Google Ads
C102429,2025-08-18,Influencer
C102430,2024-11-01,Google Ads
C102431,2025-10-08,Google Ads
C102432,2025-02-06,Referral
C102433,2025-06-29,Google Ads
C102434,2024-12-05,Google Ads
C102435,2025-08-10,Google Ads
C102436,2026-01-10,Meta Ads
C102437,2025-04-28,Google Ads
C102438,2025-05-11,Meta Ads
C102439,2025-01-26,Influencer
C102440,2024-11-06,Influencer
C102441,2025-12-13,Organic
C102442,2025-11-06,Meta Ads
C102443,2024-10-09,Organic
C102444,2024-10-11,Meta Ads
C102445,2025-08-02,Organic
C102446,2025-07-13,Referral
C102447,2025-04-18,Organic
C102448,2025-05-07,Influencer
C102449,2025-03-11,Meta Ads
C102450,2025-07-08,Google Ads
C102451,2026-01-19,Google Ads
C102452,2025-01-24,Meta Ads
C102453,2025-11-13,Meta Ads
C102454,2025-04-07,Organic
C102455,2026-01-16,Meta Ads
C102456,2025-05-11,Influencer
C102457,2025-10-12,Meta Ads
C102458,2024-11-30,Organic
C102459,2025-11-01,Meta Ads
C102460,2025-01-26,Meta Ads
C102461,2026-01-15,Organic
C102462,2025-06-25,Google Ads
C102463,2025-09-05,Meta Ads
C102464,2024-11-07,Meta Ads
C102465,2025-07-12,Influencer
C102466,2026-02-08,Google Ads
C102467,2025-08-18,Organic
C102468,2025-06-10,Influencer
C102469,2026-01-05,Influencer
C102470,2025-06-07,Meta Ads
C102471,2025-03-19,Referral
C102472,2025-12-03,Google Ads
C102473,2024-12-14,Meta Ads
C102474,2025-10-06,Referral
C102475,2024-11-21,Google Ads
C102476,2025-11-10,Meta Ads
C102477,2025-02-02,Meta Ads
C102478,2025-09-19,Influencer
C102479,2024-10-19,Google Ads
C102480,2025-03-24,Meta Ads
C102481,2025-09-14,Meta Ads
C102482,2024-11-24,Influencer
C102483,2024-11-05,Influencer
C102484,2024-12-13,Meta Ads
C102485,2025-05-23,Meta Ads
C102486,2025-05-17,Google Ads
C102487,2024-12-26,Meta Ads
C102488,2024-12-15,Meta Ads
C102489,2025-05-23,Meta Ads
C102490,2024-12-22,Influencer
C102491,2024-10-31,Organic
C102492,2025-01-17,Referral
C102493,2025-04-19,Referral
C102494,2025-12-25,Meta Ads
C102495,2025-04-28,Referral
C102496,2025-12-06,Organic
C102497,2025-03-29,Meta Ads
C102498,2026-01-05,Influencer
C102499,2025-03-10,Meta Ads
C102500,2025-10-02,Meta Ads
C102501,2025-07-04,Influencer
C102502,2025-12-04,Organic
C102503,2024-11-26,Google Ads
C102504,2025-05-27,Influencer
C102505,2025-07-18,Google Ads
C102506,2025-01-03,Google Ads
C102507,2025-11-13,Meta Ads
C102508,2025-02-21,Organic
C102509,2025-06-18,Meta Ads
C102510,2025-06-18,Influencer
C102511,2025-09-02,Google Ads
C102512,2025-07-19,Google Ads
C102513,2025-08-28,Organic
C102514,2025-09-10,Meta Ads
C102515,2025-03-06,Influencer
C102516,2024-10-31,Google Ads
C102517,2026-02-10,Google Ads
C102518,2025-08-01,Organic
C102519,2025-11-27,Meta Ads
C102520,2026-01-31,Organic
C102521,2026-02-02,Meta Ads
C102522,2025-02-16,Google Ads
C102523,2024-10-14,Organic
C102524,2025-05-03,Meta Ads
C102525,2024-10-27,Referral
C102526,2025-12-17,Referral
C102527,2024-10-10,Google Ads
C102528,2024-11-03,Referral
C102529,2024-12-15,Meta Ads
C102530,2025-04-28,Organic
C102531,2024-11-04,Meta Ads
C102532,2025-06-06,Google Ads
C102533,2025-01-11,Influencer
C102534,2025-02-22,Influencer
C102535,2025-03-01,Google Ads
C102536,2025-09-03,Google Ads
C102537,2025-10-20,Influencer
C102538,2025-11-09,Google Ads
C102539,2025-10-05,Referral
C102540,2025-12-25,Google Ads
C102541,2025-11-30,Influencer
C102542,2026-01-28,Referral
C102543,2026-01-01,Google Ads
C102544,2025-12-14,Meta Ads
C102545,2026-01-18,Meta Ads
C102546,2025-05-04,Meta Ads
C102547,2026-02-01,Meta Ads
C102548,2024-10-05,Meta Ads
C102549,2025-07-08,Influencer
C102550,2025-04-12,Influencer
C102551,2025-07-14,Organic
C102552,2025-03-27,Influencer
C102553,2026-02-05,Influencer
C102554,2025-11-26,Meta Ads
C102555,2025-01-07,Influencer
C102556,2025-07-31,Organic
C102557,2025-02-01,Meta Ads
C102558,2025-02-20,Referral
C102559,2025-09-11,Organic
C102560,2025-01-04,Google Ads
C102561,2025-10-14,Referral
C102562,2025-05-09,Google Ads
C102563,2025-07-14,Google Ads
C102564,2025-10-06,Google Ads
C102565,2025-07-18,Google Ads
C102566,2024-11-03,Google Ads
C102567,2025-08-11,Referral
C102568,2025-04-07,Meta Ads
C102569,2024-11-21,Meta Ads
C102570,2025-01-29,Meta Ads
C102571,2025-03-05,Google Ads
C102572,2024-11-21,Influencer
C102573,2025-02-27,Organic
C102574,2025-10-05,Influencer
C102575,2025-09-24,Organic
C102576,2025-05-26,Organic
C102577,2025-10-26,Meta Ads
C102578,2025-09-26,Meta Ads
C102579,2025-02-11,Google Ads
C102580,2024-12-31,Meta Ads
C102581,2025-07-10,Google Ads
C102582,2025-11-05,Influencer
C102583,2024-10-12,Organic
C102584,2024-10-23,Meta Ads
C102585,2024-11-27,Organic
C102586,2025-12-19,Meta Ads
C102587,2025-06-13,Meta Ads
C102588,2026-01-01,Organic
C102589,2025-01-18,Organic
C102590,2024-11-16,Meta Ads
C102591,2025-05-20,Google Ads
C102592,2025-02-25,Meta Ads
C102593,2024-12-04,Influencer
C102594,2025-08-08,Meta Ads
C102595,2025-09-13,Google Ads
C102596,2025-01-11,Influencer
C102597,2024-12-03,Influencer
C102598,2024-11-11,Meta Ads
C102599,2025-06-06,Meta Ads
C102600,2025-08-24,Meta Ads
C102601,2025-10-14,Organic
C102602,2025-02-19,Influencer
C102603,2025-02-16,Google Ads
C102604,2025-07-03,Google Ads
C102605,2025-12-03,Organic
C102606,2025-01-02,Meta Ads
C102607,2025-09-10,Organic
C102608,2024-10-01,Meta Ads
C102609,2025-05-08,Google Ads
C102610,2024-12-17,Meta Ads
C102611,2026-01-11,Meta Ads
C102612,2025-10-25,Organic
C102613,2025-12-14,Google Ads
C102614,2025-01-06,Influencer
C102615,2025-06-08,Meta Ads
C102616,2025-09-12,Google Ads
C102617,2024-10-26,Meta Ads
C102618,2024-12-30,Influencer
C102619,2024-12-05,Meta Ads
C102620,2025-02-09,Meta Ads
C102621,2025-04-02,Google Ads
C102622,2025-07-06,Organic
C102623,2025-05-13,Influencer
C102624,2025-10-23,Organic
C102625,2024-10-20,Meta Ads
C102626,2025-01-29,Meta Ads
C102627,2025-05-10,Organic
C102628,2026-02-04,Referral
C102629,2026-01-16,Meta Ads
C102630,2025-03-26,Meta Ads
C102631,2025-07-01,Organic
C102632,2025-01-24,Google Ads
C102633,2024-12-17,Organic
C102634,2025-08-03,Influencer
C102635,2025-01-23,Referral
C102636,2025-12-13,Organic
C102637,2025-10-21,Referral
C102638,2025-11-13,Meta Ads
C102639,2025-11-20,Organic
C102640,2025-02-28,Google Ads
C102641,2024-11-02,Meta Ads
C102642,2025-04-16,Organic
C102643,2025-08-25,Meta Ads
C102644,2025-05-16,Meta Ads
C102645,2025-11-01,Meta Ads
C102646,2024-12-21,Organic
C102647,2025-08-09,Influencer
C102648,2025-06-30,Google Ads
C102649,2025-06-25,Organic
C102650,2026-01-07,Google Ads
C102651,2025-03-18,Google Ads
C102652,2025-03-02,Referral
C102653,2025-07-26,Influencer
C102654,2024-10-01,Organic
C102655,2024-11-05,Influencer
C102656,2025-02-03,Google Ads
C102657,2024-10-14,Google Ads
C102658,2025-07-31,Meta Ads
C102659,2025-08-30,Google Ads
C102660,2025-03-30,Meta Ads
C102661,2025-12-03,Meta Ads
C102662,2025-05-10,Meta Ads
C102663,2026-01-01,Google Ads
C102664,2025-08-25,Referral
C102665,2025-12-12,Organic
C102666,2025-10-19,Meta Ads
C102667,2025-02-18,Influencer
C102668,2025-05-16,Google Ads
C102669,2025-02-22,Google Ads
C102670,2025-10-02,Google Ads
C102671,2025-04-09,Meta Ads
C102672,2025-10-05,Influencer
C102673,2025-08-24,Organic
C102674,2025-12-30,Google Ads
C102675,2024-10-29,Meta Ads
C102676,2026-01-04,Organic
C102677,2025-11-18,Google Ads
C102678,2025-11-09,Google Ads
C102679,2025-11-02,Referral
C102680,2024-10-02,Google Ads
C102681,2025-12-26,Organic
C102682,2025-01-26,Google Ads
C102683,2025-02-20,Organic
C102684,2025-11-12,Influencer
C102685,2025-04-11,Influencer
C102686,2025-01-10,Referral
C102687,2025-06-10,Meta Ads
C102688,2024-12-13,Meta Ads
C102689,2025-02-01,Influencer
C102690,2025-04-17,Meta Ads
C102691,2025-08-07,Google Ads
C102692,2024-11-19,Google Ads
C102693,2025-09-23,Meta Ads
C102694,2025-06-27,Meta Ads
C102695,2024-11-19,Influencer
C102696,2025-09-14,Organic
C102697,2024-11-30,Influencer
C102698,2025-03-07,Meta Ads
C102699,2024-12-14,Meta Ads
C102700,2025-07-18,Google Ads
C102701,2025-07-30,Influencer
C102702,2025-04-18,Google Ads
C102703,2025-06-15,Organic
C102704,2025-05-25,Influencer
C102705,2025-04-05,Referral
C102706,2025-12-12,Influencer
C102707,2025-01-08,Google Ads
C102708,2025-06-12,Google Ads
C102709,2026-01-21,Meta Ads
C102710,2025-04-19,Meta Ads
C102711,2025-03-04,Meta Ads
C102712,2025-06-08,Meta Ads
C102713,2025-01-18,Meta Ads
C102714,2024-12-02,Google Ads
C102715,2024-10-07,Meta Ads
C102716,2025-07-02,Meta Ads
C102717,2026-02-10,Google Ads
C102718,2025-09-27,Organic
C102719,2025-04-11,Meta Ads
C102720,2024-12-22,Google Ads
C102721,2024-10-31,Influencer
C102722,2025-09-15,Influencer
C102723,2024-11-23,Organic
C102724,2024-12-17,Meta Ads
C102725,2025-05-04,Meta Ads
C102726,2025-11-19,Google Ads
C102727,2025-07-09,Influencer
C102728,2025-10-04,Meta Ads
C102729,2025-07-15,Meta Ads
C102730,2025-03-19,Meta Ads
C102731,2025-07-01,Organic
C102732,2025-12-10,Influencer
C102733,2024-11-06,Organic
C102734,2024-10-05,Meta Ads
C102735,2025-08-16,Influencer
C102736,2024-12-12,Meta Ads
C102737,2024-12-24,Organic
C102738,2025-11-20,Influencer
C102739,2025-04-17,Meta Ads
C102740,2025-01-16,Google Ads
C102741,2025-07-08,Influencer
C102742,2025-09-04,Influencer
C102743,2024-12-04,Organic
C102744,2025-07-31,Organic
C102745,2025-04-26,Meta Ads
C102746,2025-08-04,Google Ads
C102747,2025-04-17,Google Ads
C102748,2025-06-29,Meta Ads
C102749,2024-11-07,Google Ads
C102750,2025-02-10,Influencer
C102751,2025-11-06,Google Ads
C102752,2025-01-18,Influencer
C102753,2025-08-16,Influencer
C102754,2025-08-29,Meta Ads
C102755,2024-12-17,Organic
C102756,2025-05-31,Influencer
C102757,2025-11-02,Google Ads
C102758,2026-01-21,Meta Ads
C102759,2025-10-13,Organic
C102760,2025-08-02,Influencer
C102761,2026-01-20,Google Ads
C102762,2025-08-23,Meta Ads
C102763,2024-12-16,Google Ads
C102764,2025-03-18,Meta Ads
C102765,2025-11-18,Google Ads
C102766,2025-04-14,Organic
C102767,2024-11-13,Google Ads
C102768,2025-06-07,Organic
C102769,2025-04-27,Google Ads
C102770,2025-10-10,Google Ads
C102771,2025-02-10,Referral
C102772,2026-02-05,Meta Ads
C102773,2025-01-22,Organic
C102774,2024-11-29,Meta Ads
C102775,2025-02-21,Google Ads
C102776,2024-12-25,Google Ads
C102777,2024-12-19,Meta Ads
C102778,2024-10-01,Google Ads
C102779,2025-03-25,Meta Ads
C102780,2025-10-07,Meta Ads
C102781,2025-02-17,Meta Ads
C102782,2025-02-25,Meta Ads
C102783,2024-10-30,Google Ads
C102784,2025-12-04,Meta Ads
C102785,2025-08-14,Google Ads
C102786,2025-11-16,Influencer
C102787,2024-12-12,Referral
C102788,2025-04-14,Organic
C102789,2025-09-02,Organic
C102790,2025-09-24,Organic
C102791,2025-02-02,Organic
C102792,2025-02-26,Google Ads
C102793,2024-11-16,Meta Ads
C102794,2025-11-17,Meta Ads
C102795,2025-05-26,Meta Ads
C102796,2025-09-27,Google Ads
C102797,2025-09-01,Meta Ads
C102798,2025-07-11,Meta Ads
C102799,2025-04-02,Meta Ads
C102800,2025-10-16,Meta Ads
C102801,2025-04-09,Meta Ads
C102802,2025-09-28,Google Ads
C102803,2025-09-27,Organic
C102804,2025-08-20,Organic
C102805,2025-10-25,Meta Ads
C102806,2026-01-09,Meta Ads
C102807,2025-10-01,Meta Ads
C102808,2025-11-29,Referral
C102809,2025-12-23,Meta Ads
C102810,2025-08-25,Google Ads
C102811,2025-01-01,Meta Ads
C102812,2025-09-06,Google Ads
C102813,2025-03-17,Google Ads
C102814,2025-07-12,Meta Ads
C102815,2025-11-02,Google Ads
C102816,2026-01-20,Influencer
C102817,2025-05-14,Organic
C102818,2024-12-20,Google Ads
C102819,2025-08-16,Influencer
C102820,2024-10-10,Meta Ads
C102821,2025-06-17,Referral
C102822,2025-10-18,Influencer
C102823,2025-08-17,Meta Ads
C102824,2024-10-25,Google Ads
C102825,2025-09-16,Meta Ads
C102826,2025-08-15,Google Ads
C102827,2024-10-14,Meta Ads
C102828,2025-05-08,Google Ads
C102829,2025-06-08,Organic
C102830,2024-10-29,Google Ads
C102831,2025-01-13,Meta Ads
C102832,2026-01-14,Google Ads
C102833,2025-06-30,Influencer
C102834,2025-05-21,Google Ads
C102835,2025-06-22,Organic
C102836,2025-08-13,Google Ads
C102837,2025-10-26,Meta Ads
C102838,2025-12-31,Meta Ads
C102839,2025-05-03,Organic
C102840,2024-10-08,Meta Ads
C102841,2026-01-28,Google Ads
C102842,2025-02-19,Google Ads
C102843,2025-12-07,Meta Ads
C102844,2025-06-07,Google Ads
C102845,2024-11-28,Google Ads
C102846,2026-01-17,Influencer
C102847,2025-12-24,Google Ads
C102848,2025-07-13,Meta Ads
C102849,2024-11-20,Meta Ads
C102850,2025-08-09,Influencer
C102851,2024-11-15,Google Ads
C102852,2026-01-15,Google Ads
C102853,2024-11-23,Google Ads
C102854,2025-01-01,Meta Ads
C102855,2025-04-30,Meta Ads
C102856,2025-07-12,Meta Ads
C102857,2025-05-24,Organic
C102858,2025-08-07,Meta Ads
C102859,2025-04-26,Organic
C102860,2025-06-06,Google Ads
C102861,2025-06-13,Google Ads
C102862,2024-11-03,Meta Ads
C102863,2024-10-22,Meta Ads
C102864,2025-12-18,Meta Ads
C102865,2025-11-27,Referral
C102866,2025-10-22,Google Ads
C102867,2025-03-23,Google Ads
C102868,2025-10-20,Influencer
C102869,2025-09-13,Google Ads
C102870,2024-11-02,Influencer
C102871,2024-12-31,Organic
C102872,2025-01-03,Meta Ads
C102873,2026-01-16,Influencer
C102874,2025-10-06,Meta Ads
C102875,2025-01-19,Organic
C102876,2025-07-30,Organic
C102877,2025-06-22,Referral
C102878,2025-06-28,Influencer
C102879,2025-07-09,Influencer
C102880,2025-03-05,Google Ads
C102881,2024-11-04,Google Ads
C102882,2025-09-06,Organic
C102883,2025-10-04,Meta Ads
C102884,2025-06-24,Meta Ads
C102885,2025-12-03,Organic
C102886,2025-07-12,Meta Ads
C102887,2025-05-28,Influencer
C102888,2025-02-04,Referral
C102889,2026-02-10,Meta Ads
C102890,2025-09-19,Google Ads
C102891,2026-01-29,Google Ads
C102892,2025-12-25,Meta Ads
C102893,2025-04-03,Referral
C102894,2024-12-15,Meta Ads
C102895,2025-02-05,Meta Ads
C102896,2025-03-23,Google Ads
C102897,2024-11-18,Google Ads
C102898,2025-02-12,Meta Ads
C102899,2024-12-20,Meta Ads
C102900,2025-08-29,Google Ads
C102901,2025-01-30,Referral
C102902,2024-10-01,Meta Ads
C102903,2025-11-03,Meta Ads
C102904,2025-02-05,Google Ads
C102905,2024-10-17,Meta Ads
C102906,2025-09-28,Referral
C102907,2025-01-22,Google Ads
C102908,2024-10-08,Influencer
C102909,2025-02-07,Organic
C102910,2026-01-03,Meta Ads
C102911,2025-05-09,Referral
C102912,2024-12-26,Referral
C102913,2025-02-03,Meta Ads
C102914,2025-05-03,Meta Ads
C102915,2025-12-19,Meta Ads
C102916,2025-07-26,Meta Ads
C102917,2025-11-27,Meta Ads
C102918,2024-10-29,Google Ads
C102919,2025-04-04,Organic
C102920,2025-12-31,Organic
C102921,2025-11-22,Meta Ads
C102922,2025-01-08,Organic
C102923,2024-11-17,Meta Ads
C102924,2024-11-10,Meta Ads
C102925,2025-02-24,Google Ads
C102926,2026-02-11,Meta Ads
C102927,2025-12-14,Referral
C102928,2025-11-16,Google Ads
C102929,2025-09-09,Google Ads
C102930,2025-06-01,Referral
C102931,2025-07-10,Organic
C102932,2024-12-04,Meta Ads
C102933,2025-08-26,Meta Ads
C102934,2025-03-23,Meta Ads
C102935,2024-11-20,Meta Ads
C102936,2025-02-09,Meta Ads
C102937,2025-10-08,Influencer
C102938,2025-12-27,Google Ads
C102939,2025-07-31,Google Ads
C102940,2024-11-02,Meta Ads
C102941,2025-07-17,Meta Ads
C102942,2025-04-13,Google Ads
C102943,2025-07-10,Meta Ads
C102944,2025-04-03,Meta Ads
C102945,2024-12-20,Referral
C102946,2025-01-28,Organic
C102947,2025-04-28,Meta Ads
C102948,2025-05-22,Influencer
C102949,2025-12-30,Meta Ads
C102950,2025-12-02,Google Ads
C102951,2024-11-09,Google Ads
C102952,2024-10-19,Organic
C102953,2025-11-27,Influencer
C102954,2025-01-17,Google Ads
C102955,2025-05-11,Meta Ads
C102956,2025-07-04,Google Ads
C102957,2025-06-06,Google Ads
C102958,2025-04-11,Organic
C102959,2025-05-30,Influencer
C102960,2024-10-20,Organic
C102961,2024-12-20,Organic
C102962,2025-04-08,Meta Ads
C102963,2025-02-10,Google Ads
C102964,2025-05-09,Meta Ads
C102965,2025-12-23,Google Ads
C102966,2024-11-26,Influencer
C102967,2026-01-23,Meta Ads
C102968,2026-02-02,Meta Ads
C102969,2025-11-12,Google Ads
C102970,2026-02-05,Meta Ads
C102971,2024-12-29,Referral
C102972,2025-05-08,Google Ads
C102973,2024-11-22,Google Ads
C102974,2025-08-19,Referral
C102975,2025-01-29,Meta Ads
C102976,2025-04-18,Google Ads
C102977,2025-04-28,Influencer
C102978,2025-12-21,Meta Ads
C102979,2025-02-11,Influencer
C102980,2025-08-22,Google Ads
C102981,2025-02-03,Influencer
C102982,2026-01-02,Meta Ads
C102983,2024-10-27,Meta Ads
C102984,2025-02-03,Meta Ads
C102985,2025-12-29,Organic
C102986,2025-11-14,Meta Ads
C102987,2025-04-28,Influencer
C102988,2026-01-28,Organic
C102989,2025-04-20,Meta Ads
C102990,2025-03-05,Meta Ads
C102991,2025-07-11,Influencer
C102992,2025-05-02,Organic
C102993,2024-10-09,Meta Ads
C102994,2025-02-09,Meta Ads
C102995,2024-11-09,Influencer
C102996,2025-04-25,Google Ads
C102997,2025-05-17,Referral
C102998,2025-10-25,Organic
C102999,2025-11-25,Google Ads
C103000,2025-01-11,Google Ads
C103001,2025-05-30,Google Ads
C103002,2024-10-19,Organic
C103003,2024-12-06,Google Ads
C103004,2025-08-27,Meta Ads
C103005,2025-05-06,Referral
C103006,2025-12-16,Meta Ads
C103007,2025-04-22,Organic
C103008,2025-06-29,Organic
C103009,2024-12-11,Google Ads
C103010,2025-03-07,Meta Ads
C103011,2025-05-16,Referral
C103012,2026-01-31,Meta Ads
C103013,2025-07-18,Influencer
C103014,2025-10-12,Influencer
C103015,2025-04-22,Google Ads
C103016,2025-03-07,Influencer
C103017,2025-10-31,Meta Ads
C103018,2025-04-20,Influencer
C103019,2025-12-19,Organic
C103020,2025-09-09,Google Ads
C103021,2025-06-09,Google Ads
C103022,2024-11-04,Referral
C103023,2026-01-23,Influencer
C103024,2026-01-11,Referral
C103025,2025-03-02,Referral
C103026,2024-10-05,Meta Ads
C103027,2025-12-16,Organic
C103028,2025-06-24,Referral
C103029,2024-11-06,Organic
C103030,2025-07-01,Meta Ads
C103031,2024-11-04,Organic
C103032,2025-12-24,Meta Ads
C103033,2025-05-12,Google Ads
C103034,2025-01-15,Organic
C103035,2025-07-24,Google Ads
C103036,2025-09-07,Meta Ads
C103037,2025-03-20,Organic
C103038,2026-01-30,Meta Ads
C103039,2025-03-18,Google Ads
C103040,2025-02-10,Organic
C103041,2025-08-29,Referral
C103042,2025-11-25,Organic
C103043,2025-01-11,Google Ads
C103044,2025-04-26,Influencer
C103045,2025-10-10,Organic
C103046,2024-11-04,Meta Ads
C103047,2025-04-27,Google Ads
C103048,2026-01-24,Organic
C103049,2025-04-08,Organic
C103050,2025-03-31,Google Ads
C103051,2025-07-26,Meta Ads
C103052,2025-06-12,Meta Ads
C103053,2026-01-22,Meta Ads
C103054,2026-01-14,Referral
C103055,2025-08-11,Google Ads
C103056,2025-07-22,Organic
C103057,2024-11-19,Organic
C103058,2025-08-18,Meta Ads
C103059,2025-04-30,Meta Ads
C103060,2025-10-31,Meta Ads
C103061,2025-07-26,Meta Ads
C103062,2025-01-04,Influencer
C103063,2025-03-13,Meta Ads
C103064,2025-08-30,Influencer
C103065,2025-01-03,Influencer
C103066,2026-01-30,Referral
C103067,2025-05-30,Meta Ads
C103068,2025-06-21,Meta Ads
C103069,2025-09-04,Meta Ads
C103070,2025-09-12,Google Ads
C103071,2025-07-02,Meta Ads
C103072,2025-10-24,Google Ads
C103073,2025-08-14,Referral
C103074,2024-10-14,Referral
C103075,2025-08-05,Google Ads
C103076,2025-09-26,Google Ads
C103077,2025-04-12,Google Ads
C103078,2025-05-07,Google Ads
C103079,2024-11-06,Meta Ads
C103080,2025-12-01,Meta Ads
C103081,2025-11-01,Google Ads
C103082,2025-02-01,Organic
C103083,2025-12-02,Referral
C103084,2025-01-19,Influencer
C103085,2025-10-27,Organic
C103086,2025-06-16,Influencer
C103087,2024-11-03,Google Ads
C103088,2024-10-26,Google Ads
C103089,2024-12-14,Google Ads
C103090,2024-12-03,Meta Ads
C103091,2025-10-04,Meta Ads
C103092,2026-01-27,Influencer
C103093,2024-11-17,Organic
C103094,2025-08-29,Meta Ads
C103095,2025-09-20,Meta Ads
C103096,2025-12-30,Organic
C103097,2025-01-02,Influencer
C103098,2025-08-28,Google Ads
C103099,2025-09-06,Meta Ads
C103100,2025-02-17,Meta Ads
C103101,2025-10-04,Google Ads
C103102,2025-01-31,Organic
C103103,2026-01-02,Meta Ads
C103104,2025-12-04,Google Ads
C103105,2025-05-03,Referral
C103106,2025-08-14,Influencer
C103107,2025-08-05,Meta Ads
C103108,2025-07-26,Meta Ads
C103109,2025-05-13,Influencer
C103110,2024-11-10,Meta Ads
C103111,2025-08-23,Organic
C103112,2026-02-03,Referral
C103113,2025-07-15,Meta Ads
C103114,2025-05-31,Meta Ads
C103115,2025-06-25,Organic
C103116,2025-11-11,Meta Ads
C103117,2024-10-24,Meta Ads
C103118,2024-10-23,Meta Ads
C103119,2025-08-20,Organic
C103120,2024-12-07,Meta Ads
C103121,2026-01-02,Google Ads
C103122,2025-09-10,Meta Ads
C103123,2025-09-27,Meta Ads
C103124,2025-06-04,Meta Ads
C103125,2025-01-12,Meta Ads
C103126,2025-09-15,Meta Ads
C103127,2025-03-27,Organic
C103128,2025-09-01,Google Ads
C103129,2025-01-10,Google Ads
C103130,2025-01-31,Meta Ads
C103131,2026-02-12,Google Ads
C103132,2026-01-11,Referral
C103133,2025-05-21,Meta Ads
C103134,2025-08-27,Google Ads
C103135,2025-06-15,Google Ads
C103136,2024-10-24,Google Ads
C103137,2025-11-18,Meta Ads
C103138,2025-08-24,Google Ads
C103139,2024-10-28,Organic
C103140,2024-10-11,Google Ads
C103141,2025-09-07,Meta Ads
C103142,2024-11-01,Google Ads
C103143,2025-02-20,Organic
C103144,2024-11-14,Meta Ads
C103145,2025-01-12,Meta Ads
C103146,2025-04-09,Organic
C103147,2025-08-09,Meta Ads
C103148,2025-08-27,Organic
C103149,2025-02-21,Meta Ads
C103150,2025-07-15,Meta Ads
C103151,2025-04-21,Influencer
C103152,2025-07-07,Meta Ads
C103153,2025-10-19,Meta Ads
C103154,2025-04-04,Google Ads
C103155,2025-08-05,Influencer
C103156,2025-07-19,Google Ads
C103157,2025-10-06,Meta Ads
C103158,2025-10-29,Meta Ads
C103159,2025-05-12,Meta Ads
C103160,2026-01-16,Google Ads
C103161,2025-05-31,Organic
C103162,2024-11-24,Google Ads
C103163,2025-12-22,Meta Ads
C103164,2025-10-19,Organic
C103165,2025-06-18,Influencer
C103166,2026-01-06,Meta Ads
C103167,2024-11-17,Meta Ads
C103168,2025-11-16,Meta Ads
C103169,2026-01-07,Influencer
C103170,2025-06-28,Google Ads
C103171,2025-05-17,Meta Ads
C103172,2024-12-27,Google Ads
C103173,2025-12-15,Meta Ads
C103174,2025-12-28,Influencer
C103175,2025-07-31,Meta Ads
C103176,2025-04-10,Google Ads
C103177,2025-10-05,Meta Ads
C103178,2025-05-08,Google Ads
C103179,2025-01-04,Meta Ads
C103180,2025-10-20,Google Ads
C103181,2024-12-28,Meta Ads
C103182,2024-10-23,Organic
C103183,2025-05-10,Referral
C103184,2025-08-28,Organic
C103185,2025-11-29,Influencer
C103186,2025-01-19,Google Ads
C103187,2025-02-04,Organic
C103188,2025-10-12,Organic
C103189,2024-11-15,Influencer
C103190,2025-01-26,Meta Ads
C103191,2025-01-09,Organic
C103192,2025-06-02,Organic
C103193,2025-11-07,Influencer
C103194,2025-05-11,Google Ads
C103195,2024-10-10,Organic
C103196,2025-10-14,Meta Ads
C103197,2025-06-24,Organic
C103198,2025-04-02,Google Ads
C103199,2025-01-25,Organic
C103200,2026-01-08,Google Ads
C103201,2025-03-13,Google Ads
C103202,2025-04-01,Referral
C103203,2024-10-07,Google Ads
C103204,2025-01-03,Meta Ads
C103205,2025-03-27,Organic
C103206,2025-06-15,Organic
C103207,2025-04-26,Google Ads
C103208,2025-10-11,Google Ads
C103209,2025-12-03,Google Ads
C103210,2025-08-25,Organic
C103211,2025-10-05,Meta Ads
C103212,2024-12-14,Organic
C103213,2025-11-07,Meta Ads
C103214,2025-01-02,Google Ads
C103215,2024-10-27,Google Ads
C103216,2025-02-25,Influencer
C103217,2025-01-28,Meta Ads
C103218,2025-04-05,Meta Ads
C103219,2025-03-15,Google Ads
C103220,2025-12-18,Google Ads
C103221,2025-08-08,Google Ads
C103222,2025-02-22,Referral
C103223,2025-07-21,Meta Ads
C103224,2025-12-25,Meta Ads
C103225,2025-04-17,Influencer
C103226,2025-10-25,Influencer
C103227,2025-08-01,Influencer
C103228,2024-12-02,Google Ads
C103229,2025-02-18,Meta Ads
C103230,2025-03-10,Google Ads
C103231,2025-01-22,Influencer
C103232,2026-01-25,Meta Ads
C103233,2025-03-20,Google Ads
C103234,2025-01-02,Google Ads
C103235,2025-10-28,Google Ads
C103236,2025-07-22,Influencer
C103237,2025-09-12,Meta Ads
C103238,2024-11-12,Meta Ads
C103239,2024-12-25,Meta Ads
C103240,2025-11-21,Organic
C103241,2025-10-24,Organic
C103242,2025-04-04,Influencer
C103243,2024-10-24,Google Ads
C103244,2025-03-14,Google Ads
C103245,2025-12-18,Influencer
C103246,2025-10-25,Meta Ads
C103247,2025-06-09,Referral
C103248,2025-05-22,Organic
C103249,2025-07-14,Meta Ads
C103250,2025-02-02,Meta Ads
C103251,2025-12-10,Google Ads
C103252,2025-08-23,Influencer
C103253,2025-08-29,Meta Ads
C103254,2024-10-29,Influencer
C103255,2026-01-17,Meta Ads
C103256,2025-07-24,Google Ads
C103257,2025-04-13,Organic
C103258,2025-03-18,Organic
C103259,2025-12-31,Referral
C103260,2024-11-02,Meta Ads
C103261,2025-06-23,Influencer
C103262,2025-12-10,Meta Ads
C103263,2026-01-18,Referral
C103264,2025-04-12,Meta Ads
C103265,2025-04-24,Google Ads
C103266,2025-07-25,Influencer
C103267,2025-06-18,Meta Ads
C103268,2025-02-06,Google Ads
C103269,2025-07-25,Meta Ads
C103270,2025-08-10,Meta Ads
C103271,2025-08-13,Google Ads
C103272,2026-01-19,Influencer
C103273,2024-11-23,Referral
C103274,2025-04-23,Organic
C103275,2025-10-16,Organic
C103276,2025-10-14,Organic
C103277,2025-02-03,Meta Ads
C103278,2024-10-07,Influencer
C103279,2025-06-30,Google Ads
C103280,2025-07-01,Meta Ads
C103281,2025-08-17,Meta Ads
C103282,2026-01-31,Meta Ads
C103283,2024-12-17,Meta Ads
C103284,2025-10-03,Meta Ads
C103285,2025-07-03,Meta Ads
C103286,2025-08-26,Meta Ads
C103287,2025-10-01,Influencer
C103288,2025-01-25,Organic
C103289,2025-05-22,Organic
C103290,2026-01-12,Google Ads
C103291,2024-11-05,Organic
C103292,2025-08-25,Meta Ads
C103293,2025-05-17,Meta Ads
C103294,2025-01-10,Organic
C103295,2026-01-31,Google Ads
C103296,2025-11-01,Meta Ads
C103297,2025-08-05,Influencer
C103298,2026-01-23,Google Ads
C103299,2024-12-16,Organic
C103300,2025-08-26,Influencer
C103301,2025-07-13,Meta Ads
C103302,2025-12-11,Meta Ads
C103303,2025-11-14,Organic
C103304,2025-03-28,Meta Ads
C103305,2025-06-16,Google Ads
C103306,2025-09-02,Google Ads
C103307,2025-03-29,Influencer
C103308,2024-10-07,Google Ads
C103309,2024-10-13,Meta Ads
C103310,2025-01-10,Meta Ads
C103311,2025-05-22,Meta Ads
C103312,2025-06-29,Influencer
C103313,2024-11-11,Influencer
C103314,2026-01-25,Influencer
C103315,2024-10-08,Influencer
C103316,2025-08-16,Google Ads
C103317,2024-11-30,Influencer
C103318,2024-11-11,Organic
C103319,2025-09-27,Organic
C103320,2024-12-06,Influencer
C103321,2025-04-11,Google Ads
C103322,2024-12-15,Meta Ads
C103323,2025-08-15,Google Ads
C103324,2024-11-29,Organic
C103325,2025-10-20,Google Ads
C103326,2026-01-15,Google Ads
C103327,2024-10-09,Meta Ads
C103328,2025-08-27,Meta Ads
C103329,2025-08-29,Meta Ads
C103330,2024-10-11,Meta Ads
C103331,2024-12-12,Meta Ads
C103332,2025-01-27,Influencer
C103333,2025-02-20,Google Ads
C103334,2025-01-20,Influencer
C103335,2025-08-21,Google Ads
C103336,2025-06-23,Meta Ads
C103337,2025-05-14,Organic
C103338,2025-08-07,Meta Ads
C103339,2025-07-27,Influencer
C103340,2025-04-13,Google Ads
C103341,2025-10-05,Influencer
C103342,2024-10-23,Organic
C103343,2025-04-09,Referral
C103344,2025-03-06,Meta Ads
C103345,2025-09-22,Organic
C103346,2024-12-23,Referral
C103347,2025-09-15,Organic
C103348,2025-05-17,Meta Ads
C103349,2025-11-08,Influencer
C103350,2025-07-27,Influencer
C103351,2025-07-11,Google Ads
C103352,2025-09-24,Meta Ads
C103353,2025-09-30,Google Ads
C103354,2025-02-09,Meta Ads
C103355,2025-07-25,Google Ads
C103356,2025-04-24,Google Ads
C103357,2026-01-31,Organic
C103358,2024-12-16,Organic
C103359,2025-10-31,Meta Ads
C103360,2026-01-10,Organic
C103361,2025-01-11,Influencer
C103362,2025-04-30,Organic
C103363,2025-09-08,Referral
C103364,2026-01-09,Meta Ads
C103365,2025-12-31,Influencer
C103366,2025-10-28,Influencer
C103367,2025-02-17,Organic
C103368,2024-12-07,Google Ads
C103369,2025-10-25,Influencer
C103370,2025-05-04,Meta Ads
C103371,2025-09-21,Google Ads
C103372,2025-11-21,Google Ads
C103373,2025-12-10,Organic
C103374,2025-01-24,Meta Ads
C103375,2025-08-05,Meta Ads
C103376,2024-11-06,Meta Ads
C103377,2024-11-17,Organic
C103378,2025-05-21,Organic
C103379,2025-09-16,Meta Ads
C103380,2025-12-01,Meta Ads
C103381,2025-09-06,Meta Ads
C103382,2025-08-12,Google Ads
C103383,2025-08-20,Referral
C103384,2025-01-01,Influencer
C103385,2025-03-06,Meta Ads
C103386,2024-10-14,Google Ads
C103387,2024-11-11,Meta Ads
C103388,2025-03-29,Google Ads
C103389,2025-02-13,Meta Ads
C103390,2025-09-06,Referral
C103391,2025-02-20,Meta Ads
C103392,2026-02-01,Meta Ads
C103393,2024-10-16,Meta Ads
C103394,2025-08-27,Meta Ads
C103395,2025-04-20,Influencer
C103396,2024-12-09,Organic
C103397,2025-01-05,Organic
C103398,2025-07-02,Influencer
C103399,2025-05-30,Google Ads
C103400,2025-01-27,Referral
C103401,2024-12-12,Meta Ads
C103402,2025-09-14,Organic
C103403,2025-05-16,Meta Ads
C103404,2025-09-23,Google Ads
C103405,2025-09-07,Influencer
C103406,2025-12-25,Google Ads
C103407,2024-11-17,Meta Ads
C103408,2024-12-08,Google Ads
C103409,2024-11-14,Google Ads
C103410,2025-11-08,Meta Ads
C103411,2025-07-17,Google Ads
C103412,2025-06-01,Meta Ads
C103413,2025-12-18,Influencer
C103414,2025-11-10,Google Ads
C103415,2025-07-26,Referral
C103416,2025-11-19,Meta Ads
C103417,2025-06-16,Google Ads
C103418,2025-10-09,Organic
C103419,2024-12-09,Influencer
C103420,2025-02-03,Influencer
C103421,2024-10-09,Meta Ads
C103422,2025-02-27,Meta Ads
C103423,2024-10-19,Organic
C103424,2025-08-31,Influencer
C103425,2025-07-18,Meta Ads
C103426,2025-04-22,Meta Ads
C103427,2024-11-19,Google Ads
C103428,2025-08-16,Google Ads
C103429,2025-06-03,Influencer
C103430,2025-01-27,Organic
C103431,2024-10-05,Meta Ads
C103432,2024-10-16,Organic
C103433,2025-11-11,Google Ads
C103434,2025-07-20,Referral
C103435,2025-03-10,Organic
C103436,2025-02-17,Meta Ads
C103437,2024-10-31,Referral
C103438,2025-11-29,Google Ads
C103439,2025-06-04,Organic
C103440,2025-08-12,Google Ads
C103441,2025-03-09,Organic
C103442,2025-10-22,Referral
C103443,2025-11-27,Meta Ads
C103444,2024-10-30,Organic
C103445,2025-03-29,Organic
C103446,2025-10-17,Organic
C103447,2025-04-19,Meta Ads
C103448,2025-04-22,Meta Ads
C103449,2025-08-10,Meta Ads
C103450,2025-10-15,Influencer
C103451,2025-12-04,Google Ads
C103452,2025-04-10,Meta Ads
C103453,2025-03-04,Meta Ads
C103454,2025-02-15,Google Ads
C103455,2025-05-27,Meta Ads
C103456,2025-05-29,Meta Ads
C103457,2025-04-04,Referral
C103458,2024-12-22,Influencer
C103459,2025-06-30,Organic
C103460,2026-02-12,Meta Ads
C103461,2025-10-26,Meta Ads
C103462,2025-06-02,Google Ads
C103463,2025-08-07,Organic
C103464,2025-10-09,Influencer
C103465,2025-05-25,Referral
C103466,2025-04-03,Organic
C103467,2025-06-30,Organic
C103468,2025-03-12,Organic
C103469,2024-11-06,Organic
C103470,2024-11-19,Organic
C103471,2026-02-03,Google Ads
C103472,2025-02-17,Influencer
C103473,2025-03-23,Google Ads
C103474,2025-04-27,Google Ads
C103475,2025-05-19,Meta Ads
C103476,2025-06-18,Organic
C103477,2025-10-08,Organic
C103478,2025-08-19,Organic
C103479,2025-03-09,Influencer
C103480,2025-12-05,Google Ads
C103481,2025-08-26,Meta Ads
C103482,2026-02-11,Meta Ads
C103483,2025-12-06,Google Ads
C103484,2025-01-28,Meta Ads
C103485,2026-02-10,Referral
C103486,2025-12-28,Google Ads
C103487,2025-09-22,Organic
C103488,2025-05-23,Influencer
C103489,2025-12-11,Meta Ads
C103490,2025-01-12,Organic
C103491,2025-06-21,Organic
C103492,2024-10-19,Meta Ads
C103493,2025-03-21,Google Ads
C103494,2025-11-14,Organic
C103495,2024-12-24,Google Ads
C103496,2024-12-17,Meta Ads
C103497,2025-12-09,Google Ads
C103498,2025-01-10,Google Ads
C103499,2025-07-29,Google Ads
C103500,2025-06-12,Influencer
C103501,2025-05-20,Organic
C103502,2025-07-23,Organic
C103503,2025-06-17,Meta Ads
C103504,2025-07-18,Organic
C103505,2024-12-23,Influencer
C103506,2025-10-03,Google Ads
C103507,2025-05-04,Influencer
C103508,2024-10-31,Influencer
C103509,2025-06-20,Meta Ads
C103510,2024-12-23,Organic
C103511,2025-07-12,Meta Ads
C103512,2024-12-26,Google Ads
C103513,2024-11-02,Meta Ads
C103514,2025-03-15,Meta Ads
C103515,2025-03-16,Google Ads
C103516,2024-11-25,Organic
C103517,2025-10-24,Google Ads
C103518,2025-10-20,Meta Ads
C103519,2025-08-22,Influencer
C103520,2026-01-31,Organic
C103521,2026-02-11,Organic
C103522,2025-01-06,Meta Ads
C103523,2024-11-04,Google Ads
C103524,2025-04-09,Organic
C103525,2024-12-24,Meta Ads
C103526,2025-03-28,Organic
C103527,2024-12-24,Google Ads
C103528,2025-02-26,Organic
C103529,2025-09-19,Meta Ads
C103530,2025-02-13,Google Ads
C103531,2025-09-09,Google Ads
C103532,2025-05-20,Influencer
C103533,2025-03-20,Google Ads
C103534,2025-09-21,Google Ads
C103535,2025-10-01,Meta Ads
C103536,2025-04-24,Meta Ads
C103537,2025-02-23,Influencer
C103538,2025-10-09,Meta Ads
C103539,2024-12-04,Meta Ads
C103540,2024-10-31,Meta Ads
C103541,2025-10-25,Meta Ads
C103542,2025-06-29,Influencer
C103543,2025-03-11,Influencer
C103544,2025-01-08,Google Ads
C103545,2025-11-11,Google Ads
C103546,2024-10-23,Google Ads
C103547,2025-10-01,Influencer
C103548,2025-10-18,Meta Ads
C103549,2026-01-19,Influencer
C103550,2025-07-26,Google Ads
C103551,2024-10-04,Influencer
C103552,2025-12-16,Organic
C103553,2025-09-30,Google Ads
C103554,2025-01-20,Meta Ads
C103555,2024-10-14,Meta Ads
C103556,2025-02-11,Google Ads
C103557,2025-03-20,Influencer
C103558,2025-08-21,Organic
C103559,2024-10-04,Influencer
C103560,2025-09-05,Influencer
C103561,2025-09-25,Influencer
C103562,2025-01-07,Referral
C103563,2025-01-12,Google Ads
C103564,2025-11-18,Meta Ads
C103565,2025-07-26,Meta Ads
C103566,2025-12-13,Influencer
C103567,2025-03-30,Meta Ads
C103568,2025-02-09,Influencer
C103569,2024-11-07,Organic
C103570,2026-01-15,Organic
C103571,2025-12-21,Organic
C103572,2025-06-29,Referral
C103573,2025-02-20,Meta Ads
C103574,2025-09-14,Meta Ads
C103575,2025-07-22,Referral
C103576,2025-05-17,Meta Ads
C103577,2025-06-14,Meta Ads
C103578,2025-08-03,Meta Ads
C103579,2025-01-07,Referral
C103580,2025-03-10,Google Ads
C103581,2025-02-08,Meta Ads
C103582,2024-12-14,Meta Ads
C103583,2025-07-28,Google Ads
C103584,2024-11-15,Influencer
C103585,2025-07-16,Meta Ads
C103586,2025-09-30,Organic
C103587,2024-12-31,Meta Ads
C103588,2025-11-03,Google Ads
C103589,2025-12-25,Influencer
C103590,2024-11-13,Meta Ads
C103591,2025-04-16,Organic
C103592,2025-09-29,Meta Ads
C103593,2024-12-23,Meta Ads
C103594,2024-11-27,Google Ads
C103595,2025-06-12,Meta Ads
C103596,2025-05-03,Influencer
C103597,2025-01-21,Meta Ads
C103598,2024-10-01,Google Ads
C103599,2025-09-29,Influencer
C103600,2026-01-08,Influencer
C103601,2025-12-26,Google Ads
C103602,2024-11-29,Influencer
C103603,2025-03-08,Influencer
C103604,2025-08-31,Meta Ads
C103605,2025-05-16,Meta Ads
C103606,2025-03-30,Meta Ads
C103607,2025-03-09,Organic
C103608,2025-06-17,Google Ads
C103609,2025-08-19,Meta Ads
C103610,2025-05-24,Google Ads
C103611,2025-11-23,Meta Ads
C103612,2024-10-28,Organic
C103613,2025-11-26,Organic
C103614,2025-07-04,Organic
C103615,2025-04-10,Referral
C103616,2025-11-07,Google Ads
C103617,2025-02-12,Google Ads
C103618,2025-05-02,Organic
C103619,2025-07-16,Influencer
C103620,2024-10-09,Meta Ads
C103621,2025-01-10,Influencer
C103622,2024-10-11,Referral
C103623,2025-01-22,Google Ads
C103624,2024-10-02,Referral
C103625,2025-11-07,Influencer
C103626,2025-07-30,Meta Ads
C103627,2025-09-30,Meta Ads
C103628,2025-05-09,Google Ads
C103629,2025-12-19,Meta Ads
C103630,2024-10-16,Organic
C103631,2025-09-27,Meta Ads
C103632,2025-03-11,Organic
C103633,2024-12-02,Meta Ads
C103634,2025-08-30,Organic
C103635,2024-11-17,Meta Ads
C103636,2024-11-30,Organic
C103637,2026-01-24,Google Ads
C103638,2025-05-01,Meta Ads
C103639,2025-07-03,Organic
C103640,2025-10-10,Organic
C103641,2025-07-16,Meta Ads
C103642,2024-10-28,Referral
C103643,2026-01-06,Google Ads
C103644,2025-03-31,Meta Ads
C103645,2024-12-30,Meta Ads
C103646,2024-11-19,Google Ads
C103647,2025-08-16,Organic
C103648,2025-09-13,Google Ads
C103649,2025-11-27,Organic
C103650,2025-05-18,Google Ads
C103651,2025-08-27,Meta Ads
C103652,2025-08-15,Google Ads
C103653,2025-07-08,Influencer
C103654,2025-11-11,Influencer
C103655,2024-12-12,Referral
C103656,2024-12-03,Google Ads
C103657,2025-01-06,Meta Ads
C103658,2025-11-09,Google Ads
C103659,2025-09-17,Meta Ads
C103660,2025-03-05,Google Ads
C103661,2025-09-22,Organic
C103662,2025-05-06,Influencer
C103663,2025-10-28,Google Ads
C103664,2025-07-26,Meta Ads
C103665,2025-12-14,Organic
C103666,2025-06-16,Influencer
C103667,2025-02-15,Meta Ads
C103668,2026-01-09,Meta Ads
C103669,2025-01-16,Google Ads
C103670,2026-01-09,Meta Ads
C103671,2025-08-31,Organic
C103672,2025-05-31,Organic
C103673,2025-07-16,Meta Ads
C103674,2025-03-08,Influencer
C103675,2025-12-10,Meta Ads
C103676,2025-11-28,Meta Ads
C103677,2024-12-08,Influencer
C103678,2025-06-08,Meta Ads
C103679,2025-01-01,Meta Ads
C103680,2025-05-22,Meta Ads
C103681,2025-07-19,Meta Ads
C103682,2025-09-18,Google Ads
C103683,2024-11-07,Referral
C103684,2025-10-28,Meta Ads
C103685,2025-05-11,Organic
C103686,2024-10-27,Referral
C103687,2025-08-05,Meta Ads
C103688,2024-10-13,Organic
C103689,2025-09-10,Google Ads
C103690,2026-01-29,Referral
C103691,2025-02-13,Meta Ads
C103692,2024-10-16,Influencer
C103693,2026-01-16,Meta Ads
C103694,2025-05-04,Google Ads
C103695,2024-10-12,Organic
C103696,2024-10-20,Google Ads
C103697,2025-08-10,Organic
C103698,2025-05-19,Organic
C103699,2026-02-11,Google Ads
C103700,2026-01-25,Meta Ads
C103701,2025-07-25,Meta Ads
C103702,2025-06-13,Influencer
C103703,2025-04-12,Meta Ads
C103704,2025-07-25,Organic
C103705,2025-04-27,Google Ads
C103706,2025-09-30,Meta Ads
C103707,2025-12-09,Google Ads
C103708,2025-05-10,Google Ads
C103709,2025-03-06,Referral
C103710,2025-06-19,Meta Ads
C103711,2025-01-27,Organic
C103712,2025-03-17,Influencer
C103713,2025-10-15,Meta Ads
C103714,2025-08-20,Meta Ads
C103715,2025-08-07,Meta Ads
C103716,2025-07-03,Google Ads
C103717,2024-12-06,Influencer
C103718,2025-05-11,Meta Ads
C103719,2025-02-04,Meta Ads
C103720,2025-08-11,Google Ads
C103721,2024-12-27,Google Ads
C103722,2025-10-19,Meta Ads
C103723,2024-10-27,Influencer
C103724,2025-03-15,Organic
C103725,2025-04-09,Organic
C103726,2025-02-11,Meta Ads
C103727,2025-08-24,Meta Ads
C103728,2025-09-01,Meta Ads
C103729,2025-12-30,Organic
C103730,2024-11-22,Meta Ads
C103731,2025-12-27,Meta Ads
C103732,2026-01-08,Meta Ads
C103733,2024-10-30,Influencer
C103734,2025-07-26,Google Ads
C103735,2025-12-03,Meta Ads
C103736,2025-07-28,Influencer
C103737,2025-09-27,Google Ads
C103738,2026-01-01,Meta Ads
C103739,2025-09-25,Google Ads
C103740,2024-11-28,Meta Ads
C103741,2024-10-08,Google Ads
C103742,2025-06-15,Influencer
C103743,2025-04-12,Organic
C103744,2025-11-29,Referral
C103745,2025-02-01,Meta Ads
C103746,2024-12-13,Organic
C103747,2025-10-11,Meta Ads
C103748,2025-03-05,Influencer
C103749,2025-07-26,Meta Ads
C103750,2025-03-28,Meta Ads
C103751,2025-11-23,Influencer
C103752,2025-02-28,Google Ads
C103753,2025-01-20,Meta Ads
C103754,2026-01-04,Organic
C103755,2025-07-03,Google Ads
C103756,2024-11-07,Google Ads
C103757,2025-03-04,Meta Ads
C103758,2026-01-13,Meta Ads
C103759,2025-03-19,Google Ads
C103760,2024-11-17,Referral
C103761,2025-03-27,Google Ads
C103762,2025-09-22,Organic
C103763,2025-02-22,Organic
C103764,2025-08-30,Google Ads
C103765,2025-03-19,Referral
C103766,2025-09-17,Influencer
C103767,2025-03-19,Meta Ads
C103768,2025-07-18,Meta Ads
C103769,2024-12-05,Referral
C103770,2024-11-01,Meta Ads
C103771,2025-05-14,Google Ads
C103772,2025-09-19,Meta Ads
C103773,2025-10-20,Organic
C103774,2025-01-15,Meta Ads
C103775,2025-07-02,Google Ads
C103776,2025-03-29,Organic
C103777,2025-04-24,Organic
C103778,2025-05-13,Google Ads
C103779,2024-12-25,Meta Ads
C103780,2025-10-14,Google Ads
C103781,2025-09-11,Influencer
C103782,2025-01-08,Google Ads
C103783,2024-11-16,Google Ads
C103784,2025-08-08,Organic
C103785,2025-11-09,Meta Ads
C103786,2025-03-28,Influencer
C103787,2026-02-06,Google Ads
C103788,2024-11-24,Influencer
C103789,2025-02-18,Meta Ads
C103790,2026-01-22,Google Ads
C103791,2025-03-12,Organic
C103792,2024-10-27,Organic
C103793,2026-01-27,Organic
C103794,2025-10-08,Organic
C103795,2024-10-27,Influencer
C103796,2025-07-24,Influencer
C103797,2025-11-23,Organic
C103798,2025-09-02,Google Ads
C103799,2024-12-23,Meta Ads
C103800,2025-05-02,Meta Ads
C103801,2024-11-26,Meta Ads
C103802,2026-01-01,Meta Ads
C103803,2025-12-12,Meta Ads
C103804,2024-11-30,Meta Ads
C103805,2025-01-23,Meta Ads
C103806,2025-04-19,Google Ads
C103807,2024-11-17,Referral
C103808,2025-05-25,Google Ads
C103809,2025-08-04,Influencer
C103810,2025-10-19,Google Ads
C103811,2025-12-28,Meta Ads
C103812,2025-01-25,Referral
C103813,2026-01-05,Meta Ads
C103814,2025-06-05,Organic
C103815,2025-03-06,Meta Ads
C103816,2025-07-20,Organic
C103817,2025-06-01,Meta Ads
C103818,2025-05-26,Meta Ads
C103819,2025-06-10,Referral
C103820,2025-12-30,Meta Ads
C103821,2025-03-21,Meta Ads
C103822,2025-06-06,Google Ads
C103823,2025-06-02,Meta Ads
C103824,2024-12-05,Influencer
C103825,2025-08-10,Google Ads
C103826,2025-03-07,Influencer
C103827,2025-02-28,Meta Ads
C103828,2025-07-16,Influencer
C103829,2025-01-10,Meta Ads
C103830,2025-10-27,Influencer
C103831,2025-09-18,Google Ads
C103832,2025-06-12,Organic
C103833,2025-03-01,Meta Ads
C103834,2025-10-28,Influencer
C103835,2024-12-12,Meta Ads
C103836,2025-02-28,Referral
C103837,2025-08-17,Google Ads
C103838,2026-01-13,Google Ads
C103839,2025-12-12,Google Ads
C103840,2026-01-06,Referral
C103841,2025-09-30,Meta Ads
C103842,2025-10-01,Meta Ads
C103843,2025-07-20,Influencer
C103844,2024-12-04,Meta Ads
C103845,2025-07-17,Meta Ads
C103846,2025-05-01,Referral
C103847,2025-03-07,Google Ads
C103848,2025-03-10,Meta Ads
C103849,2025-11-07,Meta Ads
C103850,2026-01-09,Referral
C103851,2025-09-18,Meta Ads
C103852,2025-06-29,Meta Ads
C103853,2026-01-18,Meta Ads
C103854,2025-07-26,Organic
C103855,2025-07-27,Google Ads
C103856,2024-10-05,Influencer
C103857,2025-01-11,Google Ads
C103858,2025-04-28,Organic
C103859,2025-01-05,Referral
C103860,2025-11-04,Meta Ads
C103861,2025-06-19,Meta Ads
C103862,2024-12-19,Referral
C103863,2025-04-09,Organic
C103864,2025-03-25,Meta Ads
C103865,2025-04-23,Influencer
C103866,2024-10-04,Organic
C103867,2025-07-19,Google Ads
C103868,2025-04-02,Referral
C103869,2025-12-15,Google Ads
C103870,2026-02-03,Organic
C103871,2025-10-10,Google Ads
C103872,2024-12-13,Organic
C103873,2025-01-27,Organic
C103874,2025-06-15,Google Ads
C103875,2025-06-28,Google Ads
C103876,2025-07-13,Google Ads
C103877,2025-03-17,Google Ads
C103878,2025-12-18,Referral
C103879,2026-01-30,Referral
C103880,2025-10-13,Influencer
C103881,2024-10-27,Google Ads
C103882,2025-12-16,Influencer
C103883,2025-01-31,Influencer
C103884,2026-01-20,Organic
C103885,2025-12-26,Meta Ads
C103886,2025-10-23,Meta Ads
C103887,2025-02-08,Organic
C103888,2026-01-13,Referral
C103889,2025-09-11,Influencer
C103890,2025-01-20,Organic
C103891,2025-11-28,Google Ads
C103892,2025-09-27,Referral
C103893,2025-06-27,Influencer
C103894,2024-11-11,Meta Ads
C103895,2024-10-27,Meta Ads
C103896,2025-09-09,Organic
C103897,2024-12-21,Google Ads
C103898,2025-05-13,Influencer
C103899,2025-09-30,Google Ads
C103900,2024-12-08,Google Ads
C103901,2025-12-31,Organic
C103902,2024-10-06,Referral
C103903,2025-04-14,Google Ads
C103904,2024-12-29,Influencer
C103905,2025-03-12,Meta Ads
C103906,2025-10-05,Meta Ads
C103907,2025-10-14,Influencer
C103908,2024-11-11,Google Ads
C103909,2025-04-28,Meta Ads
C103910,2025-08-29,Organic
C103911,2025-01-24,Google Ads
C103912,2025-07-30,Meta Ads
C103913,2025-03-09,Meta Ads
C103914,2024-12-30,Meta Ads
C103915,2025-08-05,Meta Ads
C103916,2026-01-26,Organic
C103917,2025-07-19,Influencer
C103918,2025-10-29,Organic
C103919,2025-01-14,Google Ads
C103920,2024-10-23,Google Ads
C103921,2024-12-03,Organic
C103922,2025-11-23,Referral
C103923,2025-11-26,Organic
C103924,2026-01-10,Influencer
C103925,2025-06-08,Meta Ads
C103926,2025-04-05,Referral
C103927,2024-11-28,Google Ads
C103928,2025-01-14,Google Ads
C103929,2025-11-22,Meta Ads
C103930,2025-08-30,Google Ads
C103931,2025-10-27,Meta Ads
C103932,2025-12-05,Influencer
C103933,2025-02-13,Influencer
C103934,2025-10-13,Meta Ads
C103935,2025-02-07,Influencer
C103936,2024-10-06,Meta Ads
C103937,2025-02-20,Meta Ads
C103938,2025-08-23,Organic
C103939,2025-01-14,Influencer
C103940,2025-07-30,Meta Ads
C103941,2025-11-01,Influencer
C103942,2025-05-07,Meta Ads
C103943,2025-01-01,Influencer
C103944,2025-05-18,Organic
C103945,2025-07-28,Influencer
C103946,2025-02-05,Google Ads
C103947,2025-02-03,Influencer
C103948,2025-03-07,Meta Ads
C103949,2025-07-05,Google Ads
C103950,2025-06-03,Influencer
C103951,2025-03-13,Google Ads
C103952,2024-12-20,Organic
C103953,2025-09-17,Meta Ads
C103954,2026-01-29,Influencer
C103955,2025-08-01,Influencer
C103956,2024-10-10,Meta Ads
C103957,2025-11-18,Influencer
C103958,2025-08-02,Influencer
C103959,2025-11-14,Meta Ads
C103960,2025-03-02,Referral
C103961,2025-02-02,Referral
C103962,2025-03-28,Referral
C103963,2025-04-26,Google Ads
C103964,2025-07-12,Meta Ads
C103965,2026-02-01,Meta Ads
C103966,2025-02-09,Organic
C103967,2025-05-18,Meta Ads
C103968,2024-11-02,Google Ads
C103969,2025-04-08,Meta Ads
C103970,2024-12-28,Meta Ads
C103971,2026-02-09,Organic
C103972,2025-11-28,Google Ads
C103973,2026-02-01,Google Ads
C103974,2025-10-15,Organic
C103975,2024-11-24,Google Ads
C103976,2024-11-13,Meta Ads
C103977,2025-01-14,Google Ads
C103978,2024-11-10,Influencer
C103979,2025-12-30,Meta Ads
C103980,2024-12-21,Influencer
C103981,2025-09-28,Google Ads
C103982,2025-02-10,Google Ads
C103983,2025-12-04,Influencer
C103984,2025-11-25,Google Ads
C103985,2025-06-07,Google Ads
C103986,2026-01-17,Google Ads
C103987,2024-11-11,Referral
C103988,2025-04-15,Meta Ads
C103989,2024-12-01,Meta Ads
C103990,2025-10-27,Referral
C103991,2024-12-17,Meta Ads
C103992,2025-02-17,Meta Ads
C103993,2025-08-20,Meta Ads
C103994,2025-04-20,Referral
C103995,2025-12-18,Google Ads
C103996,2025-02-14,Meta Ads
C103997,2025-08-11,Google Ads
C103998,2024-11-01,Organic
C103999,2026-02-09,Meta Ads
C104000,2025-09-27,Influencer
C104001,2024-11-01,Google Ads
C104002,2025-04-30,Meta Ads
C104003,2025-04-17,Meta Ads
C104004,2025-11-07,Referral
C104005,2025-03-29,Meta Ads
C104006,2025-05-10,Meta Ads
C104007,2024-11-02,Meta Ads
C104008,2024-10-14,Meta Ads
C104009,2025-01-20,Google Ads
C104010,2025-06-27,Meta Ads
C104011,2024-11-20,Google Ads
C104012,2025-09-19,Organic
C104013,2026-01-12,Google Ads
C104014,2024-10-19,Meta Ads
C104015,2025-07-19,Meta Ads
C104016,2025-10-09,Google Ads
C104017,2025-05-02,Influencer
C104018,2025-11-29,Influencer
C104019,2024-10-29,Google Ads
C104020,2024-12-07,Google Ads
C104021,2025-06-18,Influencer
C104022,2024-11-05,Referral
C104023,2025-03-27,Meta Ads
C104024,2025-07-30,Organic
C104025,2025-08-10,Organic
C104026,2025-12-17,Influencer
C104027,2025-07-23,Influencer
C104028,2025-09-28,Organic
C104029,2024-10-02,Influencer
C104030,2025-12-19,Influencer
C104031,2025-07-07,Referral
C104032,2024-12-05,Meta Ads
C104033,2025-10-20,Organic
C104034,2025-01-27,Influencer
C104035,2025-12-14,Google Ads
C104036,2025-01-04,Organic
C104037,2025-09-22,Organic
C104038,2025-03-01,Organic
C104039,2025-08-25,Influencer
C104040,2025-02-02,Referral
C104041,2025-04-26,Meta Ads
C104042,2026-02-02,Organic
C104043,2025-08-06,Influencer
C104044,2025-06-23,Meta Ads
C104045,2024-10-15,Meta Ads
C104046,2025-03-11,Organic
C104047,2025-11-25,Meta Ads
C104048,2025-06-01,Meta Ads
C104049,2025-08-20,Google Ads
C104050,2024-11-27,Google Ads
C104051,2026-02-11,Meta Ads
C104052,2025-09-03,Referral
C104053,2025-07-25,Google Ads
C104054,2025-06-12,Meta Ads
C104055,2024-12-09,Google Ads
C104056,2024-12-05,Google Ads
C104057,2025-11-15,Google Ads
C104058,2024-12-23,Organic
C104059,2025-01-27,Google Ads
C104060,2024-12-26,Google Ads
C104061,2025-07-21,Influencer
C104062,2025-11-02,Meta Ads
C104063,2025-07-03,Organic
C104064,2025-05-23,Referral
C104065,2024-10-05,Meta Ads
C104066,2024-10-12,Meta Ads
C104067,2025-01-31,Organic
C104068,2025-10-24,Meta Ads
C104069,2025-07-15,Meta Ads
C104070,2025-11-26,Organic
C104071,2025-08-21,Organic
C104072,2026-01-02,Organic
C104073,2026-01-13,Meta Ads
C104074,2026-02-01,Organic
C104075,2024-10-01,Meta Ads
C104076,2024-11-02,Meta Ads
C104077,2025-12-19,Organic
C104078,2025-08-15,Meta Ads
C104079,2025-10-27,Influencer
C104080,2025-12-30,Google Ads
C104081,2025-04-30,Referral
C104082,2024-10-17,Meta Ads
C104083,2025-08-28,Meta Ads
C104084,2025-11-14,Meta Ads
C104085,2025-07-07,Organic
C104086,2025-06-19,Meta Ads
C104087,2025-02-18,Organic
C104088,2025-07-07,Organic
C104089,2024-12-14,Google Ads
C104090,2025-10-23,Meta Ads
C104091,2026-01-08,Meta Ads
C104092,2025-07-05,Google Ads
C104093,2024-12-06,Google Ads
C104094,2025-08-25,Google Ads
C104095,2024-10-13,Organic
C104096,2025-04-03,Meta Ads
C104097,2024-12-17,Influencer
C104098,2025-01-07,Meta Ads
C104099,2026-02-11,Influencer
C104100,2025-02-24,Organic
C104101,2026-01-29,Meta Ads
C104102,2025-02-02,Google Ads
C104103,2025-05-12,Referral
C104104,2024-12-13,Meta Ads
C104105,2026-02-01,Meta Ads
C104106,2025-03-04,Google Ads
C104107,2025-03-15,Organic
C104108,2025-06-17,Referral
C104109,2024-12-10,Organic
C104110,2025-08-10,Influencer
C104111,2024-12-15,Influencer
C104112,2025-02-14,Influencer
C104113,2025-07-09,Meta Ads
C104114,2025-01-20,Google Ads
C104115,2025-11-12,Meta Ads
C104116,2025-04-04,Google Ads
C104117,2025-10-07,Organic
C104118,2025-03-14,Google Ads
C104119,2026-01-08,Meta Ads
C104120,2025-04-30,Organic
C104121,2024-12-19,Organic
C104122,2025-12-28,Google Ads
C104123,2025-02-18,Meta Ads
C104124,2025-01-10,Meta Ads
C104125,2025-10-24,Google Ads
C104126,2026-01-03,Influencer
C104127,2026-01-25,Referral
C104128,2025-05-26,Influencer
C104129,2025-07-27,Google Ads
C104130,2025-12-24,Influencer
C104131,2025-10-21,Meta Ads
C104132,2025-03-05,Google Ads
C104133,2025-04-24,Organic
C104134,2025-02-14,Organic
C104135,2024-12-08,Influencer
C104136,2025-04-04,Referral
C104137,2025-10-17,Google Ads
C104138,2025-07-11,Meta Ads
C104139,2025-03-04,Google Ads
C104140,2024-11-21,Google Ads
C104141,2025-08-31,Meta Ads
C104142,2025-11-10,Meta Ads
C104143,2025-08-29,Influencer
C104144,2025-10-15,Referral
C104145,2025-10-07,Influencer
C104146,2025-04-07,Meta Ads
C104147,2025-07-24,Influencer
C104148,2025-02-02,Google Ads
C104149,2025-11-26,Meta Ads
C104150,2025-01-08,Meta Ads
C104151,2025-02-08,Google Ads
C104152,2025-02-28,Organic
C104153,2025-12-15,Organic
C104154,2025-11-04,Referral
C104155,2026-02-05,Referral
C104156,2025-06-19,Meta Ads
C104157,2025-08-28,Meta Ads
C104158,2025-06-05,Organic
C104159,2025-10-11,Meta Ads
C104160,2025-11-14,Referral
C104161,2026-01-10,Organic
C104162,2025-02-13,Meta Ads
C104163,2025-04-11,Google Ads
C104164,2025-02-16,Influencer
C104165,2025-12-07,Meta Ads
C104166,2025-05-27,Google Ads
C104167,2026-01-23,Referral
C104168,2024-11-18,Meta Ads
C104169,2026-01-23,Organic
C104170,2024-10-13,Referral
C104171,2025-08-16,Organic
C104172,2026-02-05,Influencer
C104173,2025-02-22,Meta Ads
C104174,2025-10-07,Meta Ads
C104175,2025-04-08,Meta Ads
C104176,2024-11-13,Google Ads
C104177,2025-01-15,Influencer
C104178,2025-06-06,Meta Ads
C104179,2025-04-23,Meta Ads
C104180,2025-06-16,Influencer
C104181,2025-09-03,Referral
C104182,2025-11-09,Organic
C104183,2025-11-26,Referral
C104184,2024-11-16,Meta Ads
C104185,2025-12-06,Meta Ads
C104186,2024-10-27,Meta Ads
C104187,2025-05-11,Organic
C104188,2024-10-22,Meta Ads
C104189,2026-01-04,Google Ads
C104190,2025-11-19,Google Ads
C104191,2025-11-07,Meta Ads
C104192,2025-07-09,Meta Ads
C104193,2025-06-29,Google Ads
C104194,2025-09-11,Influencer
C104195,2025-01-09,Google Ads
C104196,2025-10-29,Google Ads
C104197,2025-02-09,Meta Ads
C104198,2025-02-12,Google Ads
C104199,2025-06-17,Meta Ads
C104200,2025-03-25,Google Ads
C104201,2025-06-08,Google Ads
C104202,2024-12-21,Referral
C104203,2025-03-10,Meta Ads
C104204,2025-04-16,Influencer
C104205,2025-10-22,Google Ads
C104206,2024-10-04,Google Ads
C104207,2025-10-11,Meta Ads
C104208,2025-08-10,Google Ads
C104209,2024-10-20,Meta Ads
C104210,2025-08-12,Google Ads
C104211,2025-04-15,Influencer
C104212,2025-11-16,Google Ads
C104213,2025-12-26,Referral
C104214,2024-11-25,Google Ads
C104215,2024-12-18,Organic
C104216,2025-08-02,Meta Ads
C104217,2025-10-08,Google Ads
C104218,2025-03-08,Referral
C104219,2025-09-28,Influencer
C104220,2026-01-26,Meta Ads
C104221,2025-11-15,Organic
C104222,2025-05-10,Influencer
C104223,2026-01-06,Organic
C104224,2024-10-09,Meta Ads
C104225,2026-01-25,Influencer
C104226,2025-04-22,Google Ads
C104227,2025-11-09,Influencer
C104228,2025-09-02,Google Ads
C104229,2024-12-15,Google Ads
C104230,2025-03-16,Meta Ads
C104231,2026-01-02,Meta Ads
C104232,2025-12-08,Organic
C104233,2025-06-20,Meta Ads
C104234,2025-12-21,Google Ads
C104235,2025-10-30,Organic
C104236,2025-09-10,Google Ads
C104237,2025-10-02,Organic
C104238,2024-10-15,Influencer
C104239,2025-05-03,Influencer
C104240,2026-01-20,Meta Ads
C104241,2025-10-24,Meta Ads
C104242,2025-05-14,Meta Ads
C104243,2025-08-14,Google Ads
C104244,2025-11-15,Google Ads
C104245,2024-12-25,Meta Ads
C104246,2025-05-11,Organic
C104247,2025-11-13,Meta Ads
C104248,2025-07-03,Meta Ads
C104249,2025-10-27,Meta Ads
C104250,2024-11-24,Meta Ads
C104251,2025-07-13,Organic
C104252,2024-10-08,Influencer
C104253,2025-04-25,Google Ads
C104254,2025-07-14,Google Ads
C104255,2025-08-28,Organic
C104256,2025-05-11,Meta Ads
C104257,2025-12-13,Influencer
C104258,2025-05-11,Organic
C104259,2025-09-23,Influencer
C104260,2025-06-07,Meta Ads
C104261,2025-01-30,Google Ads
C104262,2025-08-11,Referral
C104263,2025-02-26,Referral
C104264,2025-06-25,Google Ads
C104265,2025-11-19,Google Ads
C104266,2026-01-31,Meta Ads
C104267,2024-10-14,Referral
C104268,2025-09-29,Google Ads
C104269,2025-09-16,Referral
C104270,2025-10-25,Referral
C104271,2024-11-22,Meta Ads
C104272,2025-12-19,Influencer
C104273,2025-03-20,Influencer
C104274,2025-11-14,Influencer
C104275,2025-03-05,Google Ads
C104276,2026-01-01,Influencer
C104277,2026-01-11,Referral
C104278,2025-09-05,Influencer
C104279,2024-10-18,Influencer
C104280,2025-09-22,Meta Ads
C104281,2024-11-19,Meta Ads
C104282,2025-05-31,Google Ads
C104283,2026-01-05,Google Ads
C104284,2024-12-05,Meta Ads
C104285,2025-04-15,Google Ads
C104286,2025-05-25,Organic
C104287,2025-03-30,Influencer
C104288,2025-03-08,Influencer
C104289,2025-08-15,Organic
C104290,2025-10-23,Meta Ads
C104291,2026-02-10,Meta Ads
C104292,2024-11-19,Meta Ads
C104293,2025-01-13,Google Ads
C104294,2025-03-29,Organic
C104295,2025-01-23,Organic
C104296,2025-12-26,Referral
C104297,2024-10-08,Influencer
C104298,2025-01-29,Google Ads
C104299,2025-07-11,Google Ads
C104300,2025-08-15,Influencer
C104301,2025-07-25,Influencer
C104302,2025-10-22,Meta Ads
C104303,2025-11-25,Google Ads
C104304,2025-01-14,Meta Ads
C104305,2025-03-23,Organic
C104306,2025-07-05,Influencer
C104307,2025-11-07,Google Ads
C104308,2025-07-24,Meta Ads
C104309,2024-12-02,Influencer
C104310,2025-01-22,Meta Ads
C104311,2025-04-29,Meta Ads
C104312,2024-11-10,Google Ads
C104313,2025-02-14,Google Ads
C104314,2024-11-11,Google Ads
C104315,2025-03-09,Meta Ads
C104316,2024-12-02,Meta Ads
C104317,2025-04-03,Meta Ads
C104318,2025-04-22,Meta Ads
C104319,2025-04-26,Influencer
C104320,2025-08-31,Meta Ads
C104321,2024-11-01,Google Ads
C104322,2025-09-07,Meta Ads
C104323,2024-11-27,Meta Ads
C104324,2025-12-30,Google Ads
C104325,2024-11-16,Influencer
C104326,2025-12-14,Google Ads
C104327,2025-10-25,Google Ads
C104328,2024-11-17,Referral
C104329,2026-01-21,Meta Ads
C104330,2024-12-28,Influencer
C104331,2025-07-18,Meta Ads
C104332,2026-01-07,Meta Ads
C104333,2025-01-22,Influencer
C104334,2025-06-24,Organic
C104335,2025-10-25,Organic
C104336,2025-06-27,Organic
C104337,2025-02-15,Influencer
C104338,2025-10-20,Influencer
C104339,2025-07-18,Influencer
C104340,2024-10-02,Google Ads
C104341,2026-01-07,Google Ads
C104342,2025-06-10,Google Ads
C104343,2025-05-14,Google Ads
C104344,2025-01-06,Google Ads
C104345,2025-06-02,Meta Ads
C104346,2024-10-01,Meta Ads
C104347,2025-08-26,Meta Ads
C104348,2025-05-22,Organic
C104349,2025-10-28,Organic
C104350,2025-01-05,Meta Ads
C104351,2025-06-21,Meta Ads
C104352,2025-02-19,Meta Ads
C104353,2025-05-29,Influencer
C104354,2025-01-02,Referral
C104355,2025-01-09,Meta Ads
C104356,2025-11-27,Google Ads
C104357,2025-05-01,Meta Ads
C104358,2024-12-14,Organic
C104359,2025-05-25,Meta Ads
C104360,2024-12-21,Referral
C104361,2025-04-20,Influencer
C104362,2025-09-09,Influencer
C104363,2025-10-19,Referral
C104364,2025-07-24,Google Ads
C104365,2025-08-11,Meta Ads
C104366,2025-04-21,Influencer
C104367,2026-01-17,Referral
C104368,2025-12-18,Organic
C104369,2025-12-27,Meta Ads
C104370,2025-05-02,Meta Ads
C104371,2025-12-26,Influencer
C104372,2026-01-15,Meta Ads
C104373,2024-10-10,Meta Ads
C104374,2025-07-07,Meta Ads
C104375,2024-10-25,Influencer
C104376,2025-08-04,Google Ads
C104377,2024-11-07,Referral
C104378,2024-11-07,Meta Ads
C104379,2025-07-19,Google Ads
C104380,2025-03-22,Google Ads
C104381,2025-03-25,Google Ads
C104382,2024-11-07,Meta Ads
C104383,2025-04-29,Referral
C104384,2024-11-22,Meta Ads
C104385,2025-04-07,Google Ads
C104386,2024-12-21,Influencer
C104387,2024-10-28,Google Ads
C104388,2024-10-25,Meta Ads
C104389,2025-10-17,Influencer
C104390,2025-12-05,Meta Ads
C104391,2025-04-06,Google Ads
C104392,2026-01-15,Influencer
C104393,2025-02-18,Influencer
C104394,2025-01-04,Google Ads
C104395,2026-01-07,Google Ads
C104396,2025-06-05,Meta Ads
C104397,2026-01-08,Influencer
C104398,2025-04-17,Google Ads
C104399,2026-01-03,Meta Ads
C104400,2025-10-27,Google Ads
C104401,2025-03-31,Meta Ads
C104402,2025-09-02,Google Ads
C104403,2025-08-21,Influencer
C104404,2025-11-25,Influencer
C104405,2025-04-16,Meta Ads
C104406,2025-08-19,Referral
C104407,2024-10-03,Google Ads
C104408,2025-12-31,Influencer
C104409,2025-09-28,Organic
C104410,2024-10-26,Meta Ads
C104411,2024-12-30,Google Ads
C104412,2024-11-21,Meta Ads
C104413,2025-04-26,Google Ads
C104414,2025-05-23,Referral
C104415,2025-03-19,Meta Ads
C104416,2025-12-31,Meta Ads
C104417,2025-05-23,Google Ads
C104418,2025-03-30,Influencer
C104419,2025-09-12,Meta Ads
C104420,2025-05-01,Meta Ads
C104421,2025-09-29,Google Ads
C104422,2025-05-24,Meta Ads
C104423,2026-02-06,Meta Ads
C104424,2025-11-24,Organic
C104425,2025-10-26,Meta Ads
C104426,2025-04-23,Organic
C104427,2024-12-12,Referral
C104428,2025-11-18,Google Ads
C104429,2025-05-24,Influencer
C104430,2024-11-25,Meta Ads
C104431,2025-07-12,Google Ads
C104432,2025-12-29,Google Ads
C104433,2025-05-24,Organic
C104434,2025-05-27,Meta Ads
C104435,2025-08-08,Google Ads
C104436,2025-01-10,Influencer
C104437,2025-01-27,Google Ads
C104438,2025-06-29,Meta Ads
C104439,2025-07-21,Google Ads
C104440,2025-02-09,Meta Ads
C104441,2025-06-22,Meta Ads
C104442,2025-12-17,Meta Ads
C104443,2025-02-03,Influencer
C104444,2025-11-23,Meta Ads
C104445,2025-09-18,Influencer
C104446,2025-11-10,Meta Ads
C104447,2024-11-08,Google Ads
C104448,2024-10-20,Organic
C104449,2024-11-12,Meta Ads
C104450,2025-06-12,Meta Ads
C104451,2024-12-30,Google Ads
C104452,2025-07-16,Influencer
C104453,2024-11-16,Meta Ads
C104454,2025-11-28,Organic
C104455,2025-10-14,Meta Ads
C104456,2025-07-21,Meta Ads
C104457,2025-12-11,Meta Ads
C104458,2025-09-29,Organic
C104459,2025-06-27,Influencer
C104460,2024-10-24,Influencer
C104461,2025-09-08,Organic
C104462,2026-01-02,Organic
C104463,2025-01-29,Meta Ads
C104464,2025-03-05,Influencer
C104465,2024-10-07,Organic
C104466,2025-10-11,Google Ads
C104467,2025-12-10,Meta Ads
C104468,2025-03-17,Organic
C104469,2025-06-16,Google Ads
C104470,2025-05-14,Referral
C104471,2025-03-07,Influencer
C104472,2024-12-27,Google Ads
C104473,2025-10-03,Meta Ads
C104474,2024-12-08,Influencer
C104475,2025-07-12,Organic
C104476,2025-11-25,Influencer
C104477,2024-10-12,Meta Ads
C104478,2025-11-08,Organic
C104479,2025-02-15,Meta Ads
C104480,2025-11-29,Organic
C104481,2025-01-26,Influencer
C104482,2024-10-25,Google Ads
C104483,2025-12-12,Meta Ads
C104484,2025-10-22,Meta Ads
C104485,2024-11-28,Meta Ads
C104486,2025-12-18,Meta Ads
C104487,2025-09-10,Organic
C104488,2025-01-04,Organic
C104489,2025-08-17,Meta Ads
C104490,2025-05-13,Google Ads
C104491,2025-01-03,Organic
C104492,2025-11-12,Influencer
C104493,2025-03-07,Organic
C104494,2025-12-29,Meta Ads
C104495,2025-11-09,Meta Ads
C104496,2026-01-17,Meta Ads
C104497,2025-11-29,Meta Ads
C104498,2024-12-05,Organic
C104499,2026-01-17,Referral
C104500,2025-12-31,Influencer
C104501,2025-09-08,Meta Ads
C104502,2025-07-08,Meta Ads
C104503,2024-10-01,Meta Ads
C104504,2025-07-31,Meta Ads
C104505,2024-12-25,Influencer
C104506,2025-09-23,Meta Ads
C104507,2025-07-26,Meta Ads
C104508,2025-01-20,Meta Ads
C104509,2025-11-22,Google Ads
C104510,2025-04-10,Referral
C104511,2025-01-09,Google Ads
C104512,2024-10-17,Google Ads
C104513,2025-06-04,Meta Ads
C104514,2025-09-26,Google Ads
C104515,2024-11-27,Meta Ads
C104516,2024-11-22,Organic
C104517,2025-09-02,Influencer
C104518,2024-12-24,Organic
C104519,2026-01-02,Google Ads
C104520,2024-10-07,Organic
C104521,2024-10-30,Meta Ads
C104522,2025-02-04,Google Ads
C104523,2025-07-20,Influencer
C104524,2025-08-29,Google Ads
C104525,2026-01-18,Organic
C104526,2025-10-17,Influencer
C104527,2024-12-30,Meta Ads
C104528,2025-01-28,Google Ads
C104529,2025-08-17,Meta Ads
C104530,2024-12-25,Organic
C104531,2025-06-22,Meta Ads
C104532,2025-06-26,Meta Ads
C104533,2025-11-08,Meta Ads
C104534,2025-12-08,Meta Ads
C104535,2025-05-01,Organic
C104536,2025-03-09,Meta Ads
C104537,2025-12-16,Organic
C104538,2024-10-24,Google Ads
C104539,2025-03-15,Organic
C104540,2025-04-29,Organic
C104541,2025-05-22,Meta Ads
C104542,2025-10-06,Organic
C104543,2025-11-05,Organic
C104544,2026-01-29,Organic
C104545,2025-01-04,Meta Ads
C104546,2025-12-18,Meta Ads
C104547,2025-10-28,Meta Ads
C104548,2025-02-28,Referral
C104549,2025-04-07,Meta Ads
C104550,2025-03-09,Organic
C104551,2026-01-17,Google Ads
C104552,2024-10-28,Influencer
C104553,2026-01-02,Meta Ads
C104554,2025-12-26,Google Ads
C104555,2025-07-11,Influencer
C104556,2024-10-20,Organic
C104557,2025-09-06,Organic
C104558,2026-01-22,Meta Ads
C104559,2025-04-30,Organic
C104560,2026-01-14,Influencer
C104561,2024-11-17,Meta Ads
C104562,2025-03-31,Influencer
C104563,2025-02-26,Influencer
C104564,2025-03-19,Influencer
C104565,2024-10-01,Organic
C104566,2025-04-15,Meta Ads
C104567,2025-09-15,Referral
C104568,2025-11-10,Organic
C104569,2026-02-05,Organic
C104570,2025-11-19,Referral
C104571,2025-06-29,Organic
C104572,2025-05-17,Google Ads
C104573,2025-10-03,Google Ads
C104574,2025-05-10,Meta Ads
C104575,2025-12-21,Organic
C104576,2025-04-22,Meta Ads
C104577,2025-08-28,Google Ads
C104578,2025-04-22,Meta Ads
C104579,2025-10-10,Organic
C104580,2025-09-09,Meta Ads
C104581,2024-12-02,Meta Ads
C104582,2024-12-24,Organic
C104583,2025-08-18,Referral
C104584,2025-11-07,Referral
C104585,2025-11-01,Meta Ads
C104586,2025-12-08,Meta Ads
C104587,2025-11-05,Meta Ads
C104588,2025-01-13,Influencer
C104589,2025-11-20,Meta Ads
C104590,2025-10-19,Organic
C104591,2024-10-03,Meta Ads
C104592,2025-06-17,Influencer
C104593,2025-03-04,Organic
C104594,2025-07-07,Organic
C104595,2025-01-05,Google Ads
C104596,2024-11-23,Google Ads
C104597,2025-02-22,Organic
C104598,2025-08-05,Meta Ads
C104599,2026-01-22,Meta Ads
C104600,2025-03-15,Meta Ads
C104601,2026-01-24,Meta Ads
C104602,2025-09-14,Organic
C104603,2025-11-16,Organic
C104604,2025-08-10,Organic
C104605,2025-05-28,Referral
C104606,2025-01-12,Organic
C104607,2025-10-16,Google Ads
C104608,2025-03-27,Referral
C104609,2024-12-27,Organic
C104610,2025-10-06,Influencer
C104611,2024-12-24,Meta Ads
C104612,2025-12-29,Organic
C104613,2024-12-05,Referral
C104614,2025-12-13,Organic
C104615,2025-11-11,Google Ads
C104616,2025-10-31,Meta Ads
C104617,2024-12-12,Meta Ads
C104618,2025-02-17,Meta Ads
C104619,2025-11-12,Influencer
C104620,2024-12-23,Meta Ads
C104621,2025-11-14,Google Ads
C104622,2024-11-11,Influencer
C104623,2024-11-17,Meta Ads
C104624,2025-02-21,Meta Ads
C104625,2025-05-25,Meta Ads
C104626,2025-02-24,Meta Ads
C104627,2025-04-27,Organic
C104628,2025-07-20,Organic
C104629,2026-01-12,Influencer
C104630,2025-03-18,Organic
C104631,2025-08-22,Google Ads
C104632,2025-12-03,Organic
C104633,2025-02-04,Google Ads
C104634,2025-07-16,Organic
C104635,2024-11-10,Meta Ads
C104636,2025-03-14,Influencer
C104637,2025-06-29,Influencer
C104638,2025-07-31,Meta Ads
C104639,2025-07-07,Meta Ads
C104640,2025-06-24,Organic
C104641,2025-04-24,Google Ads
C104642,2025-07-11,Google Ads
C104643,2025-10-14,Google Ads
C104644,2024-12-07,Meta Ads
C104645,2025-03-25,Referral
C104646,2025-12-02,Organic
C104647,2025-09-30,Influencer
C104648,2024-10-02,Meta Ads
C104649,2025-11-30,Google Ads
C104650,2025-08-18,Google Ads
C104651,2026-01-24,Google Ads
C104652,2025-11-10,Influencer
C104653,2025-11-16,Meta Ads
C104654,2025-10-20,Influencer
C104655,2025-09-24,Google Ads
C104656,2025-07-04,Google Ads
C104657,2025-03-24,Organic
C104658,2025-06-08,Influencer
C104659,2025-08-07,Google Ads
C104660,2025-11-14,Meta Ads
C104661,2025-01-17,Organic
C104662,2026-01-07,Google Ads
C104663,2025-04-28,Meta Ads
C104664,2025-12-14,Meta Ads
C104665,2025-11-27,Meta Ads
C104666,2025-04-27,Meta Ads
C104667,2025-03-05,Google Ads
C104668,2025-07-02,Meta Ads
C104669,2025-04-20,Google Ads
C104670,2025-02-28,Meta Ads
C104671,2025-07-29,Meta Ads
C104672,2025-11-08,Meta Ads
C104673,2025-11-08,Meta Ads
C104674,2025-10-29,Meta Ads
C104675,2025-08-09,Organic
C104676,2025-01-06,Meta Ads
C104677,2026-02-04,Google Ads
C104678,2024-10-20,Meta Ads
C104679,2024-12-17,Google Ads
C104680,2025-01-18,Organic
C104681,2024-12-23,Meta Ads
C104682,2025-07-04,Organic
C104683,2025-11-09,Meta Ads
C104684,2024-12-15,Meta Ads
C104685,2024-11-30,Influencer
C104686,2024-10-24,Meta Ads
C104687,2024-12-19,Influencer
C104688,2025-12-29,Organic
C104689,2025-12-09,Meta Ads
C104690,2024-12-07,Meta Ads
C104691,2024-12-03,Influencer
C104692,2025-01-11,Meta Ads
C104693,2025-08-04,Google Ads
C104694,2025-05-24,Google Ads
C104695,2025-12-30,Organic
C104696,2024-12-19,Meta Ads
C104697,2025-12-05,Referral
C104698,2025-03-28,Google Ads
C104699,2025-01-19,Influencer
C104700,2025-05-05,Google Ads
C104701,2025-12-10,Google Ads
C104702,2024-11-18,Influencer
C104703,2025-09-01,Organic
C104704,2025-07-31,Meta Ads
C104705,2025-10-14,Meta Ads
C104706,2024-11-08,Influencer
C104707,2025-08-24,Influencer
C104708,2025-01-22,Google Ads
C104709,2024-10-07,Influencer
C104710,2025-09-28,Meta Ads
C104711,2025-05-17,Organic
C104712,2025-01-29,Influencer
C104713,2025-12-06,Organic
C104714,2025-02-17,Referral
C104715,2026-01-12,Meta Ads
C104716,2026-01-22,Organic
C104717,2025-08-16,Meta Ads
C104718,2024-11-08,Organic
C104719,2025-06-20,Meta Ads
C104720,2025-07-06,Meta Ads
C104721,2025-11-25,Meta Ads
C104722,2025-02-02,Referral
C104723,2024-12-11,Meta Ads
C104724,2025-01-11,Meta Ads
C104725,2024-10-18,Google Ads
C104726,2024-11-22,Influencer
C104727,2025-01-18,Google Ads
C104728,2025-02-11,Influencer
C104729,2024-11-18,Google Ads
C104730,2025-01-31,Meta Ads
C104731,2025-07-09,Meta Ads
C104732,2025-10-09,Google Ads
C104733,2025-07-12,Google Ads
C104734,2025-08-31,Influencer
C104735,2025-10-03,Organic
C104736,2025-07-21,Referral
C104737,2025-01-02,Influencer
C104738,2025-01-13,Meta Ads
C104739,2026-01-18,Meta Ads
C104740,2026-01-23,Meta Ads
C104741,2025-01-16,Influencer
C104742,2024-10-24,Meta Ads
C104743,2026-01-16,Meta Ads
C104744,2025-04-19,Organic
C104745,2025-08-03,Meta Ads
C104746,2025-11-29,Organic
C104747,2025-09-22,Influencer
C104748,2024-10-30,Referral
C104749,2025-04-30,Google Ads
C104750,2025-11-18,Google Ads
C104751,2026-02-08,Meta Ads
C104752,2025-02-26,Meta Ads
C104753,2024-10-29,Google Ads
C104754,2025-09-05,Organic
C104755,2024-12-07,Meta Ads
C104756,2025-03-19,Organic
C104757,2025-04-29,Meta Ads
C104758,2024-10-01,Referral
C104759,2025-01-01,Meta Ads
C104760,2026-02-10,Google Ads
C104761,2024-10-03,Google Ads
C104762,2025-07-20,Organic
C104763,2025-03-06,Organic
C104764,2025-08-03,Referral
C104765,2024-11-23,Meta Ads
C104766,2025-05-09,Influencer
C104767,2025-06-23,Google Ads
C104768,2025-02-14,Google Ads
C104769,2025-11-28,Organic
C104770,2025-01-03,Google Ads
C104771,2025-06-30,Google Ads
C104772,2025-01-07,Influencer
C104773,2025-08-04,Meta Ads
C104774,2024-10-30,Meta Ads
C104775,2025-01-25,Referral
C104776,2026-01-18,Influencer
C104777,2026-01-22,Google Ads
C104778,2025-03-14,Influencer
C104779,2025-04-17,Meta Ads
C104780,2025-04-18,Meta Ads
C104781,2025-06-23,Google Ads
C104782,2024-12-03,Meta Ads
C104783,2024-11-29,Google Ads
C104784,2025-09-12,Meta Ads
C104785,2025-09-07,Meta Ads
C104786,2025-11-06,Organic
C104787,2024-11-29,Organic
C104788,2025-12-08,Meta Ads
C104789,2024-10-20,Meta Ads
C104790,2025-04-02,Meta Ads
C104791,2025-09-26,Referral
C104792,2025-03-15,Google Ads
C104793,2025-03-06,Organic
C104794,2024-10-22,Referral
C104795,2025-06-24,Google Ads
C104796,2025-12-24,Google Ads
C104797,2026-02-07,Google Ads
C104798,2025-11-13,Organic
C104799,2025-05-10,Google Ads
C104800,2025-04-02,Meta Ads
C104801,2025-07-13,Referral
C104802,2025-06-05,Meta Ads
C104803,2025-03-02,Influencer
C104804,2025-01-04,Meta Ads
C104805,2025-12-12,Meta Ads
C104806,2025-02-27,Google Ads
C104807,2025-12-14,Meta Ads
C104808,2025-10-20,Google Ads
C104809,2025-04-18,Google Ads
C104810,2025-10-31,Google Ads
C104811,2025-02-19,Meta Ads
C104812,2025-10-17,Referral
C104813,2025-04-27,Google Ads
C104814,2025-04-20,Organic
C104815,2025-12-14,Meta Ads
C104816,2025-10-16,Meta Ads
C104817,2026-02-12,Google Ads
C104818,2026-01-09,Organic
C104819,2025-06-19,Organic
C104820,2025-01-17,Influencer
C104821,2026-02-01,Meta Ads
C104822,2026-01-22,Organic
C104823,2025-12-20,Google Ads
C104824,2025-10-26,Referral
C104825,2024-11-02,Organic
C104826,2025-06-08,Meta Ads
C104827,2024-11-04,Organic
C104828,2026-01-31,Influencer
C104829,2025-10-07,Meta Ads
C104830,2026-01-07,Meta Ads
C104831,2025-05-16,Referral
C104832,2024-10-25,Google Ads
C104833,2024-12-25,Meta Ads
C104834,2025-02-24,Google Ads
C104835,2025-10-17,Influencer
C104836,2024-12-26,Meta Ads
C104837,2024-10-27,Meta Ads
C104838,2025-10-28,Meta Ads
C104839,2024-10-30,Organic
C104840,2026-01-29,Meta Ads
C104841,2025-05-23,Referral
C104842,2025-09-15,Google Ads
C104843,2026-02-02,Meta Ads
C104844,2025-10-11,Influencer
C104845,2024-11-16,Referral
C104846,2025-10-26,Google Ads
C104847,2025-09-16,Meta Ads
C104848,2025-01-11,Google Ads
C104849,2025-09-25,Influencer
C104850,2025-10-09,Influencer
C104851,2025-08-28,Meta Ads
C104852,2025-08-07,Meta Ads
C104853,2025-12-05,Meta Ads
C104854,2024-11-09,Meta Ads
C104855,2025-08-03,Referral
C104856,2024-12-04,Google Ads
C104857,2025-06-23,Organic
C104858,2024-10-08,Influencer
C104859,2025-12-12,Meta Ads
C104860,2024-11-12,Meta Ads
C104861,2026-02-02,Influencer
C104862,2025-10-17,Meta Ads
C104863,2025-10-25,Google Ads
C104864,2024-12-21,Meta Ads
C104865,2024-11-09,Influencer
C104866,2025-03-20,Influencer
C104867,2025-09-15,Meta Ads
C104868,2026-01-23,Meta Ads
C104869,2025-11-30,Google Ads
C104870,2026-01-27,Organic
C104871,2025-01-10,Influencer
C104872,2025-02-27,Organic
C104873,2025-09-19,Organic
C104874,2025-04-22,Meta Ads
C104875,2025-07-16,Meta Ads
C104876,2026-01-21,Influencer
C104877,2026-01-25,Meta Ads
C104878,2025-07-20,Google Ads
C104879,2025-11-14,Organic
C104880,2024-10-18,Meta Ads
C104881,2025-05-19,Meta Ads
C104882,2025-01-22,Meta Ads
C104883,2025-09-15,Referral
C104884,2026-01-11,Meta Ads
C104885,2025-07-14,Google Ads
C104886,2025-04-23,Organic
C104887,2025-09-30,Meta Ads
C104888,2025-11-16,Meta Ads
C104889,2025-04-26,Google Ads
C104890,2025-05-12,Google Ads
C104891,2025-06-20,Organic
C104892,2025-09-07,Meta Ads
C104893,2025-05-24,Meta Ads
C104894,2025-12-09,Meta Ads
C104895,2025-12-18,Meta Ads
C104896,2024-11-03,Google Ads
C104897,2025-06-11,Meta Ads
C104898,2024-12-08,Google Ads
C104899,2025-02-26,Referral
C104900,2025-09-28,Google Ads
C104901,2025-12-28,Meta Ads
C104902,2026-02-02,Google Ads
C104903,2024-11-21,Influencer
C104904,2025-01-07,Meta Ads
C104905,2025-02-01,Organic
C104906,2025-05-09,Google Ads
C104907,2025-10-28,Organic
C104908,2025-01-24,Influencer
C104909,2025-05-23,Organic
C104910,2026-01-05,Google Ads
C104911,2024-11-11,Influencer
C104912,2025-05-18,Meta Ads
C104913,2024-10-13,Organic
C104914,2025-06-09,Influencer
C104915,2024-10-19,Meta Ads
C104916,2025-06-23,Organic
C104917,2025-05-15,Organic
C104918,2026-01-30,Meta Ads
C104919,2025-09-14,Meta Ads
C104920,2025-03-21,Google Ads
C104921,2025-10-02,Meta Ads
C104922,2025-05-28,Referral
C104923,2026-02-04,Google Ads
C104924,2025-01-03,Organic
C104925,2024-12-29,Influencer
C104926,2025-06-25,Meta Ads
C104927,2025-10-17,Referral
C104928,2026-01-17,Organic
C104929,2025-09-04,Meta Ads
C104930,2025-02-21,Meta Ads
C104931,2025-04-26,Meta Ads
C104932,2025-08-01,Referral
C104933,2025-07-23,Meta Ads
C104934,2024-12-15,Google Ads
C104935,2026-02-03,Meta Ads
C104936,2025-04-20,Google Ads
C104937,2025-10-07,Meta Ads
C104938,2025-04-12,Meta Ads
C104939,2025-03-27,Referral
C104940,2025-12-24,Organic
C104941,2025-02-21,Meta Ads
C104942,2025-01-15,Google Ads
C104943,2026-01-12,Influencer
C104944,2025-02-26,Google Ads
C104945,2025-06-22,Google Ads
C104946,2025-05-19,Influencer
C104947,2025-02-20,Referral
C104948,2025-04-18,Google Ads
C104949,2025-12-29,Meta Ads
C104950,2025-08-23,Organic
C104951,2025-05-25,Organic
C104952,2025-09-13,Meta Ads
C104953,2024-12-11,Google Ads
C104954,2025-12-22,Google Ads
C104955,2026-01-17,Google Ads
C104956,2026-02-02,Organic
C104957,2025-02-03,Influencer
C104958,2025-02-05,Meta Ads
C104959,2025-04-04,Meta Ads
C104960,2024-11-22,Meta Ads
C104961,2025-04-26,Google Ads
C104962,2025-11-14,Meta Ads
C104963,2025-03-02,Influencer
C104964,2025-01-10,Referral
C104965,2025-10-25,Google Ads
C104966,2026-01-22,Google Ads
C104967,2024-10-02,Google Ads
C104968,2024-12-11,Google Ads
C104969,2025-06-28,Referral
C104970,2025-11-27,Organic
C104971,2025-09-30,Google Ads
C104972,2024-12-13,Organic
C104973,2025-12-24,Organic
C104974,2025-01-14,Organic
C104975,2025-02-11,Influencer
C104976,2025-09-23,Google Ads
C104977,2026-01-02,Meta Ads
C104978,2025-07-30,Google Ads
C104979,2025-09-28,Google Ads
C104980,2025-03-29,Google Ads
C104981,2025-11-18,Meta Ads
C104982,2025-12-20,Google Ads
C104983,2024-12-01,Referral
C104984,2025-07-05,Referral
C104985,2026-01-14,Google Ads
C104986,2025-12-18,Organic
C104987,2025-02-05,Meta Ads
C104988,2025-08-19,Influencer
C104989,2025-06-20,Meta Ads
C104990,2025-05-18,Meta Ads
C104991,2025-04-20,Google Ads
C104992,2024-11-05,Organic
C104993,2025-03-22,Organic
C104994,2025-09-26,Meta Ads
C104995,2025-06-04,Google Ads
C104996,2025-06-12,Meta Ads
C104997,2025-11-16,Meta Ads
C104998,2024-10-13,Meta Ads
C104999,2025-05-29,Meta Ads
C105000,2024-11-20,Meta Ads
C105001,2024-10-06,Influencer
C105002,2025-09-18,Google Ads
C105003,2024-10-04,Meta Ads
C105004,2025-08-12,Influencer
C105005,2025-08-04,Referral
C105006,2025-03-15,Influencer
C105007,2024-11-20,Meta Ads
C105008,2025-06-08,Meta Ads
C105009,2025-04-24,Referral
C105010,2025-10-09,Meta Ads
C105011,2026-02-04,Google Ads
C105012,2025-01-28,Influencer
C105013,2025-05-18,Meta Ads
C105014,2024-10-15,Influencer
C105015,2024-10-15,Influencer
C105016,2025-11-21,Referral
C105017,2025-01-30,Influencer
C105018,2025-05-11,Google Ads
C105019,2025-08-17,Meta Ads
C105020,2024-10-11,Meta Ads
C105021,2025-06-20,Meta Ads
C105022,2026-02-06,Organic
C105023,2025-03-31,Google Ads
C105024,2025-10-24,Meta Ads
C105025,2025-12-13,Meta Ads
C105026,2025-07-28,Meta Ads
C105027,2025-04-28,Meta Ads
C105028,2025-06-23,Google Ads
C105029,2025-12-12,Meta Ads
C105030,2026-01-28,Organic
C105031,2025-01-02,Google Ads
C105032,2025-10-24,Meta Ads
C105033,2025-02-23,Organic
C105034,2025-09-19,Google Ads
C105035,2025-10-11,Influencer
C105036,2025-09-16,Meta Ads
C105037,2025-01-05,Meta Ads
C105038,2025-09-25,Google Ads
C105039,2024-12-02,Influencer
C105040,2025-01-17,Meta Ads
C105041,2025-03-29,Meta Ads
C105042,2026-02-01,Google Ads
C105043,2025-10-17,Google Ads
C105044,2025-04-24,Meta Ads
C105045,2025-06-22,Influencer
C105046,2025-12-31,Meta Ads
C105047,2025-07-07,Organic
C105048,2025-02-10,Influencer
C105049,2026-02-11,Google Ads
C105050,2025-01-31,Influencer
C105051,2024-10-24,Google Ads
C105052,2025-06-15,Meta Ads
C105053,2025-09-17,Organic
C105054,2025-02-05,Google Ads
C105055,2025-01-13,Referral
C105056,2024-10-05,Influencer
C105057,2025-06-05,Organic
C105058,2024-12-21,Meta Ads
C105059,2025-11-01,Organic
C105060,2025-02-02,Influencer
C105061,2025-10-19,Organic
C105062,2025-12-30,Organic
C105063,2025-03-24,Google Ads
C105064,2024-10-05,Organic
C105065,2026-02-04,Meta Ads
C105066,2025-03-05,Google Ads
C105067,2025-06-24,Organic
C105068,2026-01-07,Organic
C105069,2025-12-14,Influencer
C105070,2025-05-28,Influencer
C105071,2025-02-10,Influencer
C105072,2025-12-16,Google Ads
C105073,2025-07-18,Organic
C105074,2025-09-21,Organic
C105075,2025-01-11,Organic
C105076,2025-05-08,Influencer
C105077,2025-02-12,Influencer
C105078,2025-01-14,Meta Ads
C105079,2025-06-14,Organic
C105080,2025-10-24,Influencer
C105081,2025-01-11,Influencer
C105082,2025-07-05,Meta Ads
C105083,2025-02-06,Meta Ads
C105084,2025-12-08,Meta Ads
C105085,2025-08-13,Meta Ads
C105086,2025-05-15,Organic
C105087,2024-10-10,Google Ads
C105088,2025-09-27,Referral
C105089,2025-07-15,Organic
C105090,2025-08-07,Google Ads
C105091,2025-02-06,Meta Ads
C105092,2025-07-20,Meta Ads
C105093,2026-01-29,Meta Ads
C105094,2025-12-02,Meta Ads
C105095,2025-03-12,Meta Ads
C105096,2025-05-08,Meta Ads
C105097,2026-02-03,Meta Ads
C105098,2025-06-03,Meta Ads
C105099,2024-11-29,Google Ads
C105100,2025-10-08,Influencer
C105101,2025-03-02,Meta Ads
C105102,2025-09-19,Meta Ads
C105103,2025-09-04,Meta Ads
C105104,2024-12-11,Meta Ads
C105105,2025-05-19,Organic
C105106,2025-09-19,Google Ads
C105107,2024-12-05,Meta Ads
C105108,2025-09-08,Meta Ads
C105109,2025-07-26,Organic
C105110,2025-07-13,Google Ads
C105111,2025-08-10,Meta Ads
C105112,2024-11-09,Google Ads
C105113,2025-07-01,Meta Ads
C105114,2025-02-09,Organic
C105115,2025-12-08,Google Ads
C105116,2025-10-04,Referral
C105117,2025-06-13,Meta Ads
C105118,2025-01-10,Google Ads
C105119,2026-01-21,Meta Ads
C105120,2025-10-29,Meta Ads
C105121,2025-11-26,Influencer
C105122,2025-11-15,Meta Ads
C105123,2025-11-01,Meta Ads
C105124,2024-10-23,Organic
C105125,2025-08-09,Meta Ads
C105126,2025-10-27,Organic
C105127,2024-10-20,Organic
C105128,2024-12-29,Influencer
C105129,2025-04-18,Influencer
C105130,2026-02-10,Meta Ads
C105131,2026-01-20,Influencer
C105132,2025-02-17,Google Ads
C105133,2026-01-27,Meta Ads
C105134,2024-12-24,Influencer
C105135,2025-03-07,Meta Ads
C105136,2025-11-06,Meta Ads
C105137,2025-05-29,Meta Ads
C105138,2025-07-31,Organic
C105139,2025-10-01,Meta Ads
C105140,2025-11-28,Organic
C105141,2025-04-08,Meta Ads
C105142,2025-03-13,Google Ads
C105143,2025-07-31,Meta Ads
C105144,2025-06-08,Meta Ads
C105145,2025-06-28,Organic
C105146,2025-05-19,Google Ads
C105147,2025-12-09,Meta Ads
C105148,2025-03-23,Organic
C105149,2025-10-15,Organic
C105150,2024-11-15,Meta Ads
C105151,2025-12-02,Meta Ads
C105152,2026-02-08,Influencer
C105153,2025-08-24,Google Ads
C105154,2025-09-11,Meta Ads
C105155,2025-05-29,Meta Ads
C105156,2025-08-16,Meta Ads
C105157,2026-02-04,Google Ads
C105158,2025-06-01,Meta Ads
C105159,2025-01-21,Organic
C105160,2026-02-11,Google Ads
C105161,2025-07-05,Referral
C105162,2025-09-07,Google Ads
C105163,2025-08-16,Meta Ads
C105164,2025-09-20,Meta Ads
C105165,2025-11-03,Organic
C105166,2025-03-12,Influencer
C105167,2025-09-12,Meta Ads
C105168,2026-01-07,Influencer
C105169,2024-11-17,Google Ads
C105170,2025-03-04,Google Ads
C105171,2024-10-04,Meta Ads
C105172,2026-01-29,Google Ads
C105173,2024-10-13,Organic
C105174,2025-03-20,Meta Ads
C105175,2026-01-08,Meta Ads
C105176,2025-10-16,Google Ads
C105177,2024-10-28,Referral
C105178,2025-02-11,Meta Ads
C105179,2025-12-20,Google Ads
C105180,2025-04-26,Referral
C105181,2025-09-30,Meta Ads
C105182,2026-01-15,Referral
C105183,2025-09-05,Google Ads
C105184,2025-07-07,Google Ads
C105185,2025-04-04,Meta Ads
C105186,2025-06-16,Referral
C105187,2026-01-29,Google Ads
C105188,2025-02-02,Referral
C105189,2024-10-31,Google Ads
C105190,2025-02-01,Meta Ads
C105191,2025-05-04,Meta Ads
C105192,2025-01-17,Google Ads
C105193,2024-12-28,Meta Ads
C105194,2025-12-02,Meta Ads
C105195,2025-05-16,Influencer
C105196,2025-08-24,Organic
C105197,2026-01-20,Meta Ads
C105198,2025-01-29,Meta Ads
C105199,2025-05-03,Meta Ads
C105200,2025-12-27,Organic
C105201,2025-10-31,Influencer
C105202,2025-06-20,Meta Ads
C105203,2026-02-01,Meta Ads
C105204,2025-04-10,Google Ads
C105205,2025-11-05,Influencer
C105206,2025-04-05,Organic
C105207,2025-07-19,Meta Ads
C105208,2025-11-23,Google Ads
C105209,2025-06-28,Meta Ads
C105210,2025-02-27,Influencer
C105211,2025-05-20,Meta Ads
C105212,2024-12-14,Google Ads
C105213,2024-10-03,Meta Ads
C105214,2025-03-21,Meta Ads
C105215,2025-10-14,Google Ads
C105216,2025-11-12,Meta Ads
C105217,2025-08-09,Google Ads
C105218,2025-03-05,Google Ads
C105219,2024-12-29,Google Ads
C105220,2025-12-09,Meta Ads
C105221,2025-01-07,Google Ads
C105222,2025-11-14,Referral
C105223,2025-01-01,Organic
C105224,2025-03-02,Meta Ads
C105225,2024-11-01,Meta Ads
C105226,2025-07-13,Google Ads
C105227,2025-04-18,Influencer
C105228,2025-04-09,Meta Ads
C105229,2026-01-23,Organic
C105230,2025-01-26,Google Ads
C105231,2025-12-03,Meta Ads
C105232,2025-10-02,Organic
C105233,2025-09-04,Referral
C105234,2026-02-07,Referral
C105235,2025-06-12,Meta Ads
C105236,2025-10-05,Meta Ads
C105237,2025-01-24,Influencer
C105238,2025-08-18,Organic
C105239,2025-02-07,Meta Ads
C105240,2025-02-15,Influencer
C105241,2025-03-17,Meta Ads
C105242,2025-06-26,Meta Ads
C105243,2025-12-29,Referral
C105244,2025-02-26,Meta Ads
C105245,2024-12-27,Influencer
C105246,2025-11-21,Google Ads
C105247,2025-06-14,Meta Ads
C105248,2025-04-08,Influencer
C105249,2024-12-29,Meta Ads
C105250,2024-11-19,Referral
C105251,2025-02-22,Organic
C105252,2024-12-16,Organic
C105253,2025-01-12,Meta Ads
C105254,2025-04-03,Google Ads
C105255,2025-12-25,Meta Ads
C105256,2025-06-13,Meta Ads
C105257,2024-12-18,Meta Ads
C105258,2025-09-06,Referral
C105259,2025-05-18,Google Ads
C105260,2025-03-14,Meta Ads
C105261,2024-10-07,Organic
C105262,2024-12-22,Organic
C105263,2026-02-01,Meta Ads
C105264,2025-07-13,Influencer
C105265,2025-08-11,Meta Ads
C105266,2025-05-06,Meta Ads
C105267,2025-09-29,Influencer
C105268,2025-08-10,Google Ads
C105269,2025-03-16,Meta Ads
C105270,2025-04-23,Organic
C105271,2026-01-16,Organic
C105272,2024-11-02,Meta Ads
C105273,2025-04-20,Meta Ads
C105274,2025-03-18,Meta Ads
C105275,2024-12-27,Meta Ads
C105276,2025-01-23,Meta Ads
C105277,2025-10-20,Meta Ads
C105278,2026-02-03,Meta Ads
C105279,2026-01-01,Meta Ads
C105280,2025-10-10,Google Ads
C105281,2024-10-04,Influencer
C105282,2025-11-16,Google Ads
C105283,2025-03-17,Google Ads
C105284,2026-01-26,Meta Ads
C105285,2025-06-21,Organic
C105286,2025-06-06,Influencer
C105287,2026-01-11,Referral
C105288,2025-03-27,Google Ads
C105289,2025-05-27,Influencer
C105290,2025-04-02,Organic
C105291,2025-06-09,Influencer
C105292,2025-07-25,Google Ads
C105293,2025-11-04,Referral
C105294,2025-05-14,Meta Ads
C105295,2026-01-26,Meta Ads
C105296,2025-06-28,Google Ads
C105297,2025-02-11,Influencer
C105298,2025-10-16,Influencer
C105299,2024-12-22,Influencer
C105300,2025-06-09,Meta Ads
C105301,2025-07-23,Meta Ads
C105302,2025-08-25,Organic
C105303,2025-11-01,Meta Ads
C105304,2025-03-05,Influencer
C105305,2025-03-20,Influencer
C105306,2025-05-26,Meta Ads
C105307,2024-12-01,Meta Ads
C105308,2025-02-08,Google Ads
C105309,2025-06-11,Google Ads
C105310,2025-06-17,Meta Ads
C105311,2025-02-22,Google Ads
C105312,2025-07-21,Meta Ads
C105313,2025-11-11,Referral
C105314,2025-04-08,Google Ads
C105315,2025-01-23,Meta Ads
C105316,2025-03-31,Influencer
C105317,2024-12-10,Google Ads
C105318,2025-08-30,Influencer
C105319,2025-03-07,Meta Ads
C105320,2025-07-07,Organic
C105321,2025-06-13,Meta Ads
C105322,2025-09-02,Meta Ads
C105323,2026-01-10,Referral
C105324,2025-08-01,Meta Ads
C105325,2026-01-28,Google Ads
C105326,2024-10-11,Google Ads
C105327,2025-01-03,Influencer
C105328,2025-12-05,Influencer
C105329,2024-10-13,Organic
C105330,2025-07-03,Organic
C105331,2024-10-17,Meta Ads
C105332,2025-04-11,Organic
C105333,2024-11-30,Meta Ads
C105334,2025-10-01,Google Ads
C105335,2024-10-14,Organic
C105336,2025-08-02,Organic
C105337,2025-01-28,Meta Ads
C105338,2025-01-24,Influencer
C105339,2025-10-12,Google Ads
C105340,2025-09-12,Organic
C105341,2025-04-26,Meta Ads
C105342,2024-11-08,Referral
C105343,2025-01-18,Organic
C105344,2025-04-06,Organic
C105345,2025-08-19,Influencer
C105346,2024-12-12,Organic
C105347,2024-10-24,Organic
C105348,2024-11-08,Organic
C105349,2025-03-29,Influencer
C105350,2025-03-12,Meta Ads
C105351,2024-12-24,Meta Ads
C105352,2025-12-11,Meta Ads
C105353,2025-12-24,Google Ads
C105354,2025-05-31,Meta Ads
C105355,2024-12-09,Google Ads
C105356,2025-07-12,Meta Ads
C105357,2024-10-27,Organic
C105358,2024-11-01,Google Ads
C105359,2025-09-28,Referral
C105360,2025-05-09,Meta Ads
C105361,2026-01-17,Google Ads
C105362,2025-05-15,Referral
C105363,2024-12-16,Organic
C105364,2024-11-04,Organic
C105365,2026-01-25,Google Ads
C105366,2025-08-11,Meta Ads
C105367,2025-11-12,Meta Ads
C105368,2025-10-12,Organic
C105369,2025-08-16,Meta Ads
C105370,2025-04-03,Google Ads
C105371,2024-11-27,Influencer
C105372,2025-01-09,Meta Ads
C105373,2025-10-15,Google Ads
C105374,2025-12-12,Organic
C105375,2025-08-10,Google Ads
C105376,2025-11-02,Organic
C105377,2024-11-09,Google Ads
C105378,2025-03-23,Meta Ads
C105379,2025-04-12,Organic
C105380,2024-12-10,Google Ads
C105381,2025-01-05,Meta Ads
C105382,2024-12-23,Organic
C105383,2025-08-20,Google Ads
C105384,2025-04-17,Organic
C105385,2025-04-17,Meta Ads
C105386,2025-08-09,Google Ads
C105387,2025-09-19,Meta Ads
C105388,2025-04-11,Meta Ads
C105389,2024-10-09,Organic
C105390,2024-11-09,Meta Ads
C105391,2024-12-19,Google Ads
C105392,2025-03-15,Meta Ads
C105393,2025-08-31,Organic
C105394,2026-01-01,Organic
C105395,2025-08-24,Meta Ads
C105396,2025-12-09,Google Ads
C105397,2025-06-08,Organic
C105398,2025-04-15,Meta Ads
C105399,2025-11-26,Influencer
C105400,2025-10-26,Meta Ads
C105401,2025-01-10,Influencer
C105402,2025-04-07,Meta Ads
C105403,2025-04-25,Influencer
C105404,2025-06-28,Referral
C105405,2025-09-28,Influencer
C105406,2025-10-30,Organic
C105407,2025-01-19,Influencer
C105408,2024-11-22,Meta Ads
C105409,2024-11-17,Influencer
C105410,2024-12-02,Google Ads
C105411,2024-12-02,Meta Ads
C105412,2025-02-03,Google Ads
C105413,2025-06-20,Google Ads
C105414,2024-10-15,Meta Ads
C105415,2025-10-15,Influencer
C105416,2025-05-18,Meta Ads
C105417,2025-04-02,Influencer
C105418,2025-07-26,Organic
C105419,2024-12-27,Google Ads
C105420,2025-04-19,Google Ads
C105421,2026-01-12,Influencer
C105422,2025-03-15,Google Ads
C105423,2024-11-19,Meta Ads
C105424,2025-01-17,Meta Ads
C105425,2025-10-01,Influencer
C105426,2024-11-14,Meta Ads
C105427,2025-07-11,Meta Ads
C105428,2025-02-08,Meta Ads
C105429,2025-07-15,Meta Ads
C105430,2025-05-08,Influencer
C105431,2025-12-31,Influencer
C105432,2024-10-07,Google Ads
C105433,2025-09-03,Google Ads
C105434,2024-10-26,Referral
C105435,2025-10-03,Organic
C105436,2024-12-17,Referral
C105437,2024-12-26,Meta Ads
C105438,2025-02-12,Influencer
C105439,2026-02-11,Meta Ads
C105440,2025-06-14,Meta Ads
C105441,2025-11-22,Google Ads
C105442,2025-03-01,Influencer
C105443,2025-11-08,Referral
C105444,2025-04-27,Organic
C105445,2025-09-16,Meta Ads
C105446,2025-08-16,Meta Ads
C105447,2025-09-14,Google Ads
C105448,2025-04-12,Organic
C105449,2025-07-31,Meta Ads
C105450,2025-12-04,Meta Ads
C105451,2025-11-23,Meta Ads
C105452,2026-02-10,Google Ads
C105453,2024-11-06,Meta Ads
C105454,2025-12-13,Meta Ads
C105455,2025-11-12,Organic
C105456,2024-12-23,Meta Ads
C105457,2025-01-11,Meta Ads
C105458,2025-10-04,Meta Ads
C105459,2025-05-14,Meta Ads
C105460,2025-02-21,Google Ads
C105461,2026-01-06,Meta Ads
C105462,2025-11-04,Influencer
C105463,2025-06-08,Organic
C105464,2025-06-18,Organic
C105465,2025-11-15,Google Ads
C105466,2024-10-18,Influencer
C105467,2025-11-07,Google Ads
C105468,2025-11-22,Google Ads
C105469,2025-06-23,Influencer
C105470,2026-01-16,Organic
C105471,2026-02-07,Meta Ads
C105472,2026-01-24,Meta Ads
C105473,2025-10-21,Meta Ads
C105474,2025-02-28,Meta Ads
C105475,2026-01-07,Google Ads
C105476,2025-12-17,Google Ads
C105477,2024-12-16,Influencer
C105478,2025-05-20,Organic
C105479,2024-10-13,Organic
C105480,2025-04-10,Google Ads
C105481,2026-02-11,Organic
C105482,2025-08-22,Google Ads
C105483,2025-07-25,Google Ads
C105484,2024-12-30,Organic
C105485,2025-02-07,Organic
C105486,2025-04-01,Organic
C105487,2025-05-28,Meta Ads
C105488,2025-02-01,Influencer
C105489,2025-09-18,Meta Ads
C105490,2025-01-26,Organic
C105491,2025-07-29,Influencer
C105492,2024-12-25,Organic
C105493,2025-05-14,Meta Ads
C105494,2025-06-20,Referral
C105495,2025-06-08,Organic
C105496,2024-12-16,Referral
C105497,2025-09-13,Google Ads
C105498,2025-05-16,Influencer
C105499,2025-04-10,Meta Ads
C105500,2025-10-30,Referral
C105501,2024-12-14,Meta Ads
C105502,2025-09-12,Meta Ads
C105503,2025-10-11,Meta Ads
C105504,2025-07-16,Google Ads
C105505,2024-10-30,Google Ads
C105506,2026-01-23,Organic
C105507,2025-10-02,Organic
C105508,2025-06-02,Meta Ads
C105509,2025-04-25,Organic
C105510,2025-12-25,Google Ads
C105511,2025-10-22,Google Ads
C105512,2024-12-06,Referral
C105513,2025-01-11,Organic
C105514,2025-03-10,Google Ads
C105515,2025-04-06,Meta Ads
C105516,2025-08-25,Meta Ads
C105517,2026-02-12,Organic
C105518,2025-11-12,Influencer
C105519,2024-11-13,Meta Ads
C105520,2025-06-01,Google Ads
C105521,2025-08-25,Meta Ads
C105522,2025-11-07,Meta Ads
C105523,2025-08-23,Referral
C105524,2025-06-07,Google Ads
C105525,2024-10-09,Influencer
C105526,2024-11-26,Google Ads
C105527,2025-03-27,Google Ads
C105528,2024-12-06,Google Ads
C105529,2025-02-21,Influencer
C105530,2025-05-01,Influencer
C105531,2025-04-14,Referral
C105532,2025-10-05,Meta Ads
C105533,2025-01-31,Meta Ads
C105534,2024-12-28,Referral
C105535,2025-04-23,Influencer
C105536,2025-05-24,Organic
C105537,2025-01-21,Google Ads
C105538,2026-02-08,Google Ads
C105539,2025-01-11,Organic
C105540,2025-01-03,Organic
C105541,2025-01-04,Google Ads
C105542,2024-11-30,Meta Ads
C105543,2026-02-08,Meta Ads
C105544,2024-12-03,Google Ads
C105545,2024-10-21,Google Ads
C105546,2024-11-27,Influencer
C105547,2025-04-19,Organic
C105548,2025-10-07,Referral
C105549,2025-04-03,Meta Ads
C105550,2025-11-06,Influencer
C105551,2025-02-01,Organic
C105552,2026-02-05,Meta Ads
C105553,2025-08-25,Meta Ads
C105554,2025-08-07,Influencer
C105555,2025-08-03,Meta Ads
C105556,2025-11-14,Meta Ads
C105557,2024-10-06,Referral
C105558,2025-03-26,Meta Ads
C105559,2025-01-19,Meta Ads
C105560,2025-05-30,Meta Ads
C105561,2025-11-18,Meta Ads
C105562,2024-11-23,Meta Ads
C105563,2026-02-07,Meta Ads
C105564,2024-12-18,Google Ads
C105565,2024-10-30,Meta Ads
C105566,2025-02-16,Meta Ads
C105567,2024-11-14,Influencer
C105568,2025-03-27,Organic
C105569,2024-10-15,Google Ads
C105570,2025-08-21,Organic
C105571,2024-10-21,Google Ads
C105572,2025-12-09,Meta Ads
C105573,2025-06-01,Meta Ads
C105574,2026-01-25,Meta Ads
C105575,2025-10-23,Influencer
C105576,2024-12-21,Organic
C105577,2025-06-20,Meta Ads
C105578,2025-02-05,Influencer
C105579,2025-07-24,Meta Ads
C105580,2025-12-20,Google Ads
C105581,2025-05-13,Influencer
C105582,2025-08-13,Influencer
C105583,2025-12-13,Organic
C105584,2025-07-23,Influencer
C105585,2025-07-18,Google Ads
C105586,2025-02-07,Google Ads
C105587,2025-05-27,Meta Ads
C105588,2025-01-08,Organic
C105589,2025-06-08,Organic
C105590,2025-02-03,Meta Ads
C105591,2025-12-22,Organic
C105592,2025-09-27,Referral
C105593,2024-10-20,Google Ads
C105594,2025-03-16,Meta Ads
C105595,2025-12-19,Organic
C105596,2024-11-22,Google Ads
C105597,2024-10-03,Meta Ads
C105598,2025-10-24,Organic
C105599,2025-11-09,Google Ads
C105600,2025-09-24,Organic
C105601,2024-11-23,Influencer
C105602,2025-09-26,Meta Ads
C105603,2025-08-21,Meta Ads
C105604,2025-05-08,Google Ads
C105605,2024-12-22,Meta Ads
C105606,2025-07-31,Referral
C105607,2025-01-06,Meta Ads
C105608,2025-05-30,Google Ads
C105609,2024-10-04,Meta Ads
C105610,2025-09-11,Influencer
C105611,2025-08-25,Organic
C105612,2026-01-05,Influencer
C105613,2025-06-26,Meta Ads
C105614,2025-12-04,Meta Ads
C105615,2025-02-09,Organic
C105616,2025-11-29,Organic
C105617,2025-12-27,Referral
C105618,2025-06-11,Referral
C105619,2025-03-20,Meta Ads
C105620,2025-02-28,Meta Ads
C105621,2025-10-22,Meta Ads
C105622,2025-06-11,Organic
C105623,2025-05-24,Influencer
C105624,2025-02-03,Referral
C105625,2025-03-22,Influencer
C105626,2025-10-15,Referral
C105627,2025-10-18,Meta Ads
C105628,2025-08-12,Organic
C105629,2026-01-21,Meta Ads
C105630,2025-03-01,Meta Ads
C105631,2025-10-28,Organic
C105632,2026-01-24,Meta Ads
C105633,2024-11-07,Google Ads
C105634,2025-08-10,Influencer
C105635,2026-02-03,Influencer
C105636,2024-11-09,Meta Ads
C105637,2024-12-30,Meta Ads
C105638,2025-11-20,Meta Ads
C105639,2025-11-20,Organic
C105640,2025-07-08,Influencer
C105641,2025-05-18,Influencer
C105642,2025-05-29,Meta Ads
C105643,2025-03-07,Influencer
C105644,2025-08-09,Meta Ads
C105645,2024-10-23,Influencer
C105646,2025-05-04,Google Ads
C105647,2025-10-03,Google Ads
C105648,2025-02-01,Meta Ads
C105649,2026-01-29,Google Ads
C105650,2025-01-19,Organic
C105651,2024-11-18,Meta Ads
C105652,2025-04-13,Google Ads
C105653,2024-10-29,Meta Ads
C105654,2025-02-17,Meta Ads
C105655,2025-11-02,Meta Ads
C105656,2025-12-17,Influencer
C105657,2025-05-13,Google Ads
C105658,2024-10-09,Google Ads
C105659,2025-08-05,Meta Ads
C105660,2025-04-09,Organic
C105661,2025-10-21,Organic
C105662,2026-02-12,Meta Ads
C105663,2025-07-17,Google Ads
C105664,2025-01-08,Meta Ads
C105665,2025-08-28,Meta Ads
C105666,2025-02-09,Meta Ads
C105667,2025-04-03,Referral
C105668,2025-11-14,Influencer
C105669,2025-12-24,Influencer
C105670,2026-01-20,Meta Ads
C105671,2025-12-01,Meta Ads
C105672,2025-08-04,Meta Ads
C105673,2025-02-05,Influencer
C105674,2025-04-17,Google Ads
C105675,2026-01-04,Meta Ads
C105676,2025-08-03,Organic
C105677,2025-10-29,Meta Ads
C105678,2025-04-14,Google Ads
C105679,2024-11-05,Influencer
C105680,2024-10-21,Meta Ads
C105681,2026-02-03,Google Ads
C105682,2025-07-09,Meta Ads
C105683,2025-12-07,Meta Ads
C105684,2025-02-11,Organic
C105685,2024-11-24,Influencer
C105686,2025-10-07,Google Ads
C105687,2025-08-01,Referral
C105688,2025-09-25,Influencer
C105689,2025-12-06,Meta Ads
C105690,2025-11-27,Influencer
C105691,2026-01-08,Meta Ads
C105692,2025-08-03,Meta Ads
C105693,2025-07-12,Influencer
C105694,2026-01-26,Meta Ads
C105695,2025-10-28,Google Ads
C105696,2026-01-06,Referral
C105697,2025-11-13,Influencer
C105698,2025-01-31,Referral
C105699,2024-11-04,Influencer
C105700,2025-09-06,Meta Ads
C105701,2025-04-30,Meta Ads
C105702,2025-09-07,Google Ads
C105703,2024-12-31,Meta Ads
C105704,2025-09-14,Meta Ads
C105705,2025-04-08,Google Ads
C105706,2024-11-09,Google Ads
C105707,2025-07-31,Meta Ads
C105708,2025-04-12,Meta Ads
C105709,2025-09-04,Organic
C105710,2025-04-24,Influencer
C105711,2025-01-29,Meta Ads
C105712,2025-10-08,Meta Ads
C105713,2025-06-18,Influencer
C105714,2025-03-18,Meta Ads
C105715,2025-11-09,Google Ads
C105716,2026-01-13,Influencer
C105717,2026-01-14,Influencer
C105718,2024-12-21,Meta Ads
C105719,2024-11-01,Google Ads
C105720,2024-10-20,Google Ads
C105721,2025-07-15,Influencer
C105722,2024-11-08,Organic
C105723,2025-12-10,Organic
C105724,2024-10-29,Organic
C105725,2024-12-09,Google Ads
C105726,2025-02-06,Organic
C105727,2025-05-07,Organic
C105728,2025-05-28,Google Ads
C105729,2025-09-09,Influencer
C105730,2025-09-17,Meta Ads
C105731,2026-01-28,Meta Ads
C105732,2025-12-05,Meta Ads
C105733,2025-09-09,Meta Ads
C105734,2026-01-19,Organic
C105735,2025-05-27,Google Ads
C105736,2025-06-27,Organic
C105737,2024-11-21,Google Ads
C105738,2025-02-10,Meta Ads
C105739,2026-02-01,Organic
C105740,2026-02-10,Meta Ads
C105741,2025-07-11,Influencer
C105742,2025-04-13,Meta Ads
C105743,2025-10-15,Meta Ads
C105744,2024-12-10,Organic
C105745,2026-02-10,Organic
C105746,2025-09-14,Meta Ads
C105747,2025-09-05,Google Ads
C105748,2025-05-28,Google Ads
C105749,2025-01-02,Organic
C105750,2025-12-13,Meta Ads
C105751,2024-10-03,Meta Ads
C105752,2025-02-03,Meta Ads
C105753,2025-06-15,Organic
C105754,2025-06-12,Google Ads
C105755,2026-01-26,Organic
C105756,2025-01-01,Meta Ads
C105757,2025-11-26,Meta Ads
C105758,2026-01-23,Google Ads
C105759,2024-12-08,Referral
C105760,2025-01-20,Influencer
C105761,2025-09-17,Influencer
C105762,2025-07-04,Influencer
C105763,2025-04-11,Organic
C105764,2025-08-16,Referral
C105765,2025-10-11,Referral
C105766,2025-11-02,Meta Ads
C105767,2025-03-08,Meta Ads
C105768,2025-07-29,Referral
C105769,2025-07-17,Meta Ads
C105770,2025-11-05,Organic
C105771,2024-12-02,Meta Ads
C105772,2025-08-30,Meta Ads
C105773,2024-12-08,Meta Ads
C105774,2025-11-27,Google Ads
C105775,2024-10-19,Meta Ads
C105776,2025-12-16,Influencer
C105777,2026-01-04,Google Ads
C105778,2024-10-30,Google Ads
C105779,2024-10-25,Google Ads
C105780,2025-01-03,Meta Ads
C105781,2024-11-28,Organic
C105782,2024-10-06,Meta Ads
C105783,2025-07-17,Meta Ads
C105784,2024-10-18,Google Ads
C105785,2025-09-25,Google Ads
C105786,2025-03-02,Organic
C105787,2025-07-25,Meta Ads
C105788,2025-10-31,Google Ads
C105789,2025-01-23,Referral
C105790,2024-10-28,Google Ads
C105791,2025-07-23,Meta Ads
C105792,2025-03-18,Meta Ads
C105793,2026-01-27,Organic
C105794,2025-11-25,Organic
C105795,2025-11-02,Google Ads
C105796,2025-09-04,Google Ads
C105797,2025-06-01,Google Ads
C105798,2025-02-26,Organic
C105799,2025-10-14,Google Ads
C105800,2024-12-04,Organic
C105801,2026-01-24,Organic
C105802,2025-08-01,Referral
C105803,2024-12-15,Meta Ads
C105804,2025-02-03,Meta Ads
C105805,2024-12-30,Referral
C105806,2025-08-26,Organic
C105807,2025-03-25,Google Ads
C105808,2024-12-22,Influencer
C105809,2025-07-24,Google Ads
C105810,2025-04-28,Influencer
C105811,2025-10-29,Meta Ads
C105812,2026-02-06,Meta Ads
C105813,2025-11-14,Google Ads
C105814,2025-09-08,Influencer
C105815,2024-10-17,Google Ads
C105816,2025-06-23,Organic
C105817,2025-04-12,Google Ads
C105818,2025-07-28,Meta Ads
C105819,2025-09-15,Google Ads
C105820,2025-01-17,Meta Ads
C105821,2025-11-05,Meta Ads
C105822,2025-10-16,Google Ads
C105823,2025-09-04,Organic
C105824,2025-12-15,Meta Ads
C105825,2025-06-03,Organic
C105826,2024-11-05,Meta Ads
C105827,2025-06-17,Organic
C105828,2025-12-02,Meta Ads
C105829,2025-06-17,Meta Ads
C105830,2025-08-22,Influencer
C105831,2025-02-19,Google Ads
C105832,2025-12-18,Google Ads
C105833,2024-10-04,Referral
C105834,2026-01-08,Organic
C105835,2025-07-01,Referral
C105836,2025-11-19,Google Ads
C105837,2025-07-04,Meta Ads
C105838,2025-11-02,Meta Ads
C105839,2025-06-01,Google Ads
C105840,2025-12-16,Meta Ads
C105841,2025-02-25,Organic
C105842,2026-02-10,Influencer
C105843,2025-07-11,Meta Ads
C105844,2025-02-13,Influencer
C105845,2025-02-05,Meta Ads
C105846,2025-10-17,Influencer
C105847,2025-10-23,Google Ads
C105848,2024-11-22,Influencer
C105849,2024-11-11,Google Ads
C105850,2025-08-11,Organic
C105851,2024-12-06,Meta Ads
C105852,2025-04-30,Organic
C105853,2025-10-11,Meta Ads
C105854,2025-01-14,Google Ads
C105855,2026-02-05,Meta Ads
C105856,2025-09-22,Influencer
C105857,2025-12-04,Influencer
C105858,2026-01-18,Meta Ads
C105859,2024-11-18,Meta Ads
C105860,2025-09-06,Google Ads
C105861,2024-12-05,Google Ads
C105862,2025-04-16,Meta Ads
C105863,2025-12-16,Google Ads
C105864,2024-12-22,Organic
C105865,2025-07-23,Meta Ads
C105866,2025-12-01,Influencer
C105867,2024-11-23,Meta Ads
C105868,2026-02-01,Google Ads
C105869,2025-05-01,Influencer
C105870,2025-05-13,Organic
C105871,2025-10-12,Influencer
C105872,2025-01-06,Google Ads
C105873,2025-10-14,Organic
C105874,2025-03-19,Google Ads
C105875,2025-10-14,Organic
C105876,2024-10-24,Organic
C105877,2025-06-19,Meta Ads
C105878,2025-01-13,Meta Ads
C105879,2025-07-21,Influencer
C105880,2025-08-04,Influencer
C105881,2024-12-12,Meta Ads
C105882,2025-05-02,Meta Ads
C105883,2025-07-16,Google Ads
C105884,2025-05-25,Organic
C105885,2025-01-03,Meta Ads
C105886,2025-11-10,Referral
C105887,2025-08-11,Meta Ads
C105888,2025-01-17,Meta Ads
C105889,2025-05-03,Google Ads
C105890,2025-07-09,Influencer
C105891,2025-08-09,Meta Ads
C105892,2025-02-27,Organic
C105893,2025-12-30,Meta Ads
C105894,2025-12-03,Meta Ads
C105895,2025-07-11,Organic
C105896,2025-04-08,Referral
C105897,2026-02-07,Meta Ads
C105898,2025-05-16,Google Ads
C105899,2025-10-28,Google Ads
C105900,2025-05-18,Meta Ads
C105901,2025-03-31,Meta Ads
C105902,2025-09-03,Meta Ads
C105903,2026-02-05,Organic
C105904,2025-09-18,Organic
C105905,2025-06-14,Influencer
C105906,2024-12-21,Meta Ads
C105907,2024-10-21,Google Ads
C105908,2025-04-04,Google Ads
C105909,2025-03-08,Google Ads
C105910,2024-11-25,Meta Ads
C105911,2025-01-28,Meta Ads
C105912,2025-01-11,Organic
C105913,2025-09-06,Google Ads
C105914,2024-10-17,Organic
C105915,2025-01-25,Meta Ads
C105916,2025-05-13,Influencer
C105917,2025-01-01,Organic
C105918,2025-05-27,Google Ads
C105919,2025-09-29,Organic
C105920,2025-02-17,Meta Ads
C105921,2025-02-22,Influencer
C105922,2025-04-08,Organic
C105923,2024-10-31,Google Ads
C105924,2025-11-06,Influencer
C105925,2025-07-12,Meta Ads
C105926,2025-05-11,Google Ads
C105927,2025-01-31,Organic
C105928,2024-12-03,Influencer
C105929,2025-09-28,Google Ads
C105930,2025-09-11,Meta Ads
C105931,2025-03-29,Meta Ads
C105932,2025-03-01,Influencer
C105933,2024-11-20,Influencer
C105934,2025-05-03,Google Ads
C105935,2025-10-05,Meta Ads
C105936,2025-09-21,Influencer
C105937,2025-07-13,Influencer
C105938,2025-05-28,Meta Ads
C105939,2025-11-02,Referral
C105940,2025-03-26,Meta Ads
C105941,2025-12-22,Influencer
C105942,2025-12-22,Meta Ads
C105943,2025-03-26,Google Ads
C105944,2025-12-06,Organic
C105945,2024-12-14,Google Ads
C105946,2025-12-03,Organic
C105947,2025-01-15,Influencer
C105948,2025-07-26,Google Ads
C105949,2025-05-11,Google Ads
C105950,2024-12-15,Influencer
C105951,2026-02-10,Referral
C105952,2025-01-09,Influencer
C105953,2025-08-25,Google Ads
C105954,2024-10-03,Organic
C105955,2025-07-23,Meta Ads
C105956,2025-12-17,Meta Ads
C105957,2025-04-16,Google Ads
C105958,2025-06-26,Meta Ads
C105959,2025-07-22,Referral
C105960,2025-04-03,Google Ads
C105961,2025-08-25,Referral
C105962,2024-12-05,Referral
C105963,2025-01-17,Google Ads
C105964,2025-09-18,Influencer
C105965,2024-11-22,Influencer
C105966,2025-10-29,Google Ads
C105967,2025-10-03,Meta Ads
C105968,2025-07-31,Google Ads
C105969,2025-10-09,Referral
C105970,2024-10-11,Influencer
C105971,2025-03-12,Google Ads
C105972,2025-08-12,Google Ads
C105973,2025-03-27,Organic
C105974,2025-12-15,Meta Ads
C105975,2024-10-25,Influencer
C105976,2025-07-06,Google Ads
C105977,2025-11-11,Meta Ads
C105978,2025-07-09,Influencer
C105979,2025-01-02,Google Ads
C105980,2025-03-08,Influencer
C105981,2025-07-07,Google Ads
C105982,2026-01-27,Organic
C105983,2024-10-02,Organic
C105984,2024-12-23,Organic
C105985,2024-11-10,Referral
C105986,2025-04-17,Meta Ads
C105987,2026-01-12,Influencer
C105988,2025-11-21,Meta Ads
C105989,2026-01-13,Influencer
C105990,2026-01-26,Meta Ads
C105991,2025-02-12,Google Ads
C105992,2025-01-19,Meta Ads
C105993,2025-11-09,Meta Ads
C105994,2025-12-06,Meta Ads
C105995,2025-01-04,Organic
C105996,2025-04-11,Meta Ads
C105997,2025-07-25,Google Ads
C105998,2025-03-16,Meta Ads
C105999,2025-11-06,Influencer
C106000,2024-12-04,Meta Ads
C106001,2024-11-23,Influencer
C106002,2025-12-23,Influencer
C106003,2024-10-27,Influencer
C106004,2025-12-27,Influencer
C106005,2025-12-22,Meta Ads
C106006,2025-06-09,Influencer
C106007,2025-07-26,Meta Ads
C106008,2025-10-10,Google Ads
C106009,2025-04-05,Influencer
C106010,2025-11-17,Google Ads
C106011,2024-11-13,Google Ads
C106012,2025-10-06,Meta Ads
C106013,2025-02-16,Organic
C106014,2024-12-01,Organic
C106015,2025-03-05,Organic
C106016,2025-08-30,Google Ads
C106017,2026-02-10,Meta Ads
C106018,2025-01-05,Influencer
C106019,2025-09-22,Meta Ads
C106020,2024-11-12,Influencer
C106021,2025-06-16,Organic
C106022,2025-01-11,Influencer
C106023,2024-11-14,Referral
C106024,2026-01-22,Referral
C106025,2024-12-02,Meta Ads
C106026,2025-10-02,Organic
C106027,2025-06-18,Google Ads
C106028,2024-10-07,Referral
C106029,2025-04-20,Influencer
C106030,2025-05-14,Meta Ads
C106031,2025-01-03,Organic
C106032,2026-01-28,Influencer
C106033,2025-01-26,Meta Ads
C106034,2025-03-04,Google Ads
C106035,2025-01-26,Google Ads
C106036,2025-04-29,Meta Ads
C106037,2025-01-21,Google Ads
C106038,2025-06-12,Organic
C106039,2025-06-16,Organic
C106040,2024-11-22,Influencer
C106041,2025-02-28,Influencer
C106042,2025-11-19,Meta Ads
C106043,2025-06-24,Organic
C106044,2025-10-06,Meta Ads
C106045,2025-10-10,Organic
C106046,2025-06-17,Meta Ads
C106047,2025-05-18,Influencer
C106048,2024-12-28,Referral
C106049,2025-06-22,Google Ads
C106050,2025-03-16,Organic
C106051,2025-04-27,Organic
C106052,2025-06-09,Google Ads
C106053,2025-06-15,Google Ads
C106054,2024-11-03,Organic
C106055,2025-05-14,Google Ads
C106056,2026-01-06,Influencer
C106057,2024-12-22,Influencer
C106058,2025-09-28,Meta Ads
C106059,2025-10-29,Organic
C106060,2025-07-29,Meta Ads
C106061,2025-02-28,Google Ads
C106062,2025-04-10,Google Ads
C106063,2026-01-29,Google Ads
C106064,2025-08-30,Google Ads
C106065,2025-09-10,Meta Ads
C106066,2025-08-05,Influencer
C106067,2025-03-21,Meta Ads
C106068,2025-09-21,Google Ads
C106069,2025-09-30,Meta Ads
C106070,2025-10-16,Google Ads
C106071,2024-12-23,Influencer
C106072,2024-11-29,Google Ads
C106073,2026-01-08,Organic
C106074,2024-11-26,Organic
C106075,2025-04-02,Influencer
C106076,2024-12-23,Google Ads
C106077,2025-06-20,Referral
C106078,2025-02-26,Google Ads
C106079,2025-08-15,Meta Ads
C106080,2025-12-20,Influencer
C106081,2025-07-10,Organic
C106082,2024-12-26,Meta Ads
C106083,2025-01-23,Meta Ads
C106084,2025-12-27,Meta Ads
C106085,2025-01-07,Organic
C106086,2025-04-04,Influencer
C106087,2025-02-01,Meta Ads
C106088,2025-09-03,Google Ads
C106089,2024-10-19,Referral
C106090,2025-04-11,Organic
C106091,2024-10-26,Organic
C106092,2026-01-25,Google Ads
C106093,2025-09-23,Meta Ads
C106094,2025-01-05,Meta Ads
C106095,2025-12-23,Organic
C106096,2025-06-18,Google Ads
C106097,2026-01-26,Organic
C106098,2025-10-14,Google Ads
C106099,2025-11-21,Meta Ads
C106100,2025-01-03,Meta Ads
C106101,2025-10-06,Google Ads
C106102,2024-12-20,Influencer
C106103,2025-12-03,Organic
C106104,2025-02-02,Meta Ads
C106105,2025-03-27,Influencer
C106106,2025-08-08,Organic
C106107,2025-03-12,Organic
C106108,2025-11-13,Organic
C106109,2025-10-09,Organic
C106110,2025-05-24,Meta Ads
C106111,2025-11-26,Influencer
C106112,2025-07-27,Referral
C106113,2025-02-20,Meta Ads
C106114,2025-06-12,Organic
C106115,2025-03-30,Meta Ads
C106116,2025-01-01,Google Ads
C106117,2024-11-02,Google Ads
C106118,2026-02-12,Google Ads
C106119,2025-10-10,Meta Ads
C106120,2025-12-18,Organic
C106121,2025-02-14,Meta Ads
C106122,2025-04-17,Influencer
C106123,2025-04-17,Influencer
C106124,2025-03-30,Meta Ads
C106125,2025-08-12,Meta Ads
C106126,2025-02-09,Meta Ads
C106127,2025-06-11,Meta Ads
C106128,2025-05-21,Organic
C106129,2024-10-03,Meta Ads
C106130,2024-11-21,Organic
C106131,2025-05-20,Meta Ads
C106132,2025-05-12,Influencer
C106133,2025-02-13,Meta Ads
C106134,2025-12-31,Meta Ads
C106135,2025-12-18,Influencer
C106136,2025-12-14,Google Ads
C106137,2025-11-11,Influencer
C106138,2025-04-12,Influencer
C106139,2025-07-18,Organic
C106140,2025-10-09,Google Ads
C106141,2025-04-15,Meta Ads
C106142,2025-02-23,Meta Ads
C106143,2025-12-01,Referral
C106144,2025-02-27,Meta Ads
C106145,2026-01-05,Google Ads
C106146,2024-12-29,Meta Ads
C106147,2025-09-20,Meta Ads
C106148,2025-07-20,Meta Ads
C106149,2025-09-30,Google Ads
C106150,2025-11-03,Meta Ads
C106151,2025-05-29,Meta Ads
C106152,2025-03-04,Meta Ads
C106153,2025-11-23,Meta Ads
C106154,2025-09-16,Organic
C106155,2025-10-12,Meta Ads
C106156,2025-10-04,Meta Ads
C106157,2024-10-10,Google Ads
C106158,2025-02-08,Referral
C106159,2025-08-16,Google Ads
C106160,2025-07-19,Influencer
C106161,2025-05-12,Google Ads
C106162,2024-12-01,Meta Ads
C106163,2026-01-04,Meta Ads
C106164,2024-11-22,Meta Ads
C106165,2025-06-05,Referral
C106166,2024-12-10,Google Ads
C106167,2025-07-24,Google Ads
C106168,2024-12-23,Referral
C106169,2025-07-22,Google Ads
C106170,2025-01-27,Meta Ads
C106171,2025-10-17,Organic
C106172,2025-12-24,Referral
C106173,2025-05-20,Referral
C106174,2025-05-17,Meta Ads
C106175,2025-02-06,Organic
C106176,2025-09-25,Google Ads
C106177,2024-10-19,Google Ads
C106178,2025-12-31,Influencer
C106179,2026-01-01,Organic
C106180,2024-11-25,Meta Ads
C106181,2025-07-20,Meta Ads
C106182,2025-03-29,Meta Ads
C106183,2024-12-31,Influencer
C106184,2024-12-25,Referral
C106185,2025-04-10,Meta Ads
C106186,2024-11-21,Meta Ads
C106187,2025-07-21,Google Ads
C106188,2024-10-19,Influencer
C106189,2025-08-23,Meta Ads
C106190,2024-12-11,Influencer
C106191,2025-01-18,Meta Ads
C106192,2025-03-18,Google Ads
C106193,2025-05-18,Meta Ads
C106194,2025-05-21,Influencer
C106195,2024-12-22,Meta Ads
C106196,2025-03-09,Meta Ads
C106197,2025-01-21,Meta Ads
C106198,2025-04-15,Organic
C106199,2025-06-04,Meta Ads
C106200,2025-01-04,Organic
C106201,2025-03-07,Influencer
C106202,2025-12-22,Organic
C106203,2025-11-04,Google Ads
C106204,2025-08-15,Influencer
C106205,2024-10-16,Meta Ads
C106206,2025-01-04,Google Ads
C106207,2025-10-31,Organic
C106208,2025-07-21,Organic
C106209,2025-09-23,Meta Ads
C106210,2025-07-29,Google Ads
C106211,2025-07-09,Influencer
C106212,2025-12-03,Meta Ads
C106213,2025-11-28,Google Ads
C106214,2024-11-25,Google Ads
C106215,2025-07-30,Referral
C106216,2024-12-31,Meta Ads
C106217,2025-01-27,Meta Ads
C106218,2025-09-02,Meta Ads
C106219,2025-08-18,Google Ads
C106220,2026-02-05,Meta Ads
C106221,2025-04-30,Meta Ads
C106222,2025-11-14,Organic
C106223,2025-06-11,Meta Ads
C106224,2025-05-01,Influencer
C106225,2026-01-14,Meta Ads
C106226,2024-11-23,Meta Ads
C106227,2025-08-04,Organic
C106228,2025-01-11,Meta Ads
C106229,2025-04-21,Google Ads
C106230,2024-10-23,Meta Ads
C106231,2025-12-31,Meta Ads
C106232,2024-10-27,Organic
C106233,2025-05-05,Google Ads
C106234,2024-11-02,Google Ads
C106235,2025-09-15,Organic
C106236,2025-08-20,Meta Ads
C106237,2025-08-16,Organic
C106238,2025-08-17,Influencer
C106239,2025-01-22,Meta Ads
C106240,2025-09-21,Influencer
C106241,2025-11-13,Referral
C106242,2024-11-22,Meta Ads
C106243,2025-02-02,Meta Ads
C106244,2024-12-18,Meta Ads
C106245,2025-11-21,Referral
C106246,2025-09-04,Organic
C106247,2025-08-08,Organic
C106248,2025-01-19,Meta Ads
C106249,2024-11-09,Influencer
C106250,2024-11-08,Organic
C106251,2025-11-06,Google Ads
C106252,2025-04-22,Google Ads
C106253,2024-12-15,Meta Ads
C106254,2025-04-15,Meta Ads
C106255,2025-02-03,Organic
C106256,2024-11-22,Referral
C106257,2025-07-12,Organic
C106258,2025-04-04,Google Ads
C106259,2025-10-09,Google Ads
C106260,2026-02-02,Meta Ads
C106261,2025-01-15,Meta Ads
C106262,2024-10-11,Google Ads
C106263,2025-02-26,Organic
C106264,2024-12-02,Google Ads
C106265,2024-12-21,Influencer
C106266,2025-12-09,Organic
C106267,2025-01-23,Google Ads
C106268,2025-05-16,Influencer
C106269,2025-06-16,Google Ads
C106270,2025-07-07,Meta Ads
C106271,2026-01-26,Meta Ads
C106272,2025-05-05,Meta Ads
C106273,2025-08-16,Google Ads
C106274,2025-04-08,Influencer
C106275,2025-11-08,Referral
C106276,2025-10-06,Google Ads
C106277,2024-12-25,Meta Ads
C106278,2025-08-27,Influencer
C106279,2025-07-18,Meta Ads
C106280,2025-01-22,Meta Ads
C106281,2025-04-29,Meta Ads
C106282,2025-10-16,Referral
C106283,2025-11-13,Meta Ads
C106284,2026-02-10,Meta Ads
C106285,2026-02-07,Google Ads
C106286,2024-10-12,Google Ads
C106287,2025-06-12,Google Ads
C106288,2025-12-17,Organic
C106289,2025-12-28,Google Ads
C106290,2025-06-12,Google Ads
C106291,2025-09-14,Meta Ads
C106292,2025-04-07,Organic
C106293,2026-02-05,Google Ads
C106294,2025-01-25,Influencer
C106295,2025-07-02,Meta Ads
C106296,2025-01-07,Meta Ads
C106297,2025-11-21,Google Ads
C106298,2025-03-29,Meta Ads
C106299,2025-01-02,Meta Ads
C106300,2025-12-27,Google Ads
C106301,2025-08-09,Google Ads
C106302,2024-10-23,Meta Ads
C106303,2025-04-14,Influencer
C106304,2025-09-24,Google Ads
C106305,2025-09-14,Google Ads
C106306,2024-11-17,Google Ads
C106307,2024-12-03,Influencer
C106308,2025-01-23,Meta Ads
C106309,2025-05-24,Organic
C106310,2024-12-27,Meta Ads
C106311,2025-01-30,Referral
C106312,2025-11-27,Google Ads
C106313,2025-05-25,Google Ads
C106314,2025-03-14,Meta Ads
C106315,2025-08-11,Meta Ads
C106316,2026-01-12,Meta Ads
C106317,2025-05-01,Meta Ads
C106318,2024-12-07,Google Ads
C106319,2024-11-07,Google Ads
C106320,2024-12-16,Google Ads
C106321,2025-10-05,Google Ads
C106322,2024-11-12,Organic
C106323,2025-05-05,Influencer
C106324,2024-10-04,Google Ads
C106325,2025-10-12,Influencer
C106326,2024-12-13,Google Ads
C106327,2025-06-08,Google Ads
C106328,2025-01-14,Meta Ads
C106329,2025-03-16,Meta Ads
C106330,2025-12-22,Influencer
C106331,2025-01-06,Meta Ads
C106332,2025-07-18,Organic
C106333,2024-10-04,Meta Ads
C106334,2025-06-10,Referral
C106335,2025-02-26,Organic
C106336,2025-04-15,Google Ads
C106337,2025-09-25,Influencer
C106338,2025-05-19,Google Ads
C106339,2024-10-23,Meta Ads
C106340,2025-05-23,Meta Ads
C106341,2024-12-23,Meta Ads
C106342,2024-10-09,Referral
C106343,2025-08-28,Meta Ads
C106344,2025-05-17,Google Ads
C106345,2025-05-28,Google Ads
C106346,2024-11-10,Referral
C106347,2025-09-02,Organic
C106348,2024-11-19,Meta Ads
C106349,2025-09-24,Influencer
C106350,2024-11-29,Meta Ads
C106351,2025-08-08,Meta Ads
C106352,2025-09-11,Organic
C106353,2025-05-22,Organic
C106354,2025-07-24,Google Ads
C106355,2025-09-28,Influencer
C106356,2026-02-11,Google Ads
C106357,2024-10-12,Influencer
C106358,2025-09-17,Influencer
C106359,2025-07-08,Google Ads
C106360,2025-10-16,Organic
C106361,2025-05-26,Influencer
C106362,2025-11-19,Referral
C106363,2025-07-14,Meta Ads
C106364,2025-02-10,Referral
C106365,2025-09-30,Influencer
C106366,2024-12-30,Meta Ads
C106367,2025-12-04,Organic
C106368,2025-04-16,Organic
C106369,2025-03-09,Meta Ads
C106370,2024-11-04,Organic
C106371,2025-07-27,Meta Ads
C106372,2025-08-14,Influencer
C106373,2024-11-09,Organic
C106374,2026-01-05,Referral
C106375,2025-01-12,Organic
C106376,2026-01-15,Meta Ads
C106377,2026-01-01,Meta Ads
C106378,2024-10-18,Meta Ads
C106379,2025-12-23,Organic
C106380,2024-11-14,Organic
C106381,2025-03-27,Meta Ads
C106382,2025-07-15,Meta Ads
C106383,2025-03-29,Meta Ads
C106384,2025-07-03,Meta Ads
C106385,2025-06-19,Organic
C106386,2025-07-17,Google Ads
C106387,2024-10-09,Influencer
C106388,2024-12-17,Meta Ads
C106389,2024-10-15,Google Ads
C106390,2025-11-19,Organic
C106391,2025-07-23,Influencer
C106392,2025-05-24,Influencer
C106393,2025-09-29,Influencer
C106394,2025-04-25,Organic
C106395,2025-05-28,Google Ads
C106396,2025-05-06,Meta Ads
C106397,2024-10-31,Google Ads
C106398,2025-02-13,Meta Ads
C106399,2025-04-24,Google Ads
C106400,2025-10-29,Google Ads
C106401,2025-12-13,Meta Ads
C106402,2024-11-13,Meta Ads
C106403,2026-01-22,Influencer
C106404,2025-08-18,Organic
C106405,2025-09-23,Organic
C106406,2025-02-26,Google Ads
C106407,2025-09-05,Influencer
C106408,2025-05-11,Google Ads
C106409,2025-09-09,Referral
C106410,2024-12-30,Google Ads
C106411,2025-11-14,Influencer
C106412,2026-01-22,Influencer
C106413,2026-01-28,Influencer
C106414,2025-12-24,Google Ads
C106415,2024-12-01,Influencer
C106416,2025-02-07,Influencer
C106417,2026-01-20,Organic
C106418,2024-11-23,Influencer
C106419,2024-10-11,Meta Ads
C106420,2025-09-28,Google Ads
C106421,2025-07-13,Referral
C106422,2025-06-27,Meta Ads
C106423,2025-12-14,Referral
C106424,2025-09-13,Influencer
C106425,2025-05-09,Google Ads
C106426,2025-09-18,Referral
C106427,2026-01-07,Organic
C106428,2024-10-16,Meta Ads
C106429,2025-07-01,Meta Ads
C106430,2024-11-06,Organic
C106431,2025-01-03,Google Ads
C106432,2025-04-29,Organic
C106433,2025-03-27,Organic
C106434,2025-04-04,Google Ads
C106435,2024-12-18,Organic
C106436,2024-12-17,Organic
C106437,2026-02-10,Meta Ads
C106438,2025-07-31,Google Ads
C106439,2025-05-18,Influencer
C106440,2024-12-15,Organic
C106441,2025-11-28,Referral
C106442,2025-02-07,Meta Ads
C106443,2025-06-06,Google Ads
C106444,2025-12-20,Meta Ads
C106445,2025-07-13,Meta Ads
C106446,2025-03-07,Organic
C106447,2024-12-12,Influencer
C106448,2025-01-10,Google Ads
C106449,2025-04-26,Google Ads
C106450,2025-08-09,Meta Ads
C106451,2025-06-27,Meta Ads
C106452,2024-12-29,Meta Ads
C106453,2025-07-24,Google Ads
C106454,2026-01-29,Organic
C106455,2025-05-07,Meta Ads
C106456,2025-11-07,Referral
C106457,2025-06-04,Meta Ads
C106458,2025-01-27,Google Ads
C106459,2025-10-07,Referral
C106460,2025-09-01,Organic
C106461,2024-11-18,Organic
C106462,2026-01-24,Meta Ads
C106463,2025-08-21,Meta Ads
C106464,2025-06-17,Google Ads
C106465,2025-05-24,Meta Ads
C106466,2025-11-19,Google Ads
C106467,2025-04-13,Organic
C106468,2024-12-10,Meta Ads
C106469,2024-11-03,Influencer
C106470,2025-12-28,Google Ads
C106471,2025-08-23,Google Ads
C106472,2025-06-17,Meta Ads
C106473,2026-01-23,Google Ads
C106474,2026-02-12,Meta Ads
C106475,2025-10-20,Google Ads
C106476,2025-04-01,Meta Ads
C106477,2025-09-19,Meta Ads
C106478,2024-10-24,Meta Ads
C106479,2025-11-02,Influencer
C106480,2025-03-26,Referral
C106481,2025-03-20,Influencer
C106482,2025-09-25,Organic
C106483,2024-10-02,Google Ads
C106484,2024-12-15,Google Ads
C106485,2025-01-06,Google Ads
C106486,2024-11-19,Organic
C106487,2025-04-17,Organic
C106488,2026-01-26,Influencer
C106489,2025-09-12,Influencer
C106490,2025-09-21,Google Ads
C106491,2025-11-19,Influencer
C106492,2025-05-14,Organic
C106493,2025-06-16,Meta Ads
C106494,2024-12-18,Influencer
C106495,2024-11-13,Influencer
C106496,2024-10-13,Meta Ads
C106497,2025-02-12,Referral
C106498,2026-01-06,Meta Ads
C106499,2025-03-15,Google Ads
C106500,2025-09-07,Influencer
C106501,2025-10-14,Google Ads
C106502,2025-06-16,Google Ads
C106503,2026-02-01,Meta Ads
C106504,2025-05-29,Influencer
C106505,2024-10-02,Google Ads
C106506,2025-06-13,Meta Ads
C106507,2025-11-05,Meta Ads
C106508,2025-12-08,Google Ads
C106509,2024-12-21,Google Ads
C106510,2024-12-07,Google Ads
C106511,2025-12-06,Meta Ads
C106512,2025-09-10,Google Ads
C106513,2025-11-22,Meta Ads
C106514,2025-02-07,Influencer
C106515,2025-12-09,Meta Ads
C106516,2025-04-27,Organic
C106517,2026-02-02,Google Ads
C106518,2025-04-09,Google Ads
C106519,2025-07-02,Meta Ads
C106520,2025-01-09,Organic
C106521,2025-02-21,Meta Ads
C106522,2024-11-21,Meta Ads
C106523,2025-10-12,Influencer
C106524,2025-03-23,Google Ads
C106525,2025-04-17,Google Ads
C106526,2025-02-18,Organic
C106527,2025-09-18,Referral
C106528,2025-05-28,Google Ads
C106529,2025-05-09,Google Ads
C106530,2025-01-12,Influencer
C106531,2025-04-21,Google Ads
C106532,2025-08-27,Google Ads
C106533,2025-09-08,Referral
C106534,2025-08-17,Organic
C106535,2025-03-17,Google Ads
C106536,2025-09-04,Meta Ads
C106537,2025-02-09,Referral
C106538,2025-11-19,Meta Ads
C106539,2025-03-23,Organic
C106540,2024-10-21,Google Ads
C106541,2024-11-17,Influencer
C106542,2025-11-21,Referral
C106543,2025-10-06,Meta Ads
C106544,2025-10-19,Google Ads
C106545,2024-12-26,Google Ads
C106546,2024-11-08,Meta Ads
C106547,2025-06-13,Meta Ads
C106548,2025-10-11,Meta Ads
C106549,2025-01-04,Organic
C106550,2024-10-11,Google Ads
C106551,2025-11-11,Google Ads
C106552,2025-08-26,Meta Ads
C106553,2025-05-31,Organic
C106554,2025-09-10,Meta Ads
C106555,2026-01-05,Meta Ads
C106556,2025-01-30,Google Ads
C106557,2025-11-11,Referral
C106558,2026-02-05,Google Ads
C106559,2025-07-29,Meta Ads
C106560,2026-01-04,Influencer
C106561,2025-09-04,Organic
C106562,2025-10-11,Meta Ads
C106563,2025-04-05,Referral
C106564,2025-10-19,Referral
C106565,2025-11-17,Influencer
C106566,2026-01-12,Google Ads
C106567,2025-11-26,Organic
C106568,2024-12-26,Influencer
C106569,2026-01-25,Organic
C106570,2026-02-02,Organic
C106571,2025-09-01,Meta Ads
C106572,2025-01-16,Meta Ads
C106573,2026-02-10,Influencer
C106574,2024-12-09,Google Ads
C106575,2025-04-17,Google Ads
C106576,2025-05-08,Google Ads
C106577,2025-02-04,Organic
C106578,2025-01-09,Influencer
C106579,2024-12-08,Google Ads
C106580,2025-03-30,Meta Ads
C106581,2025-03-24,Organic
C106582,2025-07-09,Meta Ads
C106583,2025-02-13,Google Ads
C106584,2025-08-01,Google Ads
C106585,2025-03-19,Influencer
C106586,2025-03-08,Organic
C106587,2025-07-27,Influencer
C106588,2024-12-31,Meta Ads
C106589,2025-11-21,Influencer
C106590,2025-02-02,Meta Ads
C106591,2025-08-30,Meta Ads
C106592,2025-05-02,Google Ads
C106593,2025-07-03,Google Ads
C106594,2024-10-05,Organic
C106595,2026-01-11,Google Ads
C106596,2025-01-18,Influencer
C106597,2025-04-17,Referral
C106598,2025-12-25,Referral
C106599,2026-01-21,Influencer
C106600,2024-11-08,Influencer
C106601,2025-06-30,Influencer
C106602,2024-12-24,Meta Ads
C106603,2025-11-23,Influencer
C106604,2025-05-30,Organic
C106605,2025-03-08,Meta Ads
C106606,2024-10-08,Meta Ads
C106607,2024-10-03,Google Ads
C106608,2025-03-08,Google Ads
C106609,2025-11-24,Organic
C106610,2026-02-07,Organic
C106611,2025-01-29,Meta Ads
C106612,2025-02-13,Organic
C106613,2025-08-26,Organic
C106614,2026-02-08,Organic
C106615,2025-06-25,Referral
C106616,2025-06-29,Meta Ads
C106617,2025-07-11,Organic
C106618,2025-01-19,Meta Ads
C106619,2025-11-28,Meta Ads
C106620,2025-10-24,Meta Ads
C106621,2025-09-09,Meta Ads
C106622,2026-01-01,Google Ads
C106623,2025-02-14,Organic
C106624,2025-04-18,Meta Ads
C106625,2025-01-09,Meta Ads
C106626,2025-08-18,Referral
C106627,2026-02-10,Google Ads
C106628,2024-11-25,Organic
C106629,2026-01-16,Google Ads
C106630,2025-03-27,Influencer
C106631,2025-10-18,Influencer
C106632,2025-11-08,Google Ads
C106633,2025-05-26,Influencer
C106634,2024-12-20,Google Ads
C106635,2025-09-11,Organic
C106636,2026-02-02,Meta Ads
C106637,2025-02-06,Meta Ads
C106638,2025-08-28,Meta Ads
C106639,2024-11-06,Meta Ads
C106640,2025-12-18,Meta Ads
C106641,2025-03-09,Organic
C106642,2025-02-23,Google Ads
C106643,2026-01-23,Meta Ads
C106644,2025-06-22,Meta Ads
C106645,2026-01-01,Meta Ads
C106646,2024-10-28,Google Ads
C106647,2025-07-23,Meta Ads
C106648,2025-05-27,Meta Ads
C106649,2025-12-03,Organic
C106650,2025-12-12,Google Ads
C106651,2026-01-11,Referral
C106652,2025-05-06,Influencer
C106653,2026-01-31,Google Ads
C106654,2025-09-09,Influencer
C106655,2025-11-26,Organic
C106656,2025-07-04,Google Ads
C106657,2025-03-09,Referral
C106658,2025-01-29,Influencer
C106659,2025-12-25,Meta Ads
C106660,2025-01-06,Meta Ads
C106661,2025-05-17,Meta Ads
C106662,2025-05-15,Organic
C106663,2025-07-06,Google Ads
C106664,2024-10-24,Organic
C106665,2025-05-10,Influencer
C106666,2024-11-08,Organic
C106667,2026-01-02,Meta Ads
C106668,2025-03-04,Organic
C106669,2024-11-19,Google Ads
C106670,2025-12-04,Meta Ads
C106671,2025-10-14,Referral
C106672,2025-12-20,Meta Ads
C106673,2024-10-08,Meta Ads
C106674,2025-04-02,Meta Ads
C106675,2025-01-13,Google Ads
C106676,2025-03-20,Google Ads
C106677,2025-03-05,Google Ads
C106678,2026-01-29,Meta Ads
C106679,2025-03-09,Organic
C106680,2024-12-30,Meta Ads
C106681,2024-12-09,Google Ads
C106682,2026-02-02,Google Ads
C106683,2025-08-04,Influencer
C106684,2026-02-01,Influencer
C106685,2025-01-11,Meta Ads
C106686,2025-02-08,Organic
C106687,2025-04-12,Meta Ads
C106688,2025-11-10,Influencer
C106689,2025-05-05,Organic
C106690,2024-11-30,Organic
C106691,2025-12-16,Meta Ads
C106692,2025-01-17,Organic
C106693,2025-06-28,Meta Ads
C106694,2025-01-19,Google Ads
C106695,2025-12-04,Organic
C106696,2024-11-20,Meta Ads
C106697,2024-10-31,Google Ads
C106698,2024-11-20,Google Ads
C106699,2025-10-04,Google Ads
C106700,2025-06-29,Google Ads
C106701,2025-03-23,Organic
C106702,2025-02-24,Meta Ads
C106703,2025-11-20,Meta Ads
C106704,2025-11-26,Meta Ads
C106705,2025-03-02,Meta Ads
C106706,2025-09-17,Meta Ads
C106707,2024-11-28,Organic
C106708,2024-10-23,Meta Ads
C106709,2025-02-03,Meta Ads
C106710,2025-07-25,Organic
C106711,2025-08-31,Google Ads
C106712,2025-01-20,Influencer
C106713,2026-01-09,Meta Ads
C106714,2025-05-14,Google Ads
C106715,2025-01-21,Google Ads
C106716,2025-04-29,Influencer
C106717,2024-11-07,Organic
C106718,2025-10-17,Referral
C106719,2025-07-10,Influencer
C106720,2025-08-24,Meta Ads
C106721,2025-08-04,Organic
C106722,2024-10-30,Organic
C106723,2024-10-27,Organic
C106724,2026-01-07,Meta Ads
C106725,2026-02-07,Meta Ads
C106726,2025-11-27,Meta Ads
C106727,2025-11-29,Referral
C106728,2025-03-20,Meta Ads
C106729,2025-01-28,Meta Ads
C106730,2025-07-19,Meta Ads
C106731,2025-06-11,Influencer
C106732,2025-06-05,Meta Ads
C106733,2024-12-25,Referral
C106734,2026-01-18,Organic
C106735,2025-09-18,Google Ads
C106736,2025-10-05,Google Ads
C106737,2025-11-29,Influencer
C106738,2025-05-06,Google Ads
C106739,2025-04-09,Meta Ads
C106740,2025-05-30,Google Ads
C106741,2024-10-27,Influencer
C106742,2025-02-21,Meta Ads
C106743,2025-01-15,Google Ads
C106744,2025-07-11,Meta Ads
C106745,2025-09-01,Google Ads
C106746,2026-01-09,Influencer
C106747,2025-06-22,Google Ads
C106748,2024-12-11,Influencer
C106749,2024-11-19,Meta Ads
C106750,2025-01-12,Meta Ads
C106751,2025-10-08,Google Ads
C106752,2025-07-09,Organic
C106753,2026-01-06,Google Ads
C106754,2024-12-26,Meta Ads
C106755,2025-04-06,Google Ads
C106756,2025-09-11,Google Ads
C106757,2025-02-10,Google Ads
C106758,2024-10-17,Organic
C106759,2025-09-12,Referral
C106760,2025-06-21,Influencer
C106761,2025-06-18,Organic
C106762,2025-09-01,Meta Ads
C106763,2025-12-10,Meta Ads
C106764,2025-11-03,Referral
C106765,2025-05-08,Organic
C106766,2024-12-30,Meta Ads
C106767,2025-02-06,Meta Ads
C106768,2025-09-20,Meta Ads
C106769,2025-02-13,Meta Ads
C106770,2025-02-27,Organic
C106771,2025-11-30,Google Ads
C106772,2025-02-01,Meta Ads
C106773,2025-04-18,Meta Ads
C106774,2025-09-13,Influencer
C106775,2024-10-16,Meta Ads
C106776,2024-11-30,Google Ads
C106777,2025-03-31,Influencer
C106778,2026-02-02,Referral
C106779,2024-12-16,Google Ads
C106780,2025-09-16,Google Ads
C106781,2024-10-31,Organic
C106782,2025-07-15,Influencer
C106783,2025-04-19,Meta Ads
C106784,2025-12-09,Organic
C106785,2025-06-02,Organic
C106786,2026-01-29,Referral
C106787,2024-12-06,Referral
C106788,2026-02-09,Meta Ads
C106789,2025-01-24,Organic
C106790,2025-12-29,Meta Ads
C106791,2025-11-17,Organic
C106792,2024-10-18,Meta Ads
C106793,2025-01-25,Organic
C106794,2025-04-25,Organic
C106795,2025-05-25,Influencer
C106796,2025-06-03,Influencer
C106797,2025-02-03,Meta Ads
C106798,2025-02-23,Organic
C106799,2025-08-13,Organic
C106800,2025-03-22,Meta Ads
C106801,2025-08-03,Organic
C106802,2025-09-08,Meta Ads
C106803,2025-12-01,Referral
C106804,2024-10-20,Meta Ads
C106805,2025-06-18,Google Ads
C106806,2024-11-06,Organic
C106807,2025-03-20,Meta Ads
C106808,2025-07-28,Influencer
C106809,2024-10-08,Influencer
C106810,2024-12-31,Organic
C106811,2025-09-08,Referral
C106812,2025-01-15,Organic
C106813,2024-11-15,Meta Ads
C106814,2025-12-10,Referral
C106815,2026-01-07,Meta Ads
C106816,2025-11-03,Influencer
C106817,2026-01-05,Meta Ads
C106818,2025-03-04,Influencer
C106819,2025-01-27,Influencer
C106820,2025-04-04,Meta Ads
C106821,2025-02-06,Influencer
C106822,2025-05-03,Google Ads
C106823,2024-10-18,Meta Ads
C106824,2025-09-07,Meta Ads
C106825,2025-12-29,Meta Ads
C106826,2025-01-10,Meta Ads
C106827,2025-05-11,Influencer
C106828,2026-02-02,Influencer
C106829,2025-07-25,Influencer
C106830,2025-01-31,Influencer
C106831,2024-10-20,Google Ads
C106832,2025-11-06,Google Ads
C106833,2026-01-30,Google Ads
C106834,2025-11-01,Organic
C106835,2024-12-19,Influencer
C106836,2024-12-28,Influencer
C106837,2025-08-08,Meta Ads
C106838,2025-06-11,Meta Ads
C106839,2025-03-13,Meta Ads
C106840,2025-03-26,Meta Ads
C106841,2024-10-16,Google Ads
C106842,2025-05-15,Referral
C106843,2024-10-05,Organic
C106844,2025-01-01,Influencer
C106845,2025-02-04,Google Ads
C106846,2025-12-07,Meta Ads
C106847,2026-01-15,Google Ads
C106848,2025-02-05,Google Ads
C106849,2025-03-10,Google Ads
C106850,2025-12-26,Influencer
C106851,2025-01-19,Organic
C106852,2025-05-05,Referral
C106853,2024-12-28,Referral
C106854,2025-06-02,Organic
C106855,2025-06-11,Influencer
C106856,2026-02-05,Meta Ads
C106857,2025-07-17,Organic
C106858,2024-11-05,Influencer
C106859,2025-04-24,Organic
C106860,2025-12-13,Google Ads
C106861,2024-10-11,Organic
C106862,2025-08-17,Meta Ads
C106863,2025-11-27,Organic
C106864,2024-10-07,Meta Ads
C106865,2025-07-16,Google Ads
C106866,2025-03-13,Google Ads
C106867,2025-06-07,Meta Ads
C106868,2025-09-10,Google Ads
C106869,2024-12-14,Meta Ads
C106870,2025-10-23,Referral
C106871,2025-08-02,Google Ads
C106872,2025-01-06,Meta Ads
C106873,2025-06-03,Organic
C106874,2025-01-07,Meta Ads
C106875,2025-05-14,Referral
C106876,2025-03-30,Meta Ads
C106877,2025-09-03,Influencer
C106878,2025-01-05,Google Ads
C106879,2024-12-27,Influencer
C106880,2025-02-15,Influencer
C106881,2024-11-25,Influencer
C106882,2024-10-25,Influencer
C106883,2025-11-30,Organic
C106884,2025-09-22,Organic
C106885,2024-10-05,Referral
C106886,2026-01-21,Google Ads
C106887,2025-05-31,Google Ads
C106888,2025-05-10,Meta Ads
C106889,2025-02-20,Meta Ads
C106890,2025-03-20,Google Ads
C106891,2026-01-25,Meta Ads
C106892,2025-10-15,Google Ads
C106893,2024-10-03,Meta Ads
C106894,2025-05-11,Google Ads
C106895,2025-02-19,Influencer
C106896,2025-02-17,Google Ads
C106897,2025-09-08,Meta Ads
C106898,2026-01-16,Influencer
C106899,2025-09-02,Google Ads
C106900,2025-06-08,Google Ads
C106901,2024-12-21,Meta Ads
C106902,2026-01-28,Meta Ads
C106903,2025-04-10,Google Ads
C106904,2026-01-20,Google Ads
C106905,2025-07-26,Influencer
C106906,2024-12-26,Influencer
C106907,2025-05-21,Organic
C106908,2025-04-12,Influencer
C106909,2025-04-02,Google Ads
C106910,2025-11-22,Meta Ads
C106911,2025-04-19,Meta Ads
C106912,2025-10-09,Google Ads
C106913,2025-02-07,Influencer
C106914,2025-07-13,Organic
C106915,2024-10-26,Influencer
C106916,2025-10-02,Meta Ads
C106917,2025-06-09,Referral
C106918,2024-10-20,Meta Ads
C106919,2025-08-09,Organic
C106920,2025-06-17,Meta Ads
C106921,2025-08-23,Google Ads
C106922,2025-08-25,Influencer
C106923,2024-10-03,Organic
C106924,2025-07-07,Google Ads
C106925,2025-01-31,Organic
C106926,2025-01-09,Meta Ads
C106927,2025-03-07,Meta Ads
C106928,2024-12-05,Meta Ads
C106929,2025-05-05,Meta Ads
C106930,2025-12-01,Google Ads
C106931,2025-08-13,Meta Ads
C106932,2024-12-03,Referral
C106933,2025-07-23,Influencer
C106934,2024-11-10,Meta Ads
C106935,2025-10-27,Meta Ads
C106936,2026-02-09,Google Ads
C106937,2025-08-01,Organic
C106938,2025-03-21,Google Ads
C106939,2026-02-02,Meta Ads
C106940,2024-12-03,Google Ads
C106941,2025-12-02,Meta Ads
C106942,2025-04-26,Meta Ads
C106943,2026-01-29,Organic
C106944,2024-11-23,Referral
C106945,2025-06-21,Google Ads
C106946,2024-10-26,Influencer
C106947,2025-02-10,Influencer
C106948,2024-10-05,Meta Ads
C106949,2025-10-13,Influencer
C106950,2024-10-23,Meta Ads
C106951,2025-11-24,Meta Ads
C106952,2025-11-15,Meta Ads
C106953,2025-09-12,Meta Ads
C106954,2025-03-27,Influencer
C106955,2025-02-12,Organic
C106956,2025-10-11,Organic
C106957,2026-01-24,Organic
C106958,2026-02-06,Google Ads
C106959,2025-02-14,Meta Ads
C106960,2026-01-24,Meta Ads
C106961,2025-12-06,Meta Ads
C106962,2025-03-01,Referral
C106963,2025-10-23,Google Ads
C106964,2025-04-29,Google Ads
C106965,2025-03-30,Google Ads
C106966,2025-04-05,Meta Ads
C106967,2025-04-27,Referral
C106968,2024-10-16,Organic
C106969,2025-02-08,Organic
C106970,2024-11-08,Organic
C106971,2025-03-23,Meta Ads
C106972,2024-11-23,Organic
C106973,2025-03-16,Meta Ads
C106974,2025-04-05,Meta Ads
C106975,2025-02-27,Organic
C106976,2025-07-09,Influencer
C106977,2025-08-11,Meta Ads
C106978,2024-12-24,Organic
C106979,2024-10-06,Meta Ads
C106980,2025-11-04,Influencer
C106981,2025-02-14,Google Ads
C106982,2026-01-10,Meta Ads
C106983,2024-11-18,Influencer
C106984,2025-10-21,Google Ads
C106985,2025-07-05,Organic
C106986,2025-09-17,Organic
C106987,2024-12-03,Organic
C106988,2024-11-09,Meta Ads
C106989,2024-12-26,Organic
C106990,2025-06-27,Meta Ads
C106991,2025-08-05,Meta Ads
C106992,2024-11-09,Google Ads
C106993,2024-12-29,Google Ads
C106994,2025-05-10,Google Ads
C106995,2025-02-13,Google Ads
C106996,2025-07-07,Google Ads
C106997,2025-12-24,Google Ads
C106998,2025-08-02,Influencer
C106999,2024-11-09,Organic
C107000,2025-03-14,Organic
C107001,2024-10-04,Referral
C107002,2024-11-23,Organic
C107003,2024-11-25,Google Ads
C107004,2025-08-31,Google Ads
C107005,2025-12-28,Meta Ads
C107006,2025-03-04,Organic
C107007,2025-01-20,Meta Ads
C107008,2025-06-09,Google Ads
C107009,2025-09-09,Organic
C107010,2025-04-10,Influencer
C107011,2025-03-12,Meta Ads
C107012,2026-01-10,Influencer
C107013,2025-09-25,Google Ads
C107014,2025-12-03,Influencer
C107015,2026-01-16,Meta Ads
C107016,2025-12-10,Organic
C107017,2024-10-19,Organic
C107018,2025-09-20,Google Ads
C107019,2025-06-22,Google Ads
C107020,2025-05-03,Google Ads
C107021,2025-06-05,Influencer
C107022,2025-09-23,Meta Ads
C107023,2025-05-28,Google Ads
C107024,2025-04-27,Referral
C107025,2025-07-17,Google Ads
C107026,2026-02-07,Influencer
C107027,2024-10-23,Meta Ads
C107028,2025-11-12,Google Ads
C107029,2025-05-29,Referral
C107030,2025-05-21,Meta Ads
C107031,2025-10-03,Meta Ads
C107032,2025-12-21,Referral
C107033,2025-06-13,Meta Ads
C107034,2025-12-27,Organic
C107035,2025-03-12,Google Ads
C107036,2025-08-16,Influencer
C107037,2024-10-14,Influencer
C107038,2025-09-07,Referral
C107039,2025-03-19,Influencer
C107040,2025-04-01,Organic
C107041,2025-05-24,Google Ads
C107042,2025-01-28,Organic
C107043,2026-01-14,Meta Ads
C107044,2025-11-27,Google Ads
C107045,2025-04-23,Meta Ads
C107046,2025-04-10,Meta Ads
C107047,2025-01-08,Organic
C107048,2025-02-06,Meta Ads
C107049,2025-02-10,Meta Ads
C107050,2025-02-05,Google Ads
C107051,2025-11-27,Influencer
C107052,2025-06-12,Google Ads
C107053,2025-08-01,Meta Ads
C107054,2026-01-21,Meta Ads
C107055,2025-07-07,Organic
C107056,2026-01-26,Google Ads
C107057,2025-09-13,Google Ads
C107058,2025-05-27,Organic
C107059,2025-03-30,Meta Ads
C107060,2025-04-16,Google Ads
C107061,2025-12-11,Meta Ads
C107062,2026-01-16,Organic
C107063,2024-10-09,Organic
C107064,2025-07-21,Organic
C107065,2025-02-10,Google Ads
C107066,2024-10-19,Influencer
C107067,2025-09-23,Meta Ads
C107068,2025-04-22,Meta Ads
C107069,2025-06-14,Meta Ads
C107070,2025-09-02,Organic
C107071,2025-02-05,Influencer
C107072,2025-01-27,Influencer
C107073,2025-06-15,Meta Ads
C107074,2025-05-25,Google Ads
C107075,2024-12-23,Meta Ads
C107076,2025-12-25,Meta Ads
C107077,2026-01-11,Referral
C107078,2025-11-09,Meta Ads
C107079,2025-07-19,Google Ads
C107080,2025-08-27,Meta Ads
C107081,2025-03-13,Google Ads
C107082,2026-01-02,Google Ads
C107083,2024-10-12,Meta Ads
C107084,2026-01-25,Meta Ads
C107085,2025-08-27,Influencer
C107086,2025-05-11,Influencer
C107087,2026-01-27,Influencer
C107088,2025-11-26,Google Ads
C107089,2025-06-26,Organic
C107090,2025-08-01,Influencer
C107091,2025-05-20,Influencer
C107092,2025-06-11,Google Ads
C107093,2025-10-08,Meta Ads
C107094,2024-12-29,Meta Ads
C107095,2024-12-18,Google Ads
C107096,2025-06-05,Referral
C107097,2025-04-25,Influencer
C107098,2025-11-26,Referral
C107099,2026-02-08,Meta Ads
C107100,2025-01-30,Organic
C107101,2025-05-09,Influencer
C107102,2026-01-19,Influencer
C107103,2024-12-10,Organic
C107104,2025-06-22,Organic
C107105,2025-07-23,Google Ads
C107106,2025-05-10,Referral
C107107,2025-01-15,Google Ads
C107108,2026-01-08,Google Ads
C107109,2025-09-03,Organic
C107110,2025-06-11,Meta Ads
C107111,2025-06-15,Influencer
C107112,2024-10-17,Referral
C107113,2025-12-25,Meta Ads
C107114,2025-04-02,Google Ads
C107115,2024-10-23,Influencer
C107116,2024-11-03,Meta Ads
C107117,2025-06-29,Meta Ads
C107118,2025-09-06,Influencer
C107119,2025-01-03,Meta Ads
C107120,2025-02-17,Google Ads
C107121,2025-06-24,Google Ads
C107122,2025-04-17,Meta Ads
C107123,2024-10-09,Referral
C107124,2025-01-25,Google Ads
C107125,2025-08-13,Google Ads
C107126,2025-02-26,Organic
C107127,2025-11-26,Referral
C107128,2025-07-27,Meta Ads
C107129,2025-01-28,Influencer
C107130,2025-03-15,Influencer
C107131,2025-10-31,Referral
C107132,2025-11-09,Meta Ads
C107133,2025-07-24,Meta Ads
C107134,2025-04-10,Influencer
C107135,2025-04-15,Meta Ads
C107136,2025-02-12,Influencer
C107137,2025-03-09,Google Ads
C107138,2024-12-21,Referral
C107139,2025-12-20,Meta Ads
C107140,2025-05-14,Meta Ads
C107141,2025-11-13,Influencer
C107142,2024-11-25,Google Ads
C107143,2024-12-12,Meta Ads
C107144,2024-10-04,Google Ads
C107145,2026-01-23,Referral
C107146,2025-08-02,Organic
C107147,2025-05-16,Meta Ads
C107148,2025-08-27,Meta Ads
C107149,2024-11-01,Google Ads
C107150,2025-06-05,Meta Ads
C107151,2025-06-11,Meta Ads
C107152,2025-05-10,Meta Ads
C107153,2024-12-30,Meta Ads
C107154,2025-12-28,Meta Ads
C107155,2025-08-05,Google Ads
C107156,2025-04-22,Google Ads
C107157,2025-10-10,Google Ads
C107158,2025-05-23,Influencer
C107159,2025-06-08,Meta Ads
C107160,2025-11-04,Organic
C107161,2025-03-23,Influencer
C107162,2025-11-28,Meta Ads
C107163,2025-08-25,Meta Ads
C107164,2025-10-28,Referral
C107165,2025-09-08,Meta Ads
C107166,2025-09-28,Referral
C107167,2025-07-04,Meta Ads
C107168,2024-12-06,Google Ads
C107169,2025-01-20,Influencer
C107170,2025-11-10,Meta Ads
C107171,2024-12-31,Meta Ads
C107172,2025-12-21,Organic
C107173,2024-11-28,Meta Ads
C107174,2025-10-28,Meta Ads
C107175,2025-07-06,Influencer
C107176,2025-04-25,Influencer
C107177,2024-12-05,Google Ads
C107178,2024-10-28,Meta Ads
C107179,2025-03-13,Influencer
C107180,2025-06-14,Google Ads
C107181,2025-12-22,Influencer
C107182,2025-12-11,Meta Ads
C107183,2024-11-04,Meta Ads
C107184,2025-07-22,Referral
C107185,2025-10-17,Meta Ads
C107186,2025-11-20,Organic
C107187,2025-08-28,Referral
C107188,2025-05-20,Influencer
C107189,2025-01-14,Google Ads
C107190,2025-06-26,Meta Ads
C107191,2025-05-27,Google Ads
C107192,2025-10-15,Meta Ads
C107193,2025-09-23,Referral
C107194,2025-10-21,Organic
C107195,2024-11-12,Google Ads
C107196,2025-02-27,Meta Ads
C107197,2024-10-25,Google Ads
C107198,2025-09-08,Meta Ads
C107199,2025-11-10,Influencer
C107200,2025-04-30,Meta Ads
C107201,2025-03-12,Meta Ads
C107202,2025-12-24,Organic
C107203,2025-07-22,Meta Ads
C107204,2025-02-02,Meta Ads
C107205,2025-08-26,Referral
C107206,2025-07-06,Organic
C107207,2025-06-04,Google Ads
C107208,2026-01-30,Influencer
C107209,2025-04-03,Organic
C107210,2026-02-12,Organic
C107211,2025-07-05,Organic
C107212,2025-07-02,Meta Ads
C107213,2024-11-17,Influencer
C107214,2025-07-15,Google Ads
C107215,2025-11-17,Google Ads
C107216,2025-04-14,Meta Ads
C107217,2026-02-08,Google Ads
C107218,2025-05-26,Google Ads
C107219,2025-10-29,Referral
C107220,2024-12-05,Google Ads
C107221,2025-04-12,Organic
C107222,2025-05-07,Google Ads
C107223,2025-11-23,Organic
C107224,2026-01-18,Google Ads
C107225,2025-08-31,Organic
C107226,2025-11-01,Google Ads
C107227,2025-11-26,Influencer
C107228,2026-02-06,Google Ads
C107229,2025-02-24,Meta Ads
C107230,2024-12-28,Meta Ads
C107231,2025-09-05,Google Ads
C107232,2025-01-14,Influencer
C107233,2025-12-29,Influencer
C107234,2025-02-15,Organic
C107235,2024-10-15,Meta Ads
C107236,2024-10-14,Meta Ads
C107237,2025-11-14,Google Ads
C107238,2025-11-08,Influencer
C107239,2025-01-17,Google Ads
C107240,2026-01-01,Meta Ads
C107241,2025-11-18,Meta Ads
C107242,2024-12-04,Meta Ads
C107243,2025-08-07,Meta Ads
C107244,2025-01-24,Google Ads
C107245,2025-03-12,Meta Ads
C107246,2025-12-21,Organic
C107247,2025-06-05,Google Ads
C107248,2025-06-07,Meta Ads
C107249,2024-12-14,Influencer
C107250,2024-10-10,Google Ads
C107251,2025-12-19,Google Ads
C107252,2025-07-20,Organic
C107253,2025-02-01,Influencer
C107254,2024-11-15,Meta Ads
C107255,2025-02-05,Organic
C107256,2025-08-18,Meta Ads
C107257,2025-01-12,Influencer
C107258,2025-10-09,Meta Ads
C107259,2025-06-21,Influencer
C107260,2025-10-03,Google Ads
C107261,2025-04-12,Influencer
C107262,2025-08-25,Meta Ads
C107263,2025-11-27,Referral
C107264,2025-05-30,Meta Ads
C107265,2024-10-16,Organic
C107266,2025-09-24,Influencer
C107267,2025-02-25,Meta Ads
C107268,2025-01-08,Google Ads
C107269,2025-08-15,Meta Ads
C107270,2024-10-27,Google Ads
C107271,2025-12-24,Referral
C107272,2025-10-05,Meta Ads
C107273,2026-02-03,Google Ads
C107274,2025-11-05,Organic
C107275,2025-10-10,Influencer
C107276,2025-04-12,Google Ads
C107277,2025-03-21,Google Ads
C107278,2025-01-19,Meta Ads
C107279,2026-02-04,Meta Ads
C107280,2025-04-01,Meta Ads
C107281,2025-04-08,Organic
C107282,2025-05-03,Influencer
C107283,2024-10-29,Organic
C107284,2026-01-07,Influencer
C107285,2026-01-17,Meta Ads
C107286,2025-12-25,Influencer
C107287,2024-11-03,Google Ads
C107288,2025-09-25,Organic
C107289,2025-05-09,Google Ads
C107290,2025-12-05,Google Ads
C107291,2025-02-27,Meta Ads
C107292,2025-11-24,Meta Ads
C107293,2024-10-08,Google Ads
C107294,2025-10-26,Influencer
C107295,2025-11-17,Google Ads
C107296,2025-05-03,Referral
C107297,2025-09-29,Meta Ads
C107298,2025-09-15,Google Ads
C107299,2025-11-19,Organic
C107300,2025-01-13,Organic
C107301,2025-07-31,Meta Ads
C107302,2025-04-26,Meta Ads
C107303,2026-02-08,Google Ads
C107304,2025-09-27,Meta Ads
C107305,2024-10-16,Meta Ads
C107306,2025-02-11,Meta Ads
C107307,2025-03-22,Google Ads
C107308,2025-03-09,Referral
C107309,2025-09-08,Meta Ads
C107310,2026-01-24,Influencer
C107311,2025-10-12,Referral
C107312,2025-11-26,Google Ads
C107313,2025-10-03,Google Ads
C107314,2025-11-06,Organic
C107315,2025-03-25,Meta Ads
C107316,2025-07-22,Referral
C107317,2025-06-04,Influencer
C107318,2025-10-25,Google Ads
C107319,2025-01-22,Influencer
C107320,2025-07-25,Influencer
C107321,2025-09-17,Google Ads
C107322,2025-05-18,Google Ads
C107323,2025-11-27,Google Ads
C107324,2025-02-19,Google Ads
C107325,2025-03-26,Organic
C107326,2025-05-10,Google Ads
C107327,2025-03-01,Meta Ads
C107328,2025-04-03,Meta Ads
C107329,2024-11-23,Referral
C107330,2025-02-17,Meta Ads
C107331,2025-12-23,Google Ads
C107332,2024-10-01,Google Ads
C107333,2025-02-09,Meta Ads
C107334,2025-09-10,Google Ads
C107335,2024-12-03,Influencer
C107336,2025-07-26,Organic
C107337,2025-12-21,Meta Ads
C107338,2025-10-22,Referral
C107339,2025-12-23,Organic
C107340,2025-06-09,Influencer
C107341,2026-01-05,Google Ads
C107342,2024-12-04,Organic
C107343,2025-09-10,Meta Ads
C107344,2025-03-05,Referral
C107345,2025-04-26,Meta Ads
C107346,2026-01-17,Meta Ads
C107347,2024-10-05,Google Ads
C107348,2025-10-12,Meta Ads
C107349,2025-12-13,Meta Ads
C107350,2026-02-07,Influencer
C107351,2024-11-04,Organic
C107352,2025-12-14,Influencer
C107353,2025-10-05,Google Ads
C107354,2025-02-12,Influencer
C107355,2025-04-06,Referral
C107356,2025-03-13,Meta Ads
C107357,2025-04-22,Google Ads
C107358,2025-07-16,Google Ads
C107359,2026-01-15,Referral
C107360,2025-05-18,Meta Ads
C107361,2025-12-20,Google Ads
C107362,2026-01-24,Google Ads
C107363,2026-01-11,Organic
C107364,2025-01-28,Meta Ads
C107365,2025-09-26,Influencer
C107366,2025-12-24,Organic
C107367,2025-11-06,Google Ads
C107368,2025-06-11,Meta Ads
C107369,2025-08-16,Influencer
C107370,2025-07-15,Influencer
C107371,2024-11-05,Meta Ads
C107372,2025-06-27,Google Ads
C107373,2026-02-08,Organic
C107374,2024-12-20,Meta Ads
C107375,2025-08-13,Meta Ads
C107376,2025-12-07,Meta Ads
C107377,2025-01-21,Google Ads
C107378,2026-01-29,Meta Ads
C107379,2025-12-24,Google Ads
C107380,2025-11-18,Google Ads
C107381,2025-07-01,Google Ads
C107382,2025-11-18,Influencer
C107383,2026-01-20,Organic
C107384,2025-05-13,Influencer
C107385,2024-10-04,Influencer
C107386,2025-04-21,Organic
C107387,2025-08-01,Google Ads
C107388,2025-07-31,Meta Ads
C107389,2025-01-05,Google Ads
C107390,2025-01-23,Influencer
C107391,2025-06-21,Influencer
C107392,2025-01-01,Google Ads
C107393,2025-11-18,Meta Ads
C107394,2025-07-18,Meta Ads
C107395,2025-10-23,Organic
C107396,2025-12-25,Influencer
C107397,2025-12-05,Referral
C107398,2024-12-22,Organic
C107399,2025-11-23,Organic
C107400,2025-08-03,Google Ads
C107401,2025-12-07,Organic
C107402,2025-03-30,Referral
C107403,2025-10-19,Meta Ads
C107404,2026-01-29,Google Ads
C107405,2025-04-23,Meta Ads
C107406,2025-11-11,Google Ads
C107407,2025-12-13,Referral
C107408,2025-08-19,Meta Ads
C107409,2025-07-15,Google Ads
C107410,2024-10-13,Google Ads
C107411,2025-02-24,Meta Ads
C107412,2025-02-07,Meta Ads
C107413,2025-04-27,Meta Ads
C107414,2025-03-16,Meta Ads
C107415,2025-08-19,Meta Ads
C107416,2026-01-21,Google Ads
C107417,2026-01-13,Influencer
C107418,2026-02-08,Organic
C107419,2024-11-07,Google Ads
C107420,2025-09-23,Google Ads
C107421,2025-07-28,Influencer
C107422,2025-03-03,Google Ads
C107423,2025-11-17,Meta Ads
C107424,2025-03-23,Influencer
C107425,2024-12-05,Google Ads
C107426,2024-12-12,Google Ads
C107427,2024-12-02,Meta Ads
C107428,2024-11-10,Meta Ads
C107429,2026-01-15,Influencer
C107430,2025-05-25,Referral
C107431,2025-01-11,Google Ads
C107432,2025-05-09,Influencer
C107433,2025-12-26,Referral
C107434,2025-06-19,Google Ads
C107435,2025-09-16,Google Ads
C107436,2025-03-24,Google Ads
C107437,2025-03-22,Meta Ads
C107438,2025-04-02,Google Ads
C107439,2025-08-29,Google Ads
C107440,2025-04-10,Referral
C107441,2025-10-23,Google Ads
C107442,2025-11-25,Organic
C107443,2024-10-10,Meta Ads
C107444,2025-08-30,Referral
C107445,2025-01-22,Influencer
C107446,2026-02-06,Referral
C107447,2025-02-11,Google Ads
C107448,2025-03-26,Meta Ads
C107449,2026-02-03,Organic
C107450,2025-03-21,Influencer
C107451,2025-04-10,Meta Ads
C107452,2025-08-12,Meta Ads
C107453,2024-12-27,Organic
C107454,2025-12-12,Google Ads
C107455,2024-10-02,Influencer
C107456,2025-12-27,Influencer
C107457,2025-05-04,Referral
C107458,2025-11-27,Google Ads
C107459,2025-02-01,Influencer
C107460,2026-01-16,Google Ads
C107461,2025-06-25,Google Ads
C107462,2025-10-10,Meta Ads
C107463,2025-11-24,Meta Ads
C107464,2025-02-16,Google Ads
C107465,2024-10-24,Referral
C107466,2025-12-28,Google Ads
C107467,2025-03-09,Referral
C107468,2025-08-21,Meta Ads
C107469,2025-07-30,Meta Ads
C107470,2025-02-07,Influencer
C107471,2025-03-20,Organic
C107472,2025-03-03,Meta Ads
C107473,2025-01-15,Google Ads
C107474,2025-03-03,Organic
C107475,2026-01-02,Meta Ads
C107476,2025-04-01,Meta Ads
C107477,2025-06-21,Influencer
C107478,2025-01-06,Meta Ads
C107479,2025-12-02,Meta Ads
C107480,2024-12-14,Google Ads
C107481,2025-09-28,Google Ads
C107482,2025-11-09,Influencer
C107483,2025-01-26,Google Ads
C107484,2026-02-03,Meta Ads
C107485,2025-07-08,Meta Ads
C107486,2025-02-11,Referral
C107487,2025-10-13,Referral
C107488,2025-05-20,Google Ads
C107489,2025-11-27,Meta Ads
C107490,2025-04-07,Meta Ads
C107491,2025-11-15,Google Ads
C107492,2025-08-29,Influencer
C107493,2025-05-03,Google Ads
C107494,2024-11-04,Influencer
C107495,2025-02-17,Meta Ads
C107496,2026-01-17,Influencer
C107497,2025-05-24,Meta Ads
C107498,2025-12-10,Organic
C107499,2025-01-04,Meta Ads
C107500,2025-06-21,Meta Ads
C107501,2025-11-01,Meta Ads
C107502,2025-03-08,Meta Ads
C107503,2025-10-11,Meta Ads
C107504,2025-08-24,Meta Ads
C107505,2024-10-23,Organic
C107506,2025-04-19,Google Ads
C107507,2025-05-20,Meta Ads
C107508,2025-01-11,Meta Ads
C107509,2024-12-13,Google Ads
C107510,2025-01-05,Google Ads
C107511,2025-03-07,Meta Ads
C107512,2025-07-01,Meta Ads
C107513,2026-01-16,Google Ads
C107514,2026-01-30,Meta Ads
C107515,2024-10-17,Organic
C107516,2025-05-23,Meta Ads
C107517,2025-04-10,Meta Ads
C107518,2024-12-02,Referral
C107519,2025-12-08,Google Ads
C107520,2025-06-18,Organic
C107521,2024-12-27,Organic
C107522,2025-09-17,Meta Ads
C107523,2025-10-27,Influencer
C107524,2025-01-26,Meta Ads
C107525,2025-12-24,Influencer
C107526,2025-07-12,Google Ads
C107527,2024-10-10,Referral
C107528,2025-09-06,Google Ads
C107529,2025-12-14,Meta Ads
C107530,2025-07-21,Influencer
C107531,2025-07-19,Google Ads
C107532,2025-04-19,Influencer
C107533,2025-09-07,Meta Ads
C107534,2025-08-05,Google Ads
C107535,2025-10-16,Influencer
C107536,2025-12-03,Organic
C107537,2026-02-08,Meta Ads
C107538,2025-07-12,Google Ads
C107539,2024-11-10,Meta Ads
C107540,2025-05-17,Meta Ads
C107541,2025-09-13,Influencer
C107542,2024-10-07,Meta Ads
C107543,2025-10-03,Organic
C107544,2025-12-10,Meta Ads
C107545,2025-02-10,Meta Ads
C107546,2024-10-23,Organic
C107547,2024-11-05,Influencer
C107548,2025-08-06,Organic
C107549,2026-01-21,Google Ads
C107550,2024-12-05,Organic
C107551,2024-11-23,Influencer
C107552,2025-01-20,Meta Ads
C107553,2025-05-15,Google Ads
C107554,2025-02-27,Organic
C107555,2024-10-28,Organic
C107556,2025-11-05,Google Ads
C107557,2025-08-01,Referral
C107558,2026-01-17,Meta Ads
C107559,2024-10-06,Google Ads
C107560,2025-12-27,Influencer
C107561,2025-10-25,Organic
C107562,2025-02-23,Google Ads
C107563,2025-09-15,Organic
C107564,2025-03-29,Meta Ads
C107565,2025-11-09,Influencer
C107566,2025-03-17,Meta Ads
C107567,2025-09-27,Organic
C107568,2024-11-01,Meta Ads
C107569,2025-10-14,Influencer
C107570,2024-11-14,Meta Ads
C107571,2025-05-02,Meta Ads
C107572,2025-05-02,Influencer
C107573,2025-02-10,Meta Ads
C107574,2025-01-30,Organic
C107575,2025-07-30,Meta Ads
C107576,2025-05-18,Influencer
C107577,2024-12-30,Meta Ads
C107578,2024-12-23,Organic
C107579,2025-01-08,Organic
C107580,2025-01-03,Meta Ads
C107581,2025-06-03,Referral
C107582,2024-10-09,Organic
C107583,2026-02-09,Referral
C107584,2025-04-16,Organic
C107585,2024-10-27,Meta Ads
C107586,2024-11-02,Referral
C107587,2025-09-23,Organic
C107588,2025-05-15,Influencer
C107589,2025-10-30,Influencer
C107590,2025-02-07,Google Ads
C107591,2025-06-14,Meta Ads
C107592,2025-11-06,Organic
C107593,2025-04-27,Influencer
C107594,2025-12-21,Google Ads
C107595,2025-04-19,Organic
C107596,2025-04-26,Referral
C107597,2025-03-06,Google Ads
C107598,2025-10-26,Organic
C107599,2025-03-09,Google Ads
C107600,2025-04-04,Referral
C107601,2025-06-17,Influencer
C107602,2025-11-07,Meta Ads
C107603,2025-08-02,Meta Ads
C107604,2026-01-23,Google Ads
C107605,2024-12-05,Google Ads
C107606,2024-12-07,Influencer
C107607,2024-10-13,Meta Ads
C107608,2025-06-08,Influencer
C107609,2025-03-03,Google Ads
C107610,2024-11-22,Referral
C107611,2026-02-10,Referral
C107612,2025-07-21,Influencer
C107613,2026-01-07,Organic
C107614,2025-07-28,Meta Ads
C107615,2025-02-17,Meta Ads
C107616,2024-10-14,Meta Ads
C107617,2025-01-12,Meta Ads
C107618,2025-09-17,Influencer
C107619,2026-01-23,Google Ads
C107620,2026-01-31,Meta Ads
C107621,2026-01-04,Meta Ads
C107622,2026-01-30,Referral
C107623,2024-10-09,Organic
C107624,2025-06-18,Google Ads
C107625,2025-01-15,Organic
C107626,2025-12-24,Google Ads
C107627,2024-12-17,Meta Ads
C107628,2025-08-07,Referral
C107629,2025-11-18,Meta Ads
C107630,2026-01-27,Influencer
C107631,2026-01-04,Meta Ads
C107632,2025-02-23,Meta Ads
C107633,2025-02-12,Google Ads
C107634,2025-02-06,Organic
C107635,2025-12-09,Meta Ads
C107636,2025-06-27,Meta Ads
C107637,2024-12-01,Influencer
C107638,2025-08-05,Organic
C107639,2025-09-06,Meta Ads
C107640,2025-06-15,Influencer
C107641,2025-10-05,Referral
C107642,2025-04-30,Google Ads
C107643,2025-04-13,Meta Ads
C107644,2025-04-27,Google Ads
C107645,2025-09-03,Referral
C107646,2025-10-06,Referral
C107647,2025-03-25,Meta Ads
C107648,2026-01-11,Meta Ads
C107649,2025-09-18,Meta Ads
C107650,2025-12-06,Referral
C107651,2025-04-08,Influencer
C107652,2025-09-03,Influencer
C107653,2025-02-26,Google Ads
C107654,2025-01-18,Influencer
C107655,2025-06-12,Influencer
C107656,2025-02-13,Influencer
C107657,2024-11-14,Meta Ads
C107658,2025-01-23,Influencer
C107659,2025-03-01,Meta Ads
C107660,2025-12-05,Organic
C107661,2025-04-29,Meta Ads
C107662,2025-11-04,Influencer
C107663,2025-07-17,Meta Ads
C107664,2024-11-18,Influencer
C107665,2025-10-09,Meta Ads
C107666,2025-03-07,Meta Ads
C107667,2025-05-28,Google Ads
C107668,2025-08-10,Google Ads
C107669,2025-08-18,Organic
C107670,2026-01-16,Meta Ads
C107671,2026-01-11,Meta Ads
C107672,2025-12-15,Organic
C107673,2025-04-04,Influencer
C107674,2025-01-15,Google Ads
C107675,2024-12-24,Google Ads
C107676,2025-01-26,Organic
C107677,2025-08-25,Referral
C107678,2025-06-23,Meta Ads
C107679,2025-01-02,Meta Ads
C107680,2025-11-16,Google Ads
C107681,2025-02-08,Meta Ads
C107682,2025-07-04,Meta Ads
C107683,2025-05-22,Referral
C107684,2025-04-09,Organic
C107685,2026-01-09,Google Ads
C107686,2025-02-10,Organic
C107687,2025-09-13,Meta Ads
C107688,2025-06-28,Influencer
C107689,2024-10-03,Google Ads
C107690,2026-02-04,Organic
C107691,2026-01-25,Meta Ads
C107692,2025-11-09,Organic
C107693,2024-12-03,Meta Ads
C107694,2025-09-14,Meta Ads
C107695,2026-01-25,Influencer
C107696,2025-01-25,Meta Ads
C107697,2025-09-10,Organic
C107698,2024-10-01,Referral
C107699,2024-11-01,Influencer
C107700,2026-02-02,Meta Ads
C107701,2025-08-01,Referral
C107702,2025-05-07,Meta Ads
C107703,2024-10-09,Meta Ads
C107704,2025-06-30,Meta Ads
C107705,2025-05-06,Influencer
C107706,2025-04-22,Google Ads
C107707,2025-04-23,Organic
C107708,2025-06-09,Meta Ads
C107709,2025-04-19,Google Ads
C107710,2026-01-09,Google Ads
C107711,2025-05-24,Meta Ads
C107712,2025-05-22,Influencer
C107713,2024-10-23,Referral
C107714,2024-10-26,Meta Ads
C107715,2025-07-16,Meta Ads
C107716,2026-01-04,Google Ads
C107717,2025-01-15,Google Ads
C107718,2025-08-15,Meta Ads
C107719,2025-02-23,Organic
C107720,2025-03-05,Google Ads
C107721,2025-03-02,Meta Ads
C107722,2025-10-09,Meta Ads
C107723,2024-10-07,Influencer
C107724,2025-11-03,Influencer
C107725,2025-07-07,Google Ads
C107726,2024-11-02,Meta Ads
C107727,2025-11-01,Influencer
C107728,2025-08-11,Google Ads
C107729,2025-08-14,Google Ads
C107730,2024-12-22,Organic
C107731,2025-09-05,Organic
C107732,2024-11-02,Influencer
C107733,2024-10-02,Organic
C107734,2024-11-03,Organic
C107735,2024-11-09,Google Ads
C107736,2025-02-16,Meta Ads
C107737,2025-08-12,Referral
C107738,2025-09-26,Influencer
C107739,2025-11-08,Meta Ads
C107740,2025-05-06,Google Ads
C107741,2024-11-20,Influencer
C107742,2025-05-01,Organic
C107743,2025-05-10,Referral
C107744,2024-11-25,Google Ads
C107745,2025-08-12,Referral
C107746,2025-07-25,Google Ads
C107747,2024-11-17,Organic
C107748,2025-06-07,Google Ads
C107749,2026-01-08,Referral
C107750,2025-12-26,Organic
C107751,2024-11-06,Organic
C107752,2024-10-08,Influencer
C107753,2026-02-06,Google Ads
C107754,2025-06-19,Google Ads
C107755,2024-11-17,Meta Ads
C107756,2025-04-19,Meta Ads
C107757,2025-03-08,Google Ads
C107758,2025-09-21,Influencer
C107759,2025-10-10,Meta Ads
C107760,2025-05-09,Google Ads
C107761,2025-08-24,Google Ads
C107762,2025-11-08,Meta Ads
C107763,2024-11-25,Meta Ads
C107764,2024-12-12,Organic
C107765,2025-06-27,Meta Ads
C107766,2025-05-08,Google Ads
C107767,2025-01-28,Meta Ads
C107768,2025-09-30,Meta Ads
C107769,2026-01-12,Google Ads
C107770,2025-04-01,Meta Ads
C107771,2025-01-26,Organic
C107772,2024-12-20,Google Ads
C107773,2026-01-11,Meta Ads
C107774,2024-12-07,Google Ads
C107775,2025-07-11,Meta Ads
C107776,2024-12-12,Organic
C107777,2024-11-04,Google Ads
C107778,2024-12-01,Google Ads
C107779,2025-08-29,Google Ads
C107780,2025-08-18,Meta Ads
C107781,2025-08-22,Influencer
C107782,2025-04-15,Organic
C107783,2025-09-19,Meta Ads
C107784,2025-07-23,Influencer
C107785,2024-12-12,Google Ads
C107786,2025-04-05,Influencer
C107787,2025-03-31,Meta Ads
C107788,2025-11-16,Meta Ads
C107789,2025-05-10,Influencer
C107790,2025-11-01,Meta Ads
C107791,2025-02-13,Organic
C107792,2025-02-04,Google Ads
C107793,2025-10-07,Google Ads
C107794,2025-12-25,Meta Ads
C107795,2025-03-15,Influencer
C107796,2024-10-28,Meta Ads
C107797,2024-12-28,Meta Ads
C107798,2024-11-30,Google Ads
C107799,2025-11-13,Influencer
C107800,2025-08-26,Meta Ads
C107801,2025-05-31,Google Ads
C107802,2024-10-31,Influencer
C107803,2025-11-01,Google Ads
C107804,2024-11-15,Organic
C107805,2024-12-15,Referral
C107806,2025-09-09,Organic
C107807,2025-04-02,Organic
C107808,2025-09-22,Meta Ads
C107809,2025-10-29,Google Ads
C107810,2025-01-05,Google Ads
C107811,2025-09-28,Referral
C107812,2025-09-09,Organic
C107813,2025-09-26,Meta Ads
C107814,2025-04-16,Organic
C107815,2026-01-14,Meta Ads
C107816,2025-07-14,Organic
C107817,2024-12-18,Referral
C107818,2025-07-12,Google Ads
C107819,2026-02-09,Meta Ads
C107820,2026-01-31,Influencer
C107821,2025-04-21,Google Ads
C107822,2026-01-30,Referral
C107823,2025-05-17,Google Ads
C107824,2025-04-05,Meta Ads
C107825,2025-11-06,Influencer
C107826,2025-03-09,Referral
C107827,2026-01-24,Organic
C107828,2025-03-18,Meta Ads
C107829,2024-11-16,Organic
C107830,2025-09-01,Meta Ads
C107831,2026-01-15,Influencer
C107832,2025-06-27,Google Ads
C107833,2024-11-19,Meta Ads
C107834,2025-11-16,Google Ads
C107835,2025-03-19,Meta Ads
C107836,2025-06-29,Google Ads
C107837,2025-10-24,Google Ads
C107838,2024-11-25,Organic
C107839,2025-03-18,Meta Ads
C107840,2025-04-06,Influencer
C107841,2025-03-21,Meta Ads
C107842,2025-10-05,Google Ads
C107843,2025-11-10,Organic
C107844,2024-10-16,Referral
C107845,2025-07-30,Organic
C107846,2025-12-22,Meta Ads
C107847,2025-01-13,Meta Ads
C107848,2024-11-03,Google Ads
C107849,2024-12-19,Organic
C107850,2025-02-23,Google Ads
C107851,2025-03-31,Meta Ads
C107852,2025-04-06,Google Ads
C107853,2025-10-27,Meta Ads
C107854,2024-10-24,Meta Ads
C107855,2025-11-30,Meta Ads
C107856,2025-01-14,Influencer
C107857,2024-12-18,Influencer
C107858,2025-08-25,Influencer
C107859,2026-01-17,Referral
C107860,2025-03-27,Google Ads
C107861,2025-11-02,Organic
C107862,2026-01-23,Meta Ads
C107863,2025-04-04,Organic
C107864,2025-11-24,Influencer
C107865,2025-11-17,Google Ads
C107866,2026-02-01,Google Ads
C107867,2024-10-20,Meta Ads
C107868,2025-07-26,Influencer
C107869,2024-12-20,Influencer
C107870,2024-11-19,Referral
C107871,2025-08-21,Influencer
C107872,2025-02-18,Meta Ads
C107873,2025-06-17,Organic
C107874,2025-03-19,Meta Ads
C107875,2024-11-02,Google Ads
C107876,2025-04-02,Organic
C107877,2025-09-07,Organic
C107878,2024-11-29,Influencer
C107879,2026-02-03,Meta Ads
C107880,2025-11-05,Influencer
C107881,2025-03-10,Meta Ads
C107882,2025-06-06,Meta Ads
C107883,2024-12-11,Referral
C107884,2024-10-10,Influencer
C107885,2025-04-10,Organic
C107886,2025-04-18,Influencer
C107887,2025-09-06,Organic
C107888,2025-11-30,Meta Ads
C107889,2025-02-24,Organic
C107890,2024-11-06,Influencer
C107891,2026-01-06,Referral
C107892,2025-08-19,Google Ads
C107893,2025-12-17,Organic
C107894,2025-06-09,Organic
C107895,2025-07-09,Meta Ads
C107896,2024-10-19,Meta Ads
C107897,2025-03-15,Meta Ads
C107898,2025-07-28,Meta Ads
C107899,2025-04-03,Meta Ads
C107900,2025-12-28,Organic
C107901,2025-04-25,Meta Ads
C107902,2024-11-17,Meta Ads
C107903,2024-12-18,Meta Ads
C107904,2024-12-19,Meta Ads
C107905,2025-08-05,Organic
C107906,2025-04-25,Meta Ads
C107907,2025-08-21,Influencer
C107908,2025-02-04,Organic
C107909,2025-11-21,Organic
C107910,2025-07-09,Meta Ads
C107911,2025-02-19,Meta Ads
C107912,2026-01-03,Meta Ads
C107913,2025-01-04,Meta Ads
C107914,2025-09-19,Organic
C107915,2025-01-09,Meta Ads
C107916,2024-12-21,Influencer
C107917,2025-03-11,Meta Ads
C107918,2024-11-08,Referral
C107919,2025-01-03,Google Ads
C107920,2025-06-06,Google Ads
C107921,2025-07-14,Meta Ads
C107922,2025-03-01,Organic
C107923,2024-11-04,Referral
C107924,2024-10-06,Meta Ads
C107925,2025-09-12,Meta Ads
C107926,2025-02-11,Organic
C107927,2025-11-25,Google Ads
C107928,2024-11-15,Meta Ads
C107929,2025-07-26,Influencer
C107930,2025-10-28,Meta Ads
C107931,2025-03-01,Influencer
C107932,2026-01-18,Referral
C107933,2024-12-09,Organic
C107934,2024-12-24,Influencer
C107935,2025-04-29,Influencer
C107936,2025-01-11,Influencer
C107937,2025-11-02,Organic
C107938,2025-01-09,Meta Ads
C107939,2025-08-13,Meta Ads
C107940,2026-01-11,Referral
C107941,2025-05-24,Meta Ads
C107942,2025-10-08,Influencer
C107943,2024-10-27,Meta Ads
C107944,2025-01-17,Organic
C107945,2025-03-09,Influencer
C107946,2025-10-13,Referral
C107947,2026-02-09,Organic
C107948,2024-11-22,Referral
C107949,2025-06-04,Organic
C107950,2024-12-02,Organic
C107951,2025-01-10,Meta Ads
C107952,2025-06-08,Organic
C107953,2025-09-15,Organic
C107954,2024-12-31,Meta Ads
C107955,2025-08-02,Organic
C107956,2024-10-26,Google Ads
C107957,2024-11-12,Google Ads
C107958,2025-08-11,Google Ads
C107959,2025-02-28,Organic
C107960,2025-02-20,Referral
C107961,2026-01-21,Meta Ads
C107962,2025-03-18,Referral
C107963,2025-01-08,Google Ads
C107964,2025-06-21,Organic
C107965,2026-01-03,Google Ads
C107966,2025-08-17,Meta Ads
C107967,2025-04-09,Referral
C107968,2024-12-18,Referral
C107969,2025-05-17,Meta Ads
C107970,2025-11-08,Influencer
C107971,2025-05-31,Google Ads
C107972,2026-02-01,Organic
C107973,2025-04-25,Google Ads
C107974,2025-08-04,Organic
C107975,2025-03-01,Meta Ads
C107976,2025-07-13,Meta Ads
C107977,2026-01-30,Influencer
C107978,2024-11-07,Referral
C107979,2025-05-10,Google Ads
C107980,2026-01-07,Meta Ads
C107981,2025-01-02,Meta Ads
C107982,2025-12-02,Influencer
C107983,2025-01-14,Referral
C107984,2025-10-01,Influencer
C107985,2025-10-09,Meta Ads
C107986,2024-10-14,Meta Ads
C107987,2025-05-02,Referral
C107988,2024-11-30,Meta Ads
C107989,2025-05-21,Meta Ads
C107990,2024-11-14,Influencer
C107991,2025-07-26,Google Ads
C107992,2025-05-06,Google Ads
C107993,2025-08-22,Organic
C107994,2025-06-17,Meta Ads
C107995,2025-02-09,Google Ads
C107996,2025-04-25,Influencer
C107997,2024-10-10,Influencer
C107998,2024-11-20,Meta Ads
C107999,2026-01-19,Organic
C108000,2025-04-16,Organic
C108001,2025-10-17,Organic
C108002,2025-06-08,Influencer
C108003,2024-10-08,Meta Ads
C108004,2025-11-25,Organic
C108005,2025-06-24,Meta Ads
C108006,2025-12-29,Referral
C108007,2025-01-15,Influencer
C108008,2024-12-03,Influencer
C108009,2025-03-31,Organic
C108010,2024-10-15,Meta Ads
C108011,2024-10-16,Google Ads
C108012,2025-07-05,Influencer
C108013,2025-04-17,Influencer
C108014,2025-09-22,Meta Ads
C108015,2024-11-28,Organic
C108016,2024-10-13,Referral
C108017,2024-12-15,Organic
C108018,2025-07-17,Referral
C108019,2025-01-05,Meta Ads
C108020,2025-05-30,Meta Ads
C108021,2024-12-03,Influencer
C108022,2024-10-26,Referral
C108023,2025-02-04,Google Ads
C108024,2024-12-15,Influencer
C108025,2024-10-06,Google Ads
C108026,2025-11-02,Influencer
C108027,2024-12-19,Organic
C108028,2026-01-01,Organic
C108029,2025-04-06,Meta Ads
C108030,2025-04-03,Referral
C108031,2025-12-16,Influencer
C108032,2025-07-08,Influencer
C108033,2025-07-08,Meta Ads
C108034,2025-06-26,Influencer
C108035,2025-08-08,Referral
C108036,2024-11-23,Google Ads
C108037,2024-12-15,Meta Ads
C108038,2025-12-04,Organic
C108039,2025-12-19,Meta Ads
C108040,2025-11-29,Google Ads
C108041,2024-11-15,Google Ads
C108042,2025-06-15,Influencer
C108043,2024-10-30,Google Ads
C108044,2024-11-23,Meta Ads
C108045,2024-12-12,Google Ads
C108046,2026-02-09,Organic
C108047,2025-06-28,Google Ads
C108048,2025-07-03,Influencer
C108049,2024-11-30,Google Ads
C108050,2025-04-12,Meta Ads
C108051,2025-02-11,Meta Ads
C108052,2025-01-30,Google Ads
C108053,2025-05-24,Meta Ads
C108054,2024-10-12,Organic
C108055,2024-11-22,Meta Ads
C108056,2024-11-02,Google Ads
C108057,2025-06-03,Meta Ads
C108058,2026-01-31,Organic
C108059,2025-03-28,Meta Ads
C108060,2025-06-18,Google Ads
C108061,2025-11-15,Google Ads
C108062,2025-09-07,Google Ads
C108063,2026-01-07,Influencer
C108064,2025-07-11,Google Ads
C108065,2025-08-02,Organic
C108066,2025-09-28,Influencer
C108067,2025-06-06,Google Ads
C108068,2026-02-04,Google Ads
C108069,2024-10-03,Influencer
C108070,2026-01-04,Meta Ads
C108071,2025-05-15,Influencer
C108072,2025-01-13,Meta Ads
C108073,2025-04-22,Google Ads
C108074,2025-03-25,Meta Ads
C108075,2024-10-25,Organic
C108076,2024-11-09,Google Ads
C108077,2025-02-01,Influencer
C108078,2025-05-21,Referral
C108079,2025-05-28,Meta Ads
C108080,2025-12-10,Google Ads
C108081,2024-12-13,Google Ads
C108082,2025-09-16,Google Ads
C108083,2025-07-30,Meta Ads
C108084,2024-11-13,Meta Ads
C108085,2025-11-09,Referral
C108086,2026-01-04,Meta Ads
C108087,2024-11-27,Influencer
C108088,2025-03-03,Google Ads
C108089,2024-10-02,Influencer
C108090,2024-11-29,Organic
C108091,2025-12-16,Referral
C108092,2025-06-24,Referral
C108093,2025-11-15,Meta Ads
C108094,2025-03-05,Organic
C108095,2025-11-23,Meta Ads
C108096,2025-12-17,Google Ads
C108097,2026-01-28,Meta Ads
C108098,2025-01-01,Google Ads
C108099,2026-01-17,Organic
C108100,2024-12-14,Meta Ads
C108101,2024-10-25,Organic
C108102,2025-03-05,Influencer
C108103,2025-01-30,Meta Ads
C108104,2025-11-11,Google Ads
C108105,2024-11-28,Meta Ads
C108106,2025-10-16,Meta Ads
C108107,2025-02-20,Meta Ads
C108108,2025-03-22,Referral
C108109,2024-11-04,Influencer
C108110,2025-04-13,Influencer
C108111,2025-11-07,Influencer
C108112,2024-11-23,Google Ads
C108113,2025-11-14,Meta Ads
C108114,2025-11-19,Meta Ads
C108115,2025-04-23,Referral
C108116,2025-11-02,Google Ads
C108117,2025-09-08,Meta Ads
C108118,2025-08-13,Google Ads
C108119,2025-11-03,Meta Ads
C108120,2024-10-06,Meta Ads
C108121,2025-10-10,Meta Ads
C108122,2024-11-09,Organic
C108123,2025-04-23,Meta Ads
C108124,2025-09-04,Meta Ads
C108125,2025-07-04,Organic
C108126,2026-01-20,Google Ads
C108127,2025-07-08,Meta Ads
C108128,2025-04-04,Influencer
C108129,2025-09-01,Organic
C108130,2024-12-10,Meta Ads
C108131,2025-03-09,Influencer
C108132,2025-03-12,Meta Ads
C108133,2025-08-13,Influencer
C108134,2025-02-26,Organic
C108135,2025-12-02,Organic
C108136,2024-10-10,Organic
C108137,2024-10-27,Meta Ads
C108138,2025-10-13,Meta Ads
C108139,2024-12-30,Google Ads
C108140,2025-08-02,Meta Ads
C108141,2025-09-23,Influencer
C108142,2025-11-05,Organic
C108143,2024-10-27,Meta Ads
C108144,2025-02-04,Organic
C108145,2025-08-08,Influencer
C108146,2025-07-13,Meta Ads
C108147,2025-05-08,Influencer
C108148,2025-02-08,Meta Ads
C108149,2024-10-11,Organic
C108150,2024-11-28,Google Ads
C108151,2024-11-18,Meta Ads
C108152,2025-12-03,Google Ads
C108153,2024-11-10,Organic
C108154,2025-11-11,Google Ads
C108155,2025-12-20,Meta Ads
C108156,2025-02-19,Meta Ads
C108157,2025-02-06,Influencer
C108158,2024-11-28,Google Ads
C108159,2024-10-02,Influencer
C108160,2025-07-17,Google Ads
C108161,2025-08-20,Organic
C108162,2025-11-26,Influencer
C108163,2025-02-19,Meta Ads
C108164,2026-01-07,Referral
C108165,2024-10-14,Google Ads
C108166,2026-01-15,Influencer
C108167,2025-12-20,Meta Ads
C108168,2024-11-08,Meta Ads
C108169,2025-05-31,Meta Ads
C108170,2025-11-25,Influencer
C108171,2025-06-24,Influencer
C108172,2025-03-30,Organic
C108173,2024-12-12,Google Ads
C108174,2025-08-30,Google Ads
C108175,2025-06-20,Meta Ads
C108176,2025-07-10,Meta Ads
C108177,2025-12-06,Influencer
C108178,2025-06-03,Referral
C108179,2024-11-20,Influencer
C108180,2025-01-31,Influencer
C108181,2025-07-20,Influencer
C108182,2025-03-06,Meta Ads
C108183,2024-10-18,Influencer
C108184,2025-02-17,Meta Ads
C108185,2026-01-06,Google Ads
C108186,2025-05-21,Meta Ads
C108187,2025-06-11,Google Ads
C108188,2024-12-06,Google Ads
C108189,2025-07-13,Meta Ads
C108190,2024-11-02,Google Ads
C108191,2024-10-22,Meta Ads
C108192,2024-11-30,Google Ads
C108193,2025-04-07,Organic
C108194,2025-09-15,Meta Ads
C108195,2025-04-20,Meta Ads
C108196,2024-10-20,Influencer
C108197,2024-10-27,Google Ads
C108198,2025-04-30,Meta Ads
C108199,2026-02-11,Organic
C108200,2024-10-03,Influencer
C108201,2025-01-30,Referral
C108202,2024-11-28,Influencer
C108203,2025-09-07,Meta Ads
C108204,2025-08-26,Organic
C108205,2025-06-10,Meta Ads
C108206,2024-10-29,Google Ads
C108207,2024-12-13,Meta Ads
C108208,2025-02-07,Influencer
C108209,2024-12-05,Influencer
C108210,2026-01-19,Organic
C108211,2026-02-06,Influencer
C108212,2024-12-08,Organic
C108213,2025-09-17,Google Ads
C108214,2024-12-19,Meta Ads
C108215,2025-02-19,Organic
C108216,2025-09-04,Google Ads
C108217,2026-02-07,Meta Ads
C108218,2025-08-27,Meta Ads
C108219,2025-02-19,Referral
C108220,2025-10-22,Organic
C108221,2026-01-17,Referral
C108222,2025-09-24,Google Ads
C108223,2024-11-16,Organic
C108224,2024-12-13,Meta Ads
C108225,2025-02-22,Meta Ads
C108226,2026-01-15,Influencer
C108227,2025-11-08,Meta Ads
C108228,2024-10-08,Meta Ads
C108229,2024-12-08,Influencer
C108230,2025-01-04,Meta Ads
C108231,2026-01-06,Meta Ads
C108232,2025-09-09,Meta Ads
C108233,2026-01-09,Google Ads
C108234,2025-03-19,Meta Ads
C108235,2024-12-14,Google Ads
C108236,2024-11-09,Organic
C108237,2025-01-27,Influencer
C108238,2025-10-10,Organic
C108239,2025-01-02,Google Ads
C108240,2025-09-17,Google Ads
C108241,2025-03-15,Google Ads
C108242,2025-02-12,Meta Ads
C108243,2025-11-18,Meta Ads
C108244,2025-02-02,Organic
C108245,2026-02-11,Influencer
C108246,2025-02-08,Organic
C108247,2026-02-12,Organic
C108248,2025-07-03,Meta Ads
C108249,2024-11-16,Organic
C108250,2025-02-05,Influencer
C108251,2024-11-14,Google Ads
C108252,2024-11-25,Organic
C108253,2025-01-04,Google Ads
C108254,2024-10-10,Meta Ads
C108255,2025-07-06,Meta Ads
C108256,2025-09-18,Meta Ads
C108257,2025-08-01,Meta Ads
C108258,2025-09-09,Influencer
C108259,2024-11-25,Referral
C108260,2025-05-21,Organic
C108261,2025-08-15,Google Ads
C108262,2025-11-13,Referral
C108263,2025-08-05,Google Ads
C108264,2024-12-08,Google Ads
C108265,2024-11-08,Meta Ads
C108266,2025-02-06,Meta Ads
C108267,2024-12-05,Organic
C108268,2025-01-20,Organic
C108269,2025-05-30,Meta Ads
C108270,2025-09-18,Influencer
C108271,2025-03-15,Meta Ads
C108272,2025-12-23,Meta Ads
C108273,2026-01-30,Meta Ads
C108274,2025-12-13,Meta Ads
C108275,2024-10-02,Referral
C108276,2025-01-18,Google Ads
C108277,2025-12-26,Meta Ads
C108278,2025-06-02,Meta Ads
C108279,2025-06-24,Meta Ads
C108280,2025-11-08,Organic
C108281,2025-11-03,Referral
C108282,2025-04-22,Influencer
C108283,2025-08-29,Referral
C108284,2025-04-15,Meta Ads
C108285,2025-03-21,Google Ads
C108286,2025-08-02,Organic
C108287,2024-12-25,Meta Ads
C108288,2025-03-23,Referral
C108289,2025-10-31,Meta Ads
C108290,2025-12-14,Meta Ads
C108291,2024-12-30,Referral
C108292,2025-09-18,Organic
C108293,2025-03-14,Google Ads
C108294,2026-01-09,Meta Ads
C108295,2025-11-05,Influencer
C108296,2025-04-16,Google Ads
C108297,2025-06-27,Organic
C108298,2024-11-06,Meta Ads
C108299,2025-07-30,Meta Ads
C108300,2025-01-30,Meta Ads
C108301,2025-06-12,Organic
C108302,2025-02-19,Influencer
C108303,2025-06-19,Meta Ads
C108304,2025-06-19,Meta Ads
C108305,2025-05-24,Meta Ads
C108306,2026-01-03,Influencer
C108307,2025-08-14,Organic
C108308,2025-01-26,Organic
C108309,2025-07-07,Referral
C108310,2025-05-10,Influencer
C108311,2025-03-14,Referral
C108312,2025-10-07,Influencer
C108313,2025-01-14,Influencer
C108314,2025-04-07,Organic
C108315,2025-07-11,Meta Ads
C108316,2026-01-20,Meta Ads
C108317,2025-04-21,Organic
C108318,2025-07-03,Organic
C108319,2025-11-05,Meta Ads
C108320,2025-10-29,Organic
C108321,2024-10-21,Influencer
C108322,2025-10-06,Meta Ads
C108323,2025-05-21,Google Ads
C108324,2025-02-11,Organic
C108325,2024-10-08,Influencer
C108326,2025-06-04,Referral
C108327,2025-07-05,Meta Ads
C108328,2025-07-29,Influencer
C108329,2024-10-25,Influencer
C108330,2025-07-14,Meta Ads
C108331,2025-11-22,Meta Ads
C108332,2025-05-13,Meta Ads
C108333,2025-10-06,Meta Ads
C108334,2024-12-22,Organic
C108335,2025-12-19,Google Ads
C108336,2025-02-15,Google Ads
C108337,2025-01-13,Google Ads
C108338,2025-08-24,Meta Ads
C108339,2025-09-18,Organic
C108340,2026-01-25,Meta Ads
C108341,2026-01-10,Organic
C108342,2025-10-05,Referral
C108343,2025-07-26,Organic
C108344,2025-07-08,Meta Ads
C108345,2025-01-13,Organic
C108346,2025-05-29,Meta Ads
C108347,2025-11-23,Referral
C108348,2026-01-21,Meta Ads
C108349,2025-05-07,Google Ads
C108350,2025-11-28,Meta Ads
C108351,2025-03-27,Influencer
C108352,2024-10-03,Meta Ads
C108353,2025-03-07,Influencer
C108354,2025-03-06,Meta Ads
C108355,2025-03-14,Meta Ads
C108356,2025-10-21,Google Ads
C108357,2025-08-24,Influencer
C108358,2025-09-13,Google Ads
C108359,2025-07-31,Meta Ads
C108360,2024-11-02,Organic
C108361,2025-08-11,Referral
C108362,2025-06-10,Organic
C108363,2025-04-18,Influencer
C108364,2025-12-10,Referral
C108365,2025-06-01,Meta Ads
C108366,2025-01-23,Influencer
C108367,2026-02-01,Google Ads
C108368,2025-03-12,Influencer
C108369,2026-01-04,Meta Ads
C108370,2025-08-27,Organic
C108371,2026-01-05,Google Ads
C108372,2025-09-05,Influencer
C108373,2026-01-12,Meta Ads
C108374,2025-06-06,Meta Ads
C108375,2025-07-03,Google Ads
C108376,2025-05-12,Google Ads
C108377,2025-12-03,Meta Ads
C108378,2025-03-20,Meta Ads
C108379,2026-01-11,Referral
C108380,2025-12-08,Influencer
C108381,2025-07-06,Referral
C108382,2024-11-18,Meta Ads
C108383,2026-01-28,Meta Ads
C108384,2025-01-22,Google Ads
C108385,2025-10-16,Meta Ads
C108386,2025-08-20,Organic
C108387,2025-07-25,Organic
C108388,2025-02-17,Meta Ads
C108389,2024-10-11,Referral
C108390,2024-12-22,Meta Ads
C108391,2025-07-21,Meta Ads
C108392,2025-12-27,Meta Ads
C108393,2025-01-17,Referral
C108394,2025-12-29,Google Ads
C108395,2025-11-26,Meta Ads
C108396,2025-07-06,Meta Ads
C108397,2024-12-16,Google Ads
C108398,2026-01-29,Meta Ads
C108399,2025-08-26,Google Ads
C108400,2025-02-23,Organic
C108401,2025-05-17,Meta Ads
C108402,2025-08-23,Meta Ads
C108403,2025-06-12,Influencer
C108404,2025-10-17,Organic
C108405,2025-03-04,Google Ads
C108406,2025-07-19,Influencer
C108407,2025-03-26,Meta Ads
C108408,2025-01-16,Organic
C108409,2025-07-03,Influencer
C108410,2025-01-10,Meta Ads
C108411,2024-11-20,Meta Ads
C108412,2025-10-31,Meta Ads
C108413,2025-04-03,Referral
C108414,2025-06-10,Influencer
C108415,2024-12-05,Influencer
C108416,2025-05-28,Google Ads
C108417,2025-04-01,Meta Ads
C108418,2025-08-30,Meta Ads
C108419,2025-10-16,Influencer
C108420,2024-11-05,Meta Ads
C108421,2025-02-22,Google Ads
C108422,2025-04-24,Organic
C108423,2024-12-04,Google Ads
C108424,2025-03-12,Influencer
C108425,2025-08-11,Meta Ads
C108426,2025-07-18,Meta Ads
C108427,2026-02-08,Organic
C108428,2025-09-03,Organic
C108429,2025-10-07,Influencer
C108430,2024-12-16,Influencer
C108431,2024-12-19,Meta Ads
C108432,2025-07-04,Influencer
C108433,2026-02-03,Google Ads
C108434,2025-01-23,Meta Ads
C108435,2025-05-15,Google Ads
C108436,2025-03-08,Influencer
C108437,2026-02-07,Organic
C108438,2025-05-03,Meta Ads
C108439,2025-05-28,Google Ads
C108440,2024-12-19,Meta Ads
C108441,2024-11-11,Meta Ads
C108442,2025-12-23,Google Ads
C108443,2025-12-17,Referral
C108444,2025-04-02,Organic
C108445,2024-10-18,Referral
C108446,2025-03-24,Google Ads
C108447,2025-04-13,Meta Ads
C108448,2025-09-08,Meta Ads
C108449,2025-10-08,Meta Ads
C108450,2025-03-18,Influencer
C108451,2024-12-26,Influencer
C108452,2025-09-15,Organic
C108453,2025-11-14,Influencer
C108454,2025-10-24,Google Ads
C108455,2025-07-19,Google Ads
C108456,2025-03-31,Influencer
C108457,2025-07-03,Meta Ads
C108458,2025-12-03,Meta Ads
C108459,2025-06-14,Meta Ads
C108460,2025-02-11,Meta Ads
C108461,2024-10-17,Meta Ads
C108462,2024-12-12,Google Ads
C108463,2025-02-28,Organic
C108464,2025-08-21,Meta Ads
C108465,2025-11-23,Google Ads
C108466,2025-09-03,Organic
C108467,2025-05-06,Influencer
C108468,2025-11-04,Google Ads
C108469,2025-01-14,Meta Ads
C108470,2025-05-20,Referral
C108471,2025-03-23,Meta Ads
C108472,2025-05-07,Influencer
C108473,2025-05-11,Meta Ads
C108474,2025-06-21,Meta Ads
C108475,2025-03-03,Google Ads
C108476,2024-11-11,Google Ads
C108477,2025-12-06,Google Ads
C108478,2025-07-09,Organic
C108479,2025-04-02,Referral
C108480,2025-08-13,Meta Ads
C108481,2025-11-24,Google Ads
C108482,2025-04-30,Meta Ads
C108483,2025-11-25,Google Ads
C108484,2025-08-14,Meta Ads
C108485,2025-02-13,Google Ads
C108486,2025-06-23,Google Ads
C108487,2024-11-05,Meta Ads
C108488,2024-10-17,Influencer
C108489,2024-12-25,Google Ads
C108490,2025-02-28,Meta Ads
C108491,2024-11-23,Meta Ads
C108492,2025-06-23,Organic
C108493,2025-02-05,Referral
C108494,2025-10-12,Meta Ads
C108495,2025-08-27,Meta Ads
C108496,2025-10-04,Google Ads
C108497,2025-03-20,Organic
C108498,2026-01-20,Google Ads
C108499,2025-04-26,Influencer
C108500,2025-10-16,Google Ads
C108501,2025-12-23,Influencer
C108502,2025-05-18,Referral
C108503,2025-10-10,Referral
C108504,2025-07-09,Organic
C108505,2025-04-21,Meta Ads
C108506,2026-01-14,Organic
C108507,2025-07-01,Meta Ads
C108508,2025-12-15,Meta Ads
C108509,2024-11-18,Influencer
C108510,2024-10-15,Organic
C108511,2025-05-23,Google Ads
C108512,2024-11-23,Google Ads
C108513,2025-03-07,Influencer
C108514,2025-11-01,Influencer
C108515,2025-05-12,Google Ads
C108516,2025-11-16,Meta Ads
C108517,2024-12-27,Organic
C108518,2024-10-01,Meta Ads
C108519,2024-12-10,Google Ads
C108520,2025-02-11,Meta Ads
C108521,2026-01-07,Meta Ads
C108522,2025-08-22,Google Ads
C108523,2025-12-05,Google Ads
C108524,2025-02-19,Google Ads
C108525,2025-02-04,Organic
C108526,2026-01-20,Google Ads
C108527,2025-05-18,Organic
C108528,2025-06-16,Influencer
C108529,2025-07-16,Google Ads
C108530,2026-01-09,Organic
C108531,2025-09-01,Google Ads
C108532,2026-01-05,Google Ads
C108533,2025-09-25,Influencer
C108534,2025-02-24,Google Ads
C108535,2025-07-19,Meta Ads
C108536,2025-07-18,Influencer
C108537,2025-05-04,Google Ads
C108538,2025-12-11,Organic
C108539,2025-06-12,Meta Ads
C108540,2025-08-19,Influencer
C108541,2025-12-29,Influencer
C108542,2025-12-18,Google Ads
C108543,2025-09-08,Organic
C108544,2025-07-20,Google Ads
C108545,2024-10-01,Organic
C108546,2025-05-24,Meta Ads
C108547,2025-08-28,Google Ads
C108548,2024-11-27,Google Ads
C108549,2025-06-22,Influencer
C108550,2025-08-01,Google Ads
C108551,2025-11-04,Influencer
C108552,2025-04-10,Organic
C108553,2025-02-07,Meta Ads
C108554,2024-11-17,Organic
C108555,2026-01-21,Influencer
C108556,2024-10-22,Meta Ads
C108557,2024-12-27,Referral
C108558,2025-05-06,Influencer
C108559,2026-01-03,Meta Ads
C108560,2025-01-24,Meta Ads
C108561,2025-04-28,Influencer
C108562,2025-08-09,Influencer
C108563,2025-02-26,Influencer
C108564,2025-08-30,Referral
C108565,2025-06-12,Google Ads
C108566,2025-11-10,Organic
C108567,2025-12-18,Referral
C108568,2025-12-24,Meta Ads
C108569,2025-10-08,Meta Ads
C108570,2025-12-07,Influencer
C108571,2024-10-04,Influencer
C108572,2024-11-19,Organic
C108573,2025-06-27,Influencer
C108574,2024-12-26,Meta Ads
C108575,2025-12-16,Influencer
C108576,2025-09-16,Google Ads
C108577,2025-07-28,Meta Ads
C108578,2026-01-06,Organic
C108579,2026-02-09,Google Ads
C108580,2025-02-16,Meta Ads
C108581,2025-05-31,Google Ads
C108582,2025-05-15,Meta Ads
C108583,2025-05-20,Meta Ads
C108584,2025-05-25,Google Ads
C108585,2025-12-12,Google Ads
C108586,2025-08-13,Organic
C108587,2025-02-21,Meta Ads
C108588,2025-12-20,Meta Ads
C108589,2025-08-07,Organic
C108590,2025-07-02,Organic
C108591,2025-06-01,Meta Ads
C108592,2024-10-08,Google Ads
C108593,2025-10-05,Google Ads
C108594,2025-11-28,Referral
C108595,2025-02-11,Google Ads
C108596,2025-03-17,Organic
C108597,2025-08-26,Google Ads
C108598,2025-05-08,Google Ads
C108599,2025-06-17,Google Ads
C108600,2025-05-17,Google Ads
C108601,2024-12-25,Influencer
C108602,2024-10-05,Meta Ads
C108603,2025-04-26,Meta Ads
C108604,2025-03-11,Referral
C108605,2025-10-30,Organic
C108606,2025-01-13,Google Ads
C108607,2025-09-12,Meta Ads
C108608,2025-03-18,Influencer
C108609,2026-02-06,Google Ads
C108610,2025-03-28,Google Ads
C108611,2025-06-24,Meta Ads
C108612,2025-10-24,Meta Ads
C108613,2025-01-03,Referral
C108614,2025-09-20,Google Ads
C108615,2025-03-21,Organic
C108616,2025-03-06,Meta Ads
C108617,2025-11-04,Referral
C108618,2025-04-29,Google Ads
C108619,2025-04-20,Google Ads
C108620,2026-01-29,Organic
C108621,2024-11-10,Meta Ads
C108622,2025-08-09,Influencer
C108623,2025-01-08,Google Ads
C108624,2025-06-10,Meta Ads
C108625,2025-11-13,Meta Ads
C108626,2025-11-04,Meta Ads
C108627,2025-08-29,Meta Ads
C108628,2024-10-28,Organic
C108629,2026-02-04,Google Ads
C108630,2025-07-07,Meta Ads
C108631,2024-10-07,Google Ads
C108632,2025-06-28,Influencer
C108633,2025-04-01,Referral
C108634,2025-01-01,Google Ads
C108635,2025-01-13,Meta Ads
C108636,2025-04-02,Organic
C108637,2025-08-24,Google Ads
C108638,2024-10-08,Organic
C108639,2024-11-05,Influencer
C108640,2025-10-15,Meta Ads
C108641,2025-03-07,Influencer
C108642,2025-04-21,Meta Ads
C108643,2026-01-10,Organic
C108644,2025-07-19,Organic
C108645,2025-08-27,Google Ads
C108646,2025-10-01,Organic
C108647,2025-10-16,Google Ads
C108648,2025-08-04,Meta Ads
C108649,2025-12-01,Referral
C108650,2024-11-23,Meta Ads
C108651,2025-07-16,Organic
C108652,2025-06-22,Organic
C108653,2025-02-05,Organic
C108654,2025-02-27,Organic
C108655,2025-05-25,Meta Ads
C108656,2025-03-10,Meta Ads
C108657,2025-03-12,Google Ads
C108658,2025-04-04,Meta Ads
C108659,2025-12-18,Meta Ads
C108660,2025-04-08,Meta Ads
C108661,2025-04-19,Organic
C108662,2026-01-10,Organic
C108663,2024-11-22,Referral
C108664,2026-01-27,Influencer
C108665,2025-02-05,Meta Ads
C108666,2025-10-17,Organic
C108667,2025-12-19,Google Ads
C108668,2025-03-26,Influencer
C108669,2025-10-07,Meta Ads
C108670,2025-04-23,Meta Ads
C108671,2025-04-01,Influencer
C108672,2025-04-08,Meta Ads
C108673,2025-04-09,Google Ads
C108674,2025-07-24,Influencer
C108675,2024-12-30,Meta Ads
C108676,2024-12-25,Google Ads
C108677,2025-06-07,Meta Ads
C108678,2025-11-14,Google Ads
C108679,2025-05-04,Meta Ads
C108680,2024-10-16,Meta Ads
C108681,2025-01-20,Referral
C108682,2024-10-10,Meta Ads
C108683,2025-08-23,Google Ads
C108684,2025-11-12,Referral
C108685,2025-04-17,Organic
C108686,2026-01-02,Referral
C108687,2025-02-25,Meta Ads
C108688,2024-11-17,Influencer
C108689,2025-04-29,Meta Ads
C108690,2025-07-13,Organic
C108691,2025-08-14,Influencer
C108692,2024-10-03,Influencer
C108693,2025-04-04,Google Ads
C108694,2024-11-09,Meta Ads
C108695,2024-12-28,Meta Ads
C108696,2024-11-02,Meta Ads
C108697,2025-09-14,Meta Ads
C108698,2026-01-09,Organic
C108699,2025-08-29,Meta Ads
C108700,2025-01-04,Meta Ads
C108701,2025-07-21,Meta Ads
C108702,2025-11-20,Organic
C108703,2025-12-21,Influencer
C108704,2025-04-10,Organic
C108705,2025-11-22,Google Ads
C108706,2025-04-28,Influencer
C108707,2026-01-06,Google Ads
C108708,2024-12-03,Influencer
C108709,2025-05-14,Meta Ads
C108710,2024-12-08,Influencer
C108711,2025-05-30,Influencer
C108712,2025-08-04,Meta Ads
C108713,2025-07-03,Referral
C108714,2025-06-01,Meta Ads
C108715,2025-02-23,Influencer
C108716,2025-07-12,Meta Ads
C108717,2025-03-13,Meta Ads
C108718,2025-06-21,Meta Ads
C108719,2025-12-17,Meta Ads
C108720,2025-12-04,Meta Ads
C108721,2024-12-15,Influencer
C108722,2025-11-19,Meta Ads
C108723,2025-12-26,Google Ads
C108724,2025-11-09,Google Ads
C108725,2025-05-25,Organic
C108726,2025-05-10,Meta Ads
C108727,2025-12-11,Google Ads
C108728,2024-10-11,Organic
C108729,2025-11-22,Meta Ads
C108730,2025-02-15,Meta Ads
C108731,2025-11-10,Meta Ads
C108732,2025-03-19,Google Ads
C108733,2024-10-21,Referral
C108734,2025-08-19,Organic
C108735,2025-06-01,Meta Ads
C108736,2025-01-29,Influencer
C108737,2025-01-17,Meta Ads
C108738,2024-10-08,Meta Ads
C108739,2026-02-11,Organic
C108740,2024-11-20,Referral
C108741,2025-06-23,Meta Ads
C108742,2025-10-14,Meta Ads
C108743,2024-10-23,Google Ads
C108744,2025-01-16,Meta Ads
C108745,2025-10-13,Organic
C108746,2026-01-19,Meta Ads
C108747,2025-08-28,Meta Ads
C108748,2026-01-16,Google Ads
C108749,2025-01-01,Meta Ads
C108750,2025-07-23,Influencer
C108751,2025-03-02,Google Ads
C108752,2025-06-27,Google Ads
C108753,2024-12-05,Meta Ads
C108754,2025-01-09,Google Ads
C108755,2025-05-25,Meta Ads
C108756,2025-03-11,Meta Ads
C108757,2026-01-23,Influencer
C108758,2025-03-11,Google Ads
C108759,2025-02-16,Referral
C108760,2024-11-02,Google Ads
C108761,2025-09-11,Meta Ads
C108762,2025-12-24,Referral
C108763,2025-04-15,Meta Ads
C108764,2024-11-10,Meta Ads
C108765,2025-08-27,Google Ads
C108766,2025-08-19,Organic
C108767,2025-02-20,Meta Ads
C108768,2025-04-27,Organic
C108769,2024-10-03,Meta Ads
C108770,2025-08-02,Google Ads
C108771,2025-09-29,Google Ads
C108772,2025-10-28,Influencer
C108773,2025-07-13,Google Ads
C108774,2025-03-27,Organic
C108775,2025-12-08,Organic
C108776,2025-02-11,Google Ads
C108777,2025-02-06,Meta Ads
C108778,2025-09-29,Google Ads
C108779,2025-01-18,Organic
C108780,2025-12-16,Referral
C108781,2024-10-11,Meta Ads
C108782,2025-04-02,Google Ads
C108783,2026-02-02,Google Ads
C108784,2025-06-26,Meta Ads
C108785,2025-05-30,Google Ads
C108786,2026-02-09,Meta Ads
C108787,2025-09-30,Meta Ads
C108788,2025-07-10,Meta Ads
C108789,2024-10-29,Meta Ads
C108790,2024-10-23,Organic
C108791,2025-09-11,Influencer
C108792,2026-02-06,Meta Ads
C108793,2025-12-01,Meta Ads
C108794,2024-10-15,Referral
C108795,2024-11-06,Meta Ads
C108796,2025-01-28,Organic
C108797,2024-12-12,Meta Ads
C108798,2024-11-08,Meta Ads
C108799,2026-01-11,Meta Ads
C108800,2026-01-21,Google Ads
C108801,2025-10-05,Organic
C108802,2024-10-23,Influencer
C108803,2024-12-13,Influencer
C108804,2025-03-11,Referral
C108805,2025-03-15,Meta Ads
C108806,2025-09-26,Influencer
C108807,2025-04-10,Organic
C108808,2025-10-31,Referral
C108809,2025-12-10,Meta Ads
C108810,2025-01-29,Organic
C108811,2025-07-13,Influencer
C108812,2026-01-26,Organic
C108813,2025-11-03,Influencer
C108814,2025-08-15,Meta Ads
C108815,2025-03-22,Organic
C108816,2025-12-31,Meta Ads
C108817,2025-05-31,Meta Ads
C108818,2025-06-13,Google Ads
C108819,2025-12-06,Meta Ads
C108820,2025-05-20,Referral
C108821,2024-12-09,Organic
C108822,2025-04-24,Google Ads
C108823,2024-11-21,Meta Ads
C108824,2025-06-20,Meta Ads
C108825,2025-02-24,Referral
C108826,2025-08-25,Meta Ads
C108827,2025-10-18,Organic
C108828,2025-03-19,Google Ads
C108829,2024-10-13,Meta Ads
C108830,2025-11-02,Referral
C108831,2025-01-10,Organic
C108832,2025-11-15,Meta Ads
C108833,2024-11-29,Meta Ads
C108834,2025-07-27,Google Ads
C108835,2025-07-04,Meta Ads
C108836,2024-12-05,Google Ads
C108837,2025-02-05,Organic
C108838,2024-11-18,Influencer
C108839,2025-12-08,Google Ads
C108840,2025-03-27,Meta Ads
C108841,2024-11-23,Meta Ads
C108842,2025-12-12,Influencer
C108843,2025-03-24,Meta Ads
C108844,2025-01-12,Influencer
C108845,2025-12-07,Organic
C108846,2025-08-18,Referral
C108847,2025-04-05,Meta Ads
C108848,2025-02-27,Google Ads
C108849,2025-12-13,Referral
C108850,2025-09-27,Google Ads
C108851,2024-11-22,Meta Ads
C108852,2025-05-16,Google Ads
C108853,2025-08-13,Meta Ads
C108854,2025-10-27,Influencer
C108855,2025-03-10,Influencer
C108856,2025-05-01,Organic
C108857,2025-04-21,Influencer
C108858,2024-10-25,Referral
C108859,2024-12-13,Meta Ads
C108860,2025-01-05,Meta Ads
C108861,2025-09-06,Meta Ads
C108862,2025-04-17,Referral
C108863,2025-07-05,Influencer
C108864,2025-03-20,Meta Ads
C108865,2025-03-16,Organic
C108866,2025-06-05,Meta Ads
C108867,2025-04-05,Referral
C108868,2024-12-12,Google Ads
C108869,2026-01-20,Influencer
C108870,2025-03-29,Influencer
C108871,2025-12-28,Referral
C108872,2025-12-20,Google Ads
C108873,2025-10-31,Organic
C108874,2025-08-05,Google Ads
C108875,2025-12-07,Meta Ads
C108876,2025-08-26,Influencer
C108877,2024-11-20,Google Ads
C108878,2025-11-07,Google Ads
C108879,2025-08-27,Google Ads
C108880,2025-11-12,Meta Ads
C108881,2025-02-22,Google Ads
C108882,2025-08-29,Organic
C108883,2026-02-08,Google Ads
C108884,2025-01-22,Influencer
C108885,2024-12-31,Influencer
C108886,2025-10-24,Meta Ads
C108887,2025-04-22,Organic
C108888,2025-01-22,Google Ads
C108889,2024-11-25,Meta Ads
C108890,2026-02-06,Google Ads
C108891,2024-12-10,Google Ads
C108892,2025-07-24,Meta Ads
C108893,2025-11-07,Influencer
C108894,2024-11-03,Meta Ads
C108895,2025-10-19,Meta Ads
C108896,2025-09-23,Meta Ads
C108897,2025-08-14,Organic
C108898,2025-01-11,Google Ads
C108899,2025-08-04,Meta Ads
C108900,2025-02-16,Influencer
C108901,2025-03-24,Google Ads
C108902,2025-09-26,Referral
C108903,2024-11-23,Google Ads
C108904,2025-03-07,Referral
C108905,2025-04-27,Referral
C108906,2024-10-11,Referral
C108907,2025-09-12,Google Ads
C108908,2026-01-08,Meta Ads
C108909,2025-06-14,Meta Ads
C108910,2025-07-30,Google Ads
C108911,2025-04-25,Meta Ads
C108912,2025-06-29,Organic
C108913,2025-04-17,Organic
C108914,2024-11-08,Meta Ads
C108915,2025-04-12,Google Ads
C108916,2026-02-05,Google Ads
C108917,2025-12-30,Google Ads
C108918,2024-10-30,Referral
C108919,2025-01-21,Meta Ads
C108920,2024-11-04,Google Ads
C108921,2025-04-24,Google Ads
C108922,2024-12-28,Influencer
C108923,2024-10-31,Meta Ads
C108924,2025-06-07,Influencer
C108925,2025-08-17,Google Ads
C108926,2025-08-25,Influencer
C108927,2025-03-03,Influencer
C108928,2026-01-16,Organic
C108929,2026-01-20,Meta Ads
C108930,2025-09-11,Meta Ads
C108931,2025-05-02,Meta Ads
C108932,2025-10-18,Meta Ads
C108933,2025-05-09,Influencer
C108934,2025-07-01,Meta Ads
C108935,2025-11-04,Organic
C108936,2025-03-08,Meta Ads
C108937,2025-10-26,Organic
C108938,2025-05-18,Influencer
C108939,2024-11-11,Referral
C108940,2024-12-21,Google Ads
C108941,2025-11-02,Influencer
C108942,2025-03-30,Google Ads
C108943,2025-09-06,Google Ads
C108944,2025-10-23,Meta Ads
C108945,2026-02-12,Referral
C108946,2025-11-06,Meta Ads
C108947,2025-06-29,Meta Ads
C108948,2024-11-25,Google Ads
C108949,2025-11-29,Meta Ads
C108950,2025-04-02,Influencer
C108951,2025-08-05,Influencer
C108952,2025-08-30,Google Ads
C108953,2024-12-08,Meta Ads
C108954,2025-06-15,Meta Ads
C108955,2024-11-14,Referral
C108956,2025-03-09,Meta Ads
C108957,2025-09-13,Organic
C108958,2024-12-27,Influencer
C108959,2025-09-23,Meta Ads
C108960,2026-02-07,Meta Ads
C108961,2024-10-19,Meta Ads
C108962,2025-03-27,Google Ads
C108963,2025-04-28,Meta Ads
C108964,2026-01-20,Influencer
C108965,2025-09-12,Google Ads
C108966,2024-11-20,Meta Ads
C108967,2025-05-18,Influencer
C108968,2025-12-16,Meta Ads
C108969,2025-11-01,Referral
C108970,2024-11-20,Meta Ads
C108971,2025-02-13,Referral
C108972,2025-07-11,Organic
C108973,2025-02-16,Google Ads
C108974,2025-01-08,Google Ads
C108975,2024-10-29,Meta Ads
C108976,2026-02-05,Referral
C108977,2025-06-23,Meta Ads
C108978,2025-09-25,Google Ads
C108979,2025-05-25,Meta Ads
C108980,2026-01-06,Influencer
C108981,2025-04-27,Google Ads
C108982,2026-01-01,Google Ads
C108983,2025-12-17,Referral
C108984,2024-10-24,Meta Ads
C108985,2025-10-14,Meta Ads
C108986,2024-10-02,Meta Ads
C108987,2025-08-25,Google Ads
C108988,2025-03-14,Meta Ads
C108989,2025-02-19,Meta Ads
C108990,2025-09-13,Meta Ads
C108991,2025-01-26,Meta Ads
C108992,2025-07-24,Organic
C108993,2025-02-14,Influencer
C108994,2026-01-13,Organic
C108995,2025-01-28,Google Ads
C108996,2024-11-15,Google Ads
C108997,2025-06-23,Meta Ads
C108998,2025-05-21,Influencer
C108999,2025-09-15,Google Ads
C109000,2025-01-19,Google Ads
C109001,2025-11-02,Referral
C109002,2026-01-07,Google Ads
C109003,2025-04-02,Google Ads
C109004,2025-05-30,Organic
C109005,2025-04-21,Meta Ads
C109006,2025-01-01,Referral
C109007,2025-05-23,Influencer
C109008,2025-11-28,Google Ads
C109009,2026-01-06,Google Ads
C109010,2024-12-14,Organic
C109011,2025-07-05,Influencer
C109012,2025-03-27,Meta Ads
C109013,2025-09-07,Influencer
C109014,2025-09-09,Organic
C109015,2025-03-03,Google Ads
C109016,2025-10-08,Influencer
C109017,2025-11-17,Meta Ads
C109018,2025-08-01,Meta Ads
C109019,2025-12-19,Organic
C109020,2026-01-06,Google Ads
C109021,2026-02-03,Google Ads
C109022,2025-06-13,Meta Ads
C109023,2024-11-26,Meta Ads
C109024,2025-12-04,Google Ads
C109025,2025-12-25,Google Ads
C109026,2025-07-18,Google Ads
C109027,2026-02-10,Influencer
C109028,2025-05-26,Google Ads
C109029,2024-10-01,Organic
C109030,2025-08-16,Meta Ads
C109031,2025-05-15,Google Ads
C109032,2025-12-18,Influencer
C109033,2025-04-21,Influencer
C109034,2025-07-27,Meta Ads
C109035,2025-06-03,Google Ads
C109036,2024-11-17,Google Ads
C109037,2025-12-08,Meta Ads
C109038,2026-01-11,Meta Ads
C109039,2025-10-24,Influencer
C109040,2026-01-18,Influencer
C109041,2026-02-10,Meta Ads
C109042,2025-02-12,Google Ads
C109043,2025-09-05,Influencer
C109044,2024-11-24,Google Ads
C109045,2025-07-13,Google Ads
C109046,2025-02-16,Influencer
C109047,2024-10-30,Influencer
C109048,2025-01-01,Google Ads
C109049,2025-08-10,Meta Ads
C109050,2025-05-11,Meta Ads
C109051,2025-04-07,Meta Ads
C109052,2025-08-18,Meta Ads
C109053,2025-04-21,Referral
C109054,2024-10-03,Meta Ads
C109055,2025-09-10,Meta Ads
C109056,2025-08-04,Referral
C109057,2025-01-06,Google Ads
C109058,2025-06-22,Google Ads
C109059,2025-07-22,Meta Ads
C109060,2025-07-05,Google Ads
C109061,2024-10-28,Organic
C109062,2024-10-30,Google Ads
C109063,2026-01-19,Organic
C109064,2025-07-14,Influencer
C109065,2025-12-06,Organic
C109066,2026-01-08,Google Ads
C109067,2025-06-13,Meta Ads
C109068,2025-04-24,Google Ads
C109069,2025-07-20,Google Ads
C109070,2025-04-07,Referral
C109071,2026-01-03,Influencer
C109072,2025-06-28,Google Ads
C109073,2025-01-17,Organic
C109074,2025-02-02,Meta Ads
C109075,2025-02-23,Influencer
C109076,2026-01-14,Influencer
C109077,2026-01-29,Google Ads
C109078,2025-12-08,Referral
C109079,2025-11-23,Meta Ads
C109080,2025-05-25,Meta Ads
C109081,2025-04-24,Meta Ads
C109082,2025-02-02,Meta Ads
C109083,2025-03-07,Meta Ads
C109084,2025-01-24,Google Ads
C109085,2024-12-12,Meta Ads
C109086,2025-01-02,Google Ads
C109087,2025-01-30,Meta Ads
C109088,2025-10-31,Influencer
C109089,2025-09-26,Google Ads
C109090,2025-11-26,Referral
C109091,2025-07-08,Google Ads
C109092,2024-10-11,Referral
C109093,2025-12-24,Google Ads
C109094,2025-07-27,Meta Ads
C109095,2025-03-08,Referral
C109096,2025-02-23,Influencer
C109097,2025-07-14,Meta Ads
C109098,2025-05-07,Referral
C109099,2025-09-16,Influencer
C109100,2025-04-07,Google Ads
C109101,2025-11-02,Organic
C109102,2026-02-10,Referral
C109103,2025-05-12,Meta Ads
C109104,2024-11-30,Influencer
C109105,2025-01-06,Influencer
C109106,2025-01-26,Google Ads
C109107,2025-01-31,Influencer
C109108,2025-12-12,Google Ads
C109109,2024-10-23,Organic
C109110,2025-01-07,Google Ads
C109111,2024-11-24,Organic
C109112,2024-11-25,Google Ads
C109113,2026-01-01,Google Ads
C109114,2024-11-10,Meta Ads
C109115,2024-11-09,Meta Ads
C109116,2025-09-13,Google Ads
C109117,2025-02-11,Google Ads
C109118,2025-03-24,Meta Ads
C109119,2025-06-12,Organic
C109120,2024-12-25,Meta Ads
C109121,2025-06-21,Meta Ads
C109122,2025-06-03,Meta Ads
C109123,2026-01-30,Meta Ads
C109124,2025-05-22,Influencer
C109125,2025-08-01,Meta Ads
C109126,2026-02-05,Organic
C109127,2025-10-19,Referral
C109128,2025-02-27,Meta Ads
C109129,2025-05-06,Organic
C109130,2025-09-20,Influencer
C109131,2026-01-11,Organic
C109132,2025-10-09,Influencer
C109133,2024-10-02,Influencer
C109134,2026-02-02,Meta Ads
C109135,2025-06-17,Meta Ads
C109136,2025-10-12,Google Ads
C109137,2025-12-31,Meta Ads
C109138,2026-01-08,Organic
C109139,2025-06-30,Google Ads
C109140,2025-12-18,Google Ads
C109141,2026-01-30,Meta Ads
C109142,2024-12-19,Influencer
C109143,2025-08-29,Organic
C109144,2026-01-23,Meta Ads
C109145,2025-05-27,Meta Ads
C109146,2024-10-22,Google Ads
C109147,2025-07-25,Organic
C109148,2025-03-15,Google Ads
C109149,2025-04-26,Referral
C109150,2025-12-12,Meta Ads
C109151,2025-09-11,Meta Ads
C109152,2025-06-19,Organic
C109153,2026-01-17,Influencer
C109154,2025-09-22,Influencer
C109155,2025-06-22,Influencer
C109156,2025-01-18,Referral
C109157,2025-09-14,Influencer
C109158,2026-01-31,Google Ads
C109159,2025-11-04,Google Ads
C109160,2025-09-04,Meta Ads
C109161,2025-12-04,Organic
C109162,2025-01-22,Organic
C109163,2024-12-16,Meta Ads
C109164,2025-10-17,Meta Ads
C109165,2025-12-28,Organic
C109166,2025-05-13,Google Ads
C109167,2025-06-10,Influencer
C109168,2025-12-02,Google Ads
C109169,2025-05-11,Meta Ads
C109170,2025-11-27,Google Ads
C109171,2025-01-02,Organic
C109172,2024-11-19,Meta Ads
C109173,2025-08-19,Meta Ads
C109174,2024-12-06,Meta Ads
C109175,2025-01-23,Google Ads
C109176,2024-10-13,Google Ads
C109177,2026-01-07,Organic
C109178,2025-06-06,Meta Ads
C109179,2024-12-31,Referral
C109180,2025-02-23,Organic
C109181,2025-11-02,Google Ads
C109182,2025-09-08,Meta Ads
C109183,2026-01-19,Meta Ads
C109184,2025-06-25,Organic
C109185,2025-01-17,Meta Ads
C109186,2025-08-31,Organic
C109187,2025-06-26,Google Ads
C109188,2025-04-16,Meta Ads
C109189,2025-05-17,Google Ads
C109190,2025-10-13,Meta Ads
C109191,2025-03-31,Google Ads
C109192,2025-03-28,Google Ads
C109193,2025-04-23,Google Ads
C109194,2025-11-25,Meta Ads
C109195,2025-06-04,Google Ads
C109196,2025-09-15,Meta Ads
C109197,2026-01-10,Organic
C109198,2025-04-24,Influencer
C109199,2025-05-05,Influencer
C109200,2025-10-06,Google Ads
C109201,2025-09-09,Google Ads
C109202,2024-10-22,Influencer
C109203,2024-10-27,Influencer
C109204,2024-12-07,Google Ads
C109205,2025-01-12,Meta Ads
C109206,2025-06-25,Influencer
C109207,2025-12-30,Organic
C109208,2026-02-04,Google Ads
C109209,2025-10-19,Meta Ads
C109210,2026-01-18,Organic
C109211,2025-07-14,Influencer
C109212,2024-12-18,Google Ads
C109213,2025-07-05,Referral
C109214,2025-12-13,Organic
C109215,2025-10-14,Meta Ads
C109216,2025-05-30,Organic
C109217,2025-02-18,Meta Ads
C109218,2025-12-31,Influencer
C109219,2025-01-14,Meta Ads
C109220,2024-11-27,Organic
C109221,2025-05-04,Meta Ads
C109222,2025-02-05,Meta Ads
C109223,2025-11-26,Influencer
C109224,2025-09-24,Meta Ads
C109225,2025-11-28,Meta Ads
C109226,2026-01-03,Google Ads
C109227,2025-08-01,Meta Ads
C109228,2025-05-18,Referral
C109229,2025-08-11,Meta Ads
C109230,2025-08-26,Google Ads
C109231,2025-01-16,Meta Ads
C109232,2024-10-27,Organic
C109233,2025-07-20,Referral
C109234,2025-03-08,Influencer
C109235,2025-11-23,Organic
C109236,2025-03-17,Influencer
C109237,2025-10-09,Referral
C109238,2025-07-02,Meta Ads
C109239,2025-10-19,Google Ads
C109240,2025-10-16,Referral
C109241,2025-04-30,Meta Ads
C109242,2024-12-01,Organic
C109243,2024-10-02,Organic
C109244,2025-10-01,Google Ads
C109245,2024-10-26,Meta Ads
C109246,2025-03-08,Organic
C109247,2025-01-06,Influencer
C109248,2025-11-16,Meta Ads
C109249,2024-12-31,Influencer
C109250,2024-12-15,Google Ads
C109251,2025-02-23,Meta Ads
C109252,2025-11-09,Organic
C109253,2025-02-06,Google Ads
C109254,2024-12-21,Meta Ads
C109255,2026-02-11,Influencer
C109256,2025-08-19,Meta Ads
C109257,2025-09-16,Meta Ads
C109258,2025-06-30,Google Ads
C109259,2025-02-02,Meta Ads
C109260,2025-01-16,Meta Ads
C109261,2025-06-29,Google Ads
C109262,2025-01-22,Google Ads
C109263,2024-12-16,Meta Ads
C109264,2026-01-11,Meta Ads
C109265,2025-04-13,Referral
C109266,2025-05-06,Organic
C109267,2024-12-13,Organic
C109268,2025-12-12,Meta Ads
C109269,2025-10-14,Organic
C109270,2024-11-19,Influencer
C109271,2025-06-26,Referral
C109272,2024-10-11,Organic
C109273,2025-08-12,Organic
C109274,2025-05-30,Meta Ads
C109275,2025-07-04,Organic
C109276,2025-10-27,Influencer
C109277,2025-10-21,Google Ads
C109278,2025-08-28,Google Ads
C109279,2024-10-20,Influencer
C109280,2025-10-27,Influencer
C109281,2025-03-19,Google Ads
C109282,2025-05-08,Meta Ads
C109283,2025-01-14,Meta Ads
C109284,2025-04-30,Meta Ads
C109285,2026-01-31,Organic
C109286,2024-10-23,Google Ads
C109287,2025-03-31,Influencer
C109288,2024-12-22,Meta Ads
C109289,2025-10-08,Meta Ads
C109290,2024-11-17,Google Ads
C109291,2025-01-01,Meta Ads
C109292,2025-12-22,Meta Ads
C109293,2024-11-22,Influencer
C109294,2025-02-17,Influencer
C109295,2025-10-10,Meta Ads
C109296,2024-11-29,Google Ads
C109297,2026-02-12,Influencer
C109298,2025-09-23,Meta Ads
C109299,2024-12-05,Google Ads
C109300,2024-11-02,Google Ads
C109301,2025-11-01,Meta Ads
C109302,2025-11-24,Meta Ads
C109303,2025-07-04,Meta Ads
C109304,2025-12-01,Google Ads
C109305,2025-12-31,Meta Ads
C109306,2025-09-02,Influencer
C109307,2025-03-27,Google Ads
C109308,2025-09-05,Google Ads
C109309,2025-04-08,Google Ads
C109310,2025-05-25,Google Ads
C109311,2025-10-22,Meta Ads
C109312,2025-04-23,Meta Ads
C109313,2025-12-28,Meta Ads
C109314,2025-10-04,Organic
C109315,2025-11-17,Google Ads
C109316,2026-01-31,Influencer
C109317,2025-09-21,Google Ads
C109318,2025-08-13,Organic
C109319,2025-09-01,Organic
C109320,2025-04-05,Meta Ads
C109321,2025-06-07,Influencer
C109322,2024-10-03,Google Ads
C109323,2025-05-10,Meta Ads
C109324,2025-08-27,Google Ads
C109325,2025-06-16,Meta Ads
C109326,2025-07-19,Meta Ads
C109327,2025-03-15,Influencer
C109328,2025-09-03,Meta Ads
C109329,2025-09-27,Google Ads
C109330,2025-08-09,Meta Ads
C109331,2025-12-11,Organic
C109332,2025-10-11,Google Ads
C109333,2025-01-07,Influencer
C109334,2025-07-20,Meta Ads
C109335,2025-01-09,Meta Ads
C109336,2024-10-17,Meta Ads
C109337,2025-02-06,Meta Ads
C109338,2025-10-24,Organic
C109339,2025-12-02,Google Ads
C109340,2025-06-15,Influencer
C109341,2026-02-11,Meta Ads
C109342,2025-02-23,Meta Ads
C109343,2026-01-22,Meta Ads
C109344,2025-12-20,Organic
C109345,2025-06-14,Meta Ads
C109346,2025-01-12,Meta Ads
C109347,2025-06-09,Google Ads
C109348,2025-07-04,Referral
C109349,2025-10-14,Referral
C109350,2025-07-13,Influencer
C109351,2025-01-27,Google Ads
C109352,2026-01-06,Meta Ads
C109353,2025-02-06,Google Ads
C109354,2025-07-30,Google Ads
C109355,2025-09-11,Google Ads
C109356,2025-03-18,Organic
C109357,2025-08-27,Google Ads
C109358,2025-05-11,Referral
C109359,2025-09-24,Meta Ads
C109360,2024-10-14,Organic
C109361,2025-08-28,Meta Ads
C109362,2026-01-19,Meta Ads
C109363,2025-11-10,Google Ads
C109364,2026-02-04,Organic
C109365,2025-07-01,Meta Ads
C109366,2024-12-17,Meta Ads
C109367,2025-10-07,Influencer
C109368,2024-10-06,Influencer
C109369,2025-04-29,Organic
C109370,2025-08-06,Influencer
C109371,2025-07-12,Meta Ads
C109372,2025-05-13,Google Ads
C109373,2025-06-22,Meta Ads
C109374,2024-12-05,Meta Ads
C109375,2024-10-03,Google Ads
C109376,2025-01-16,Google Ads
C109377,2025-08-05,Google Ads
C109378,2025-10-18,Meta Ads
C109379,2025-01-21,Influencer
C109380,2026-02-12,Meta Ads
C109381,2025-05-22,Organic
C109382,2025-01-18,Google Ads
C109383,2024-12-21,Google Ads
C109384,2026-01-22,Meta Ads
C109385,2025-01-03,Influencer
C109386,2025-06-22,Google Ads
C109387,2025-12-04,Influencer
C109388,2025-02-23,Google Ads
C109389,2026-01-07,Organic
C109390,2025-04-28,Meta Ads
C109391,2026-02-02,Google Ads
C109392,2024-12-20,Meta Ads
C109393,2025-05-11,Meta Ads
C109394,2025-08-10,Organic
C109395,2025-08-30,Referral
C109396,2025-11-07,Influencer
C109397,2025-11-24,Organic
C109398,2025-07-28,Google Ads
C109399,2026-01-04,Influencer
C109400,2025-07-10,Influencer
C109401,2025-04-06,Referral
C109402,2025-02-01,Influencer
C109403,2025-10-06,Organic
C109404,2026-02-03,Google Ads
C109405,2025-08-30,Organic
C109406,2025-04-14,Google Ads
C109407,2025-09-23,Google Ads
C109408,2025-03-18,Influencer
C109409,2025-07-13,Meta Ads
C109410,2024-10-18,Organic
C109411,2025-02-05,Organic
C109412,2025-06-19,Meta Ads
C109413,2024-11-07,Influencer
C109414,2025-06-25,Meta Ads
C109415,2025-06-14,Influencer
C109416,2025-10-22,Google Ads
C109417,2026-01-30,Meta Ads
C109418,2025-12-14,Referral
C109419,2025-01-11,Meta Ads
C109420,2024-12-13,Meta Ads
C109421,2025-12-16,Meta Ads
C109422,2025-10-14,Meta Ads
C109423,2025-04-26,Meta Ads
C109424,2025-12-06,Meta Ads
C109425,2024-11-25,Influencer
C109426,2025-09-10,Meta Ads
C109427,2025-02-24,Referral
C109428,2025-09-21,Meta Ads
C109429,2025-10-28,Google Ads
C109430,2026-01-14,Influencer
C109431,2026-02-09,Meta Ads
C109432,2024-11-07,Google Ads
C109433,2025-11-13,Google Ads
C109434,2025-12-07,Organic
C109435,2026-01-03,Meta Ads
C109436,2026-01-18,Organic
C109437,2024-12-16,Google Ads
C109438,2025-06-03,Meta Ads
C109439,2025-12-09,Google Ads
C109440,2025-11-05,Meta Ads
C109441,2025-04-24,Meta Ads
C109442,2025-10-07,Organic
C109443,2025-09-06,Google Ads
C109444,2025-08-25,Influencer
C109445,2025-02-28,Influencer
C109446,2026-01-15,Meta Ads
C109447,2024-12-17,Influencer
C109448,2024-10-07,Referral
C109449,2025-06-17,Referral
C109450,2025-08-27,Google Ads
C109451,2025-01-13,Referral
C109452,2024-12-11,Meta Ads
C109453,2025-12-31,Organic
C109454,2025-01-25,Influencer
C109455,2025-04-07,Influencer
C109456,2025-10-22,Organic
C109457,2025-11-23,Google Ads
C109458,2025-02-21,Organic
C109459,2024-11-07,Organic
C109460,2025-10-20,Influencer
C109461,2024-10-13,Influencer
C109462,2025-04-22,Organic
C109463,2024-11-02,Meta Ads
C109464,2025-06-16,Meta Ads
C109465,2025-09-08,Google Ads
C109466,2025-05-27,Meta Ads
C109467,2024-12-02,Organic
C109468,2025-08-04,Influencer
C109469,2025-03-16,Meta Ads
C109470,2025-07-18,Organic
C109471,2025-05-19,Meta Ads
C109472,2025-03-28,Organic
C109473,2025-09-29,Google Ads
C109474,2025-07-10,Influencer
C109475,2024-10-11,Google Ads
C109476,2025-08-17,Meta Ads
C109477,2025-08-09,Google Ads
C109478,2025-07-23,Meta Ads
C109479,2025-09-14,Organic
C109480,2025-12-26,Meta Ads
C109481,2025-06-29,Organic
C109482,2025-04-09,Organic
C109483,2025-10-10,Organic
C109484,2025-07-13,Organic
C109485,2025-09-17,Meta Ads
C109486,2025-11-24,Google Ads
C109487,2025-07-16,Meta Ads
C109488,2025-03-25,Meta Ads
C109489,2026-01-14,Meta Ads
C109490,2026-01-12,Meta Ads
C109491,2025-03-09,Referral
C109492,2025-09-05,Google Ads
C109493,2025-06-27,Google Ads
C109494,2025-12-26,Organic
C109495,2025-09-10,Meta Ads
C109496,2025-02-10,Influencer
C109497,2025-04-17,Google Ads
C109498,2025-06-01,Referral
C109499,2025-04-16,Referral
C109500,2026-02-05,Referral
C109501,2025-01-23,Referral
C109502,2025-07-31,Influencer
C109503,2025-10-04,Meta Ads
C109504,2025-05-09,Organic
C109505,2025-05-10,Meta Ads
C109506,2024-11-04,Meta Ads
C109507,2025-01-16,Referral
C109508,2025-08-10,Google Ads
C109509,2024-12-22,Meta Ads
C109510,2026-01-08,Meta Ads
C109511,2024-11-19,Influencer
C109512,2024-10-25,Meta Ads
C109513,2025-04-04,Google Ads
C109514,2025-09-27,Google Ads
C109515,2025-01-27,Influencer
C109516,2025-08-31,Influencer
C109517,2024-12-02,Meta Ads
C109518,2026-01-26,Google Ads
C109519,2026-02-10,Referral
C109520,2026-01-14,Influencer
C109521,2026-02-08,Meta Ads
C109522,2025-02-23,Google Ads
C109523,2025-02-01,Meta Ads
C109524,2025-06-09,Meta Ads
C109525,2025-08-10,Influencer
C109526,2025-06-07,Meta Ads
C109527,2025-11-16,Meta Ads
C109528,2026-01-27,Meta Ads
C109529,2025-10-31,Google Ads
C109530,2024-11-17,Google Ads
C109531,2025-06-28,Meta Ads
C109532,2026-01-23,Google Ads
C109533,2026-01-22,Influencer
C109534,2025-02-05,Influencer
C109535,2025-02-06,Influencer
C109536,2025-01-31,Google Ads
C109537,2025-09-06,Organic
C109538,2024-11-08,Meta Ads
C109539,2025-11-17,Google Ads
C109540,2025-02-21,Influencer
C109541,2025-05-29,Google Ads
C109542,2025-10-23,Google Ads
C109543,2024-10-11,Google Ads
C109544,2024-11-21,Influencer
C109545,2025-08-13,Google Ads
C109546,2025-01-21,Meta Ads
C109547,2025-11-19,Organic
C109548,2025-10-18,Influencer
C109549,2025-11-26,Google Ads
C109550,2024-12-12,Influencer
C109551,2025-05-26,Referral
C109552,2024-10-14,Organic
C109553,2026-02-08,Referral
C109554,2025-09-12,Organic
C109555,2025-04-23,Meta Ads
C109556,2025-03-05,Google Ads
C109557,2025-06-21,Organic
C109558,2025-01-03,Meta Ads
C109559,2025-12-28,Meta Ads
C109560,2025-11-05,Organic
C109561,2024-10-01,Organic
C109562,2026-01-21,Google Ads
C109563,2025-09-03,Influencer
C109564,2025-11-06,Organic
C109565,2024-11-02,Google Ads
C109566,2026-01-11,Influencer
C109567,2024-10-06,Google Ads
C109568,2026-01-21,Meta Ads
C109569,2025-08-31,Meta Ads
C109570,2025-04-10,Google Ads
C109571,2025-10-12,Google Ads
C109572,2025-03-01,Google Ads
C109573,2024-11-25,Google Ads
C109574,2025-01-01,Referral
C109575,2025-12-09,Influencer
C109576,2025-07-09,Meta Ads
C109577,2026-01-27,Meta Ads
C109578,2025-06-06,Organic
C109579,2025-01-24,Influencer
C109580,2025-01-19,Referral
C109581,2025-11-05,Meta Ads
C109582,2025-11-27,Meta Ads
C109583,2025-04-13,Organic
C109584,2024-10-11,Meta Ads
C109585,2025-10-07,Meta Ads
C109586,2026-01-21,Meta Ads
C109587,2024-11-09,Google Ads
C109588,2025-10-27,Meta Ads
C109589,2025-10-31,Meta Ads
C109590,2025-01-28,Google Ads
C109591,2026-02-08,Referral
C109592,2024-12-07,Google Ads
C109593,2026-01-04,Google Ads
C109594,2025-11-06,Referral
C109595,2025-04-29,Organic
C109596,2025-12-05,Organic
C109597,2026-01-17,Meta Ads
C109598,2025-11-05,Google Ads
C109599,2025-03-01,Influencer
C109600,2024-12-09,Meta Ads
C109601,2025-06-07,Meta Ads
C109602,2026-02-09,Google Ads
C109603,2024-11-25,Referral
C109604,2025-12-08,Referral
C109605,2025-05-21,Influencer
C109606,2025-03-03,Meta Ads
C109607,2025-07-11,Meta Ads
C109608,2025-05-25,Influencer
C109609,2025-05-12,Referral
C109610,2025-02-18,Influencer
C109611,2025-07-26,Referral
C109612,2025-11-22,Influencer
C109613,2025-04-08,Google Ads
C109614,2025-03-21,Organic
C109615,2025-05-18,Meta Ads
C109616,2025-11-03,Influencer
C109617,2025-06-12,Influencer
C109618,2025-12-21,Influencer
C109619,2025-02-24,Meta Ads
C109620,2024-12-17,Organic
C109621,2025-07-27,Google Ads
C109622,2025-06-12,Google Ads
C109623,2025-10-05,Google Ads
C109624,2024-10-03,Organic
C109625,2025-08-15,Google Ads
C109626,2026-01-02,Influencer
C109627,2025-02-08,Meta Ads
C109628,2025-11-15,Meta Ads
C109629,2025-10-22,Influencer
C109630,2025-12-12,Referral
C109631,2025-11-13,Meta Ads
C109632,2026-01-17,Influencer
C109633,2025-03-22,Google Ads
C109634,2025-03-30,Meta Ads
C109635,2025-10-11,Meta Ads
C109636,2025-12-12,Meta Ads
C109637,2025-09-30,Google Ads
C109638,2024-12-23,Meta Ads
C109639,2025-09-03,Organic
C109640,2025-05-01,Referral
C109641,2025-01-10,Meta Ads
C109642,2025-12-21,Influencer
C109643,2025-01-22,Meta Ads
C109644,2025-07-18,Influencer
C109645,2025-05-31,Google Ads
C109646,2025-03-17,Influencer
C109647,2025-02-12,Organic
C109648,2025-05-07,Meta Ads
C109649,2025-01-03,Influencer
C109650,2025-08-12,Google Ads
C109651,2025-06-07,Influencer
C109652,2025-01-21,Organic
C109653,2025-08-19,Google Ads
C109654,2025-08-20,Influencer
C109655,2025-10-05,Influencer
C109656,2026-01-03,Google Ads
C109657,2025-11-23,Meta Ads
C109658,2025-09-04,Meta Ads
C109659,2025-03-06,Referral
C109660,2024-12-26,Meta Ads
C109661,2025-02-12,Referral
C109662,2025-09-14,Meta Ads
C109663,2024-11-25,Meta Ads
C109664,2025-06-22,Organic
C109665,2025-11-15,Influencer
C109666,2026-01-30,Meta Ads
C109667,2025-08-22,Meta Ads
C109668,2025-06-29,Influencer
C109669,2025-02-02,Referral
C109670,2025-12-14,Meta Ads
C109671,2024-10-17,Influencer
C109672,2026-01-25,Google Ads
C109673,2024-12-12,Meta Ads
C109674,2025-08-25,Referral
C109675,2025-07-13,Organic
C109676,2025-02-07,Google Ads
C109677,2025-01-17,Meta Ads
C109678,2025-01-19,Meta Ads
C109679,2025-11-13,Referral
C109680,2025-02-20,Meta Ads
C109681,2024-10-20,Meta Ads
C109682,2025-01-05,Influencer
C109683,2025-10-14,Referral
C109684,2025-06-26,Influencer
C109685,2025-06-25,Meta Ads
C109686,2025-04-25,Meta Ads
C109687,2025-10-25,Meta Ads
C109688,2025-07-23,Influencer
C109689,2025-01-01,Meta Ads
C109690,2026-01-10,Google Ads
C109691,2024-12-06,Influencer
C109692,2025-06-24,Meta Ads
C109693,2025-01-17,Referral
C109694,2024-10-25,Google Ads
C109695,2025-12-19,Meta Ads
C109696,2025-08-21,Meta Ads
C109697,2025-12-30,Meta Ads
C109698,2025-02-06,Organic
C109699,2026-02-03,Referral
C109700,2025-11-12,Meta Ads
C109701,2025-10-08,Influencer
C109702,2026-01-14,Meta Ads
C109703,2025-06-19,Influencer
C109704,2025-10-10,Meta Ads
C109705,2025-01-16,Meta Ads
C109706,2024-10-27,Meta Ads
C109707,2025-07-21,Meta Ads
C109708,2024-10-07,Referral
C109709,2024-10-19,Referral
C109710,2025-05-13,Referral
C109711,2025-05-20,Referral
C109712,2025-06-11,Google Ads
C109713,2025-11-02,Google Ads
C109714,2026-01-17,Influencer
C109715,2025-09-26,Influencer
C109716,2025-12-17,Influencer
C109717,2025-10-30,Organic
C109718,2025-05-20,Influencer
C109719,2025-06-03,Meta Ads
C109720,2024-12-18,Meta Ads
C109721,2026-01-12,Influencer
C109722,2024-12-13,Organic
C109723,2026-02-06,Google Ads
C109724,2025-05-17,Meta Ads
C109725,2024-11-29,Meta Ads
C109726,2025-12-04,Organic
C109727,2026-01-25,Influencer
C109728,2024-11-09,Organic
C109729,2025-02-19,Meta Ads
C109730,2024-12-21,Organic
C109731,2025-04-18,Organic
C109732,2025-07-13,Meta Ads
C109733,2024-10-25,Google Ads
C109734,2025-07-26,Meta Ads
C109735,2025-06-01,Influencer
C109736,2025-09-02,Referral
C109737,2025-07-17,Google Ads
C109738,2025-12-04,Organic
C109739,2025-04-07,Organic
C109740,2025-04-01,Influencer
C109741,2024-12-22,Referral
C109742,2026-02-12,Organic
C109743,2025-09-24,Meta Ads
C109744,2025-03-11,Meta Ads
C109745,2025-07-02,Meta Ads
C109746,2025-12-04,Influencer
C109747,2025-08-26,Meta Ads
C109748,2025-05-17,Google Ads
C109749,2025-12-05,Influencer
C109750,2024-11-01,Meta Ads
C109751,2025-01-10,Google Ads
C109752,2025-12-20,Google Ads
C109753,2024-11-10,Organic
C109754,2024-12-14,Meta Ads
C109755,2025-04-22,Meta Ads
C109756,2025-01-25,Referral
C109757,2025-12-17,Meta Ads
C109758,2025-10-17,Organic
C109759,2025-10-20,Meta Ads
C109760,2025-05-06,Google Ads
C109761,2026-01-21,Meta Ads
C109762,2025-11-25,Referral
C109763,2025-04-07,Google Ads
C109764,2025-09-23,Influencer
C109765,2025-04-05,Meta Ads
C109766,2026-01-28,Google Ads
C109767,2025-09-13,Organic
C109768,2026-01-01,Meta Ads
C109769,2025-01-13,Influencer
C109770,2025-01-16,Google Ads
C109771,2025-02-01,Google Ads
C109772,2025-02-22,Google Ads
C109773,2025-12-12,Influencer
C109774,2024-10-10,Meta Ads
C109775,2026-01-01,Referral
C109776,2026-01-21,Influencer
C109777,2025-03-28,Meta Ads
C109778,2025-11-05,Organic
C109779,2025-04-27,Influencer
C109780,2025-05-03,Google Ads
C109781,2025-11-24,Meta Ads
C109782,2025-08-31,Referral
C109783,2026-02-12,Google Ads
C109784,2026-01-25,Meta Ads
C109785,2026-01-06,Google Ads
C109786,2026-01-06,Influencer
C109787,2024-11-03,Google Ads
C109788,2025-09-16,Referral
C109789,2025-11-14,Organic
C109790,2025-03-09,Meta Ads
C109791,2025-12-24,Influencer
C109792,2025-02-17,Google Ads
C109793,2025-10-07,Meta Ads
C109794,2024-12-23,Referral
C109795,2025-12-06,Meta Ads
C109796,2026-01-12,Meta Ads
C109797,2025-03-24,Influencer
C109798,2025-09-16,Meta Ads
C109799,2025-04-05,Google Ads
C109800,2025-05-23,Google Ads
C109801,2025-05-30,Meta Ads
C109802,2025-01-20,Google Ads
C109803,2025-08-23,Meta Ads
C109804,2026-01-16,Influencer
C109805,2025-09-10,Organic
C109806,2025-12-09,Referral
C109807,2025-10-21,Organic
C109808,2024-10-05,Meta Ads
C109809,2025-03-26,Influencer
C109810,2025-02-18,Meta Ads
C109811,2026-01-10,Referral
C109812,2025-03-03,Google Ads
C109813,2025-09-01,Google Ads
C109814,2025-08-21,Organic
C109815,2025-09-09,Organic
C109816,2025-08-24,Google Ads
C109817,2025-08-12,Meta Ads
C109818,2025-12-08,Meta Ads
C109819,2025-12-17,Google Ads
C109820,2025-05-29,Google Ads
C109821,2025-10-24,Organic
C109822,2025-09-25,Organic
C109823,2024-11-12,Meta Ads
C109824,2025-01-17,Referral
C109825,2026-01-13,Meta Ads
C109826,2025-09-16,Google Ads
C109827,2024-10-26,Meta Ads
C109828,2025-04-13,Organic
C109829,2026-01-06,Influencer
C109830,2025-01-29,Meta Ads
C109831,2024-10-14,Influencer
C109832,2025-02-18,Google Ads
C109833,2025-07-21,Google Ads
C109834,2025-12-16,Influencer
C109835,2026-02-06,Organic
C109836,2025-07-29,Referral
C109837,2025-02-24,Organic
C109838,2025-07-30,Referral
C109839,2025-12-22,Meta Ads
C109840,2026-01-30,Google Ads
C109841,2024-12-23,Meta Ads
C109842,2025-09-19,Meta Ads
C109843,2025-02-14,Meta Ads
C109844,2026-01-06,Meta Ads
C109845,2025-12-21,Meta Ads
C109846,2024-12-03,Meta Ads
C109847,2025-03-11,Google Ads
C109848,2025-06-19,Organic
C109849,2024-11-14,Influencer
C109850,2025-05-14,Meta Ads
C109851,2024-12-03,Referral
C109852,2024-12-03,Referral
C109853,2025-02-10,Meta Ads
C109854,2025-12-22,Google Ads
C109855,2025-11-24,Meta Ads
C109856,2025-03-08,Google Ads
C109857,2025-02-02,Influencer
C109858,2025-10-22,Referral
C109859,2025-04-17,Organic
C109860,2025-07-17,Meta Ads
C109861,2026-01-17,Meta Ads
C109862,2025-07-13,Meta Ads
C109863,2026-02-05,Meta Ads
C109864,2025-11-14,Organic
C109865,2025-12-01,Organic
C109866,2025-02-05,Meta Ads
C109867,2025-11-27,Organic
C109868,2025-09-23,Influencer
C109869,2025-02-17,Meta Ads
C109870,2025-11-23,Referral
C109871,2025-03-08,Meta Ads
C109872,2025-07-05,Organic
C109873,2024-12-19,Referral
C109874,2024-11-04,Meta Ads
C109875,2025-08-14,Referral
C109876,2025-06-14,Organic
C109877,2025-01-03,Meta Ads
C109878,2024-12-14,Influencer
C109879,2025-03-24,Influencer
C109880,2024-10-02,Google Ads
C109881,2025-11-20,Meta Ads
C109882,2025-12-10,Meta Ads
C109883,2025-03-12,Meta Ads
C109884,2025-12-01,Referral
C109885,2026-02-07,Organic
C109886,2025-06-29,Influencer
C109887,2024-10-08,Google Ads
C109888,2024-10-11,Organic
C109889,2024-12-31,Referral
C109890,2024-11-01,Meta Ads
C109891,2025-07-02,Referral
C109892,2025-01-23,Influencer
C109893,2025-11-25,Meta Ads
C109894,2025-06-23,Meta Ads
C109895,2025-09-30,Meta Ads
C109896,2025-06-22,Google Ads
C109897,2025-12-03,Meta Ads
C109898,2025-06-29,Meta Ads
C109899,2025-04-01,Meta Ads
C109900,2024-12-16,Organic
C109901,2025-08-20,Referral
C109902,2025-12-04,Influencer
C109903,2025-01-15,Referral
C109904,2025-11-19,Google Ads
C109905,2025-11-13,Influencer
C109906,2025-04-01,Organic
C109907,2024-12-28,Meta Ads
C109908,2025-02-10,Organic
C109909,2026-02-10,Google Ads
C109910,2025-05-11,Google Ads
C109911,2025-08-16,Google Ads
C109912,2025-04-02,Meta Ads
C109913,2024-10-22,Referral
C109914,2026-01-15,Meta Ads
C109915,2025-12-10,Organic
C109916,2026-01-09,Organic
C109917,2024-10-03,Meta Ads
C109918,2026-01-23,Google Ads
C109919,2025-01-16,Influencer
C109920,2025-03-17,Organic
C109921,2024-11-09,Meta Ads
C109922,2025-04-07,Organic
C109923,2025-07-28,Meta Ads
C109924,2025-11-27,Organic
C109925,2025-01-24,Meta Ads
C109926,2025-12-16,Google Ads
C109927,2025-03-07,Google Ads
C109928,2025-03-29,Google Ads
C109929,2025-06-29,Influencer
C109930,2025-12-16,Influencer
C109931,2024-12-12,Google Ads
C109932,2025-11-24,Organic
C109933,2026-01-16,Organic
C109934,2025-04-12,Influencer
C109935,2025-03-05,Meta Ads
C109936,2024-11-29,Meta Ads
C109937,2024-10-28,Google Ads
C109938,2025-11-07,Meta Ads
C109939,2025-05-18,Meta Ads
C109940,2025-03-11,Influencer
C109941,2025-06-06,Meta Ads
C109942,2025-04-19,Organic
C109943,2025-07-16,Meta Ads
C109944,2025-10-15,Influencer
C109945,2025-05-30,Meta Ads
C109946,2025-11-24,Organic
C109947,2025-12-23,Meta Ads
C109948,2024-11-30,Organic
C109949,2025-10-31,Meta Ads
C109950,2025-08-16,Influencer
C109951,2024-12-13,Organic
C109952,2025-03-03,Meta Ads
C109953,2024-11-13,Meta Ads
C109954,2026-01-23,Google Ads
C109955,2025-02-17,Meta Ads
C109956,2025-02-03,Influencer
C109957,2024-12-02,Google Ads
C109958,2025-06-08,Influencer
C109959,2025-11-11,Meta Ads
C109960,2024-10-07,Influencer
C109961,2025-10-10,Meta Ads
C109962,2025-08-05,Google Ads
C109963,2025-11-07,Organic
C109964,2025-12-07,Influencer
C109965,2025-06-20,Google Ads
C109966,2025-06-02,Organic
C109967,2024-11-02,Organic
C109968,2025-01-26,Google Ads
C109969,2025-08-23,Meta Ads
C109970,2025-11-12,Google Ads
C109971,2025-12-29,Meta Ads
C109972,2024-10-10,Influencer
C109973,2025-06-16,Organic
C109974,2025-03-18,Google Ads
C109975,2025-09-29,Influencer
C109976,2025-12-11,Google Ads
C109977,2025-06-24,Meta Ads
C109978,2025-06-27,Organic
C109979,2025-06-14,Referral
C109980,2025-08-22,Google Ads
C109981,2026-01-05,Google Ads
C109982,2025-08-04,Google Ads
C109983,2025-12-24,Organic
C109984,2025-05-02,Meta Ads
C109985,2025-07-05,Meta Ads
C109986,2026-02-05,Organic
C109987,2025-07-05,Google Ads
C109988,2025-05-18,Influencer
C109989,2025-06-13,Meta Ads
C109990,2025-08-06,Meta Ads
C109991,2025-11-07,Meta Ads
C109992,2025-06-10,Organic
C109993,2025-04-12,Google Ads
C109994,2025-10-27,Google Ads
C109995,2025-01-04,Organic
C109996,2026-02-04,Meta Ads
C109997,2025-01-24,Google Ads
C109998,2024-10-28,Influencer
C109999,2025-01-20,Referral
C110000,2025-06-24,Meta Ads
C110001,2025-12-18,Google Ads
C110002,2025-07-19,Organic
C110003,2024-12-26,Meta Ads
C110004,2024-11-14,Influencer
C110005,2025-08-02,Meta Ads
C110006,2024-12-12,Influencer
C110007,2025-04-12,Referral
C110008,2025-03-02,Google Ads
C110009,2025-12-21,Google Ads
C110010,2025-02-11,Meta Ads
C110011,2025-09-26,Influencer
C110012,2025-11-01,Meta Ads
C110013,2026-01-30,Meta Ads
C110014,2025-10-27,Google Ads
C110015,2025-02-27,Influencer
C110016,2025-06-27,Google Ads
C110017,2025-12-05,Google Ads
C110018,2025-04-26,Organic
C110019,2024-12-09,Meta Ads
C110020,2026-01-12,Meta Ads
C110021,2025-08-25,Influencer
C110022,2024-10-24,Meta Ads
C110023,2025-09-23,Google Ads
C110024,2025-02-20,Meta Ads
C110025,2025-09-15,Organic
C110026,2024-12-07,Google Ads
C110027,2025-03-01,Meta Ads
C110028,2025-03-12,Google Ads
C110029,2024-12-16,Google Ads
C110030,2024-11-24,Meta Ads
C110031,2025-08-06,Google Ads
C110032,2025-05-29,Influencer
C110033,2025-01-07,Meta Ads
C110034,2025-05-15,Meta Ads
C110035,2025-03-15,Meta Ads
C110036,2025-03-25,Referral
C110037,2025-01-27,Referral
C110038,2026-02-05,Organic
C110039,2024-11-11,Meta Ads
C110040,2024-10-01,Google Ads
C110041,2025-10-21,Meta Ads
C110042,2025-11-18,Meta Ads
C110043,2025-06-12,Meta Ads
C110044,2025-07-31,Google Ads
C110045,2025-11-14,Organic
C110046,2026-01-29,Meta Ads
C110047,2025-02-20,Meta Ads
C110048,2025-11-05,Referral
C110049,2024-12-27,Meta Ads
C110050,2025-11-24,Meta Ads
C110051,2025-01-22,Meta Ads
C110052,2025-11-11,Organic
C110053,2025-07-15,Meta Ads
C110054,2025-05-20,Google Ads
C110055,2025-01-15,Referral
C110056,2025-10-23,Google Ads
C110057,2025-12-26,Meta Ads
C110058,2025-07-01,Google Ads
C110059,2025-03-27,Meta Ads
C110060,2025-05-05,Meta Ads
C110061,2024-12-10,Meta Ads
C110062,2024-10-07,Meta Ads
C110063,2025-08-19,Organic
C110064,2025-06-17,Google Ads
C110065,2024-10-19,Meta Ads
C110066,2024-12-25,Google Ads
C110067,2025-02-04,Organic
C110068,2026-02-04,Google Ads
C110069,2025-08-21,Google Ads
C110070,2025-02-15,Organic
C110071,2025-05-18,Influencer
C110072,2025-07-16,Influencer
C110073,2026-01-27,Influencer
C110074,2025-01-04,Meta Ads
C110075,2024-12-12,Influencer
C110076,2026-02-07,Influencer
C110077,2025-03-14,Referral
C110078,2025-03-21,Meta Ads
C110079,2025-04-15,Google Ads
C110080,2025-04-16,Organic
C110081,2025-05-04,Meta Ads
C110082,2025-05-18,Organic
C110083,2026-02-03,Meta Ads
C110084,2025-04-05,Google Ads
C110085,2026-01-31,Meta Ads
C110086,2025-09-28,Meta Ads
C110087,2025-04-17,Google Ads
C110088,2024-12-24,Influencer
C110089,2025-12-12,Meta Ads
C110090,2025-04-29,Google Ads
C110091,2024-11-09,Influencer
C110092,2025-10-18,Meta Ads
C110093,2024-10-20,Meta Ads
C110094,2025-08-12,Google Ads
C110095,2025-10-02,Meta Ads
C110096,2025-11-17,Referral
C110097,2025-05-21,Meta Ads
C110098,2025-06-03,Organic
C110099,2025-02-28,Influencer
C110100,2025-09-05,Google Ads
C110101,2026-02-10,Meta Ads
C110102,2024-11-14,Meta Ads
C110103,2025-07-12,Google Ads
C110104,2025-06-13,Google Ads
C110105,2024-10-27,Influencer
C110106,2025-01-03,Organic
C110107,2025-07-02,Referral
C110108,2025-09-29,Meta Ads
C110109,2025-04-30,Google Ads
C110110,2026-01-18,Organic
C110111,2025-05-06,Meta Ads
C110112,2025-12-19,Influencer
C110113,2025-08-29,Google Ads
C110114,2025-09-27,Organic
C110115,2025-11-25,Google Ads
C110116,2025-08-27,Referral
C110117,2025-03-14,Google Ads
C110118,2024-11-26,Meta Ads
C110119,2025-01-12,Meta Ads
C110120,2025-08-16,Referral
C110121,2025-06-05,Influencer
C110122,2024-11-11,Google Ads
C110123,2024-12-31,Organic
C110124,2025-02-16,Google Ads
C110125,2025-08-21,Google Ads
C110126,2025-06-18,Meta Ads
C110127,2025-12-18,Organic
C110128,2025-11-30,Google Ads
C110129,2025-07-29,Meta Ads
C110130,2025-12-03,Organic
C110131,2025-08-15,Meta Ads
C110132,2025-04-20,Meta Ads
C110133,2025-05-18,Organic
C110134,2025-05-02,Google Ads
C110135,2025-04-22,Google Ads
C110136,2025-12-18,Organic
C110137,2025-11-14,Meta Ads
C110138,2025-07-19,Meta Ads
C110139,2025-03-10,Meta Ads
C110140,2025-02-28,Referral
C110141,2025-05-02,Google Ads
C110142,2025-09-13,Meta Ads
C110143,2025-02-27,Meta Ads
C110144,2024-12-11,Meta Ads
C110145,2025-12-21,Organic
C110146,2025-01-28,Referral
C110147,2024-10-30,Influencer
C110148,2025-06-01,Google Ads
C110149,2025-12-22,Organic
C110150,2025-10-15,Organic
C110151,2024-10-06,Organic
C110152,2025-09-01,Referral
C110153,2025-09-05,Organic
C110154,2025-12-29,Organic
C110155,2025-10-09,Meta Ads
C110156,2025-11-13,Google Ads
C110157,2025-07-02,Google Ads
C110158,2024-11-04,Organic
C110159,2025-10-26,Influencer
C110160,2024-12-07,Meta Ads
C110161,2025-02-18,Referral
C110162,2024-12-18,Influencer
C110163,2024-10-20,Influencer
C110164,2025-03-22,Meta Ads
C110165,2025-07-11,Google Ads
C110166,2025-08-21,Meta Ads
C110167,2025-05-29,Google Ads
C110168,2025-05-20,Organic
C110169,2025-01-07,Meta Ads
C110170,2024-12-21,Organic
C110171,2025-04-24,Meta Ads
C110172,2024-10-08,Influencer
C110173,2025-12-03,Meta Ads
C110174,2025-02-14,Meta Ads
C110175,2025-08-20,Google Ads
C110176,2025-02-10,Meta Ads
C110177,2025-05-04,Influencer
C110178,2025-07-01,Organic
C110179,2025-05-18,Influencer
C110180,2025-08-17,Organic
C110181,2025-09-17,Google Ads
C110182,2025-09-21,Google Ads
C110183,2025-03-08,Influencer
C110184,2025-02-24,Meta Ads
C110185,2025-05-23,Referral
C110186,2025-08-09,Influencer
C110187,2025-11-26,Google Ads
C110188,2025-06-01,Meta Ads
C110189,2025-10-14,Google Ads
C110190,2026-02-03,Google Ads
C110191,2025-07-31,Google Ads
C110192,2025-01-02,Organic
C110193,2024-11-14,Google Ads
C110194,2025-03-11,Meta Ads
C110195,2025-10-18,Organic
C110196,2025-07-29,Organic
C110197,2025-05-09,Referral
C110198,2025-03-17,Meta Ads
C110199,2025-09-17,Meta Ads
C110200,2025-06-23,Organic
C110201,2025-03-19,Meta Ads
C110202,2025-02-26,Meta Ads
C110203,2025-06-04,Google Ads
C110204,2025-02-01,Google Ads
C110205,2024-10-26,Meta Ads
C110206,2025-03-06,Organic
C110207,2025-10-12,Google Ads
C110208,2025-03-16,Influencer
C110209,2026-01-19,Meta Ads
C110210,2025-01-25,Google Ads
C110211,2026-01-18,Organic
C110212,2024-11-17,Influencer
C110213,2024-10-01,Organic
C110214,2025-12-09,Organic
C110215,2025-05-14,Google Ads
C110216,2024-11-18,Meta Ads
C110217,2025-03-07,Meta Ads
C110218,2025-04-27,Meta Ads
C110219,2025-12-02,Google Ads
C110220,2025-08-25,Meta Ads
C110221,2025-04-08,Influencer
C110222,2025-08-21,Google Ads
C110223,2025-08-31,Influencer
C110224,2024-11-07,Influencer
C110225,2025-04-19,Google Ads
C110226,2025-12-31,Organic
C110227,2025-05-04,Meta Ads
C110228,2025-10-16,Referral
C110229,2025-10-19,Google Ads
C110230,2025-09-29,Google Ads
C110231,2026-01-11,Meta Ads
C110232,2025-11-15,Referral
C110233,2024-12-26,Google Ads
C110234,2025-10-11,Organic
C110235,2024-12-10,Meta Ads
C110236,2025-01-08,Meta Ads
C110237,2025-10-03,Meta Ads
C110238,2025-08-28,Organic
C110239,2025-02-25,Meta Ads
C110240,2025-02-25,Meta Ads
C110241,2026-01-28,Influencer
C110242,2025-11-16,Google Ads
C110243,2024-12-14,Meta Ads
C110244,2025-01-11,Meta Ads
C110245,2024-12-20,Organic
C110246,2025-04-10,Meta Ads
C110247,2025-12-22,Referral
C110248,2025-02-13,Google Ads
C110249,2024-12-14,Meta Ads
C110250,2025-10-05,Influencer
C110251,2025-04-20,Google Ads
C110252,2026-02-07,Referral
C110253,2025-11-23,Influencer
C110254,2025-06-18,Meta Ads
C110255,2025-05-13,Organic
C110256,2025-07-17,Influencer
C110257,2025-08-28,Google Ads
C110258,2025-02-13,Referral
C110259,2025-01-13,Meta Ads
C110260,2025-04-04,Meta Ads
C110261,2025-12-21,Google Ads
C110262,2024-11-11,Meta Ads
C110263,2025-07-09,Meta Ads
C110264,2025-09-23,Influencer
C110265,2025-02-02,Meta Ads
C110266,2025-06-06,Meta Ads
C110267,2025-06-22,Organic
C110268,2026-02-05,Meta Ads
C110269,2025-07-07,Meta Ads
C110270,2024-10-21,Meta Ads
C110271,2026-01-10,Google Ads
C110272,2025-02-01,Organic
C110273,2025-02-17,Meta Ads
C110274,2025-03-26,Meta Ads
C110275,2025-11-26,Meta Ads
C110276,2026-01-09,Influencer
C110277,2025-03-31,Influencer
C110278,2026-02-08,Meta Ads
C110279,2025-11-30,Google Ads
C110280,2025-08-04,Influencer
C110281,2024-11-27,Meta Ads
C110282,2025-03-12,Google Ads
C110283,2025-02-16,Meta Ads
C110284,2024-11-09,Meta Ads
C110285,2026-01-12,Google Ads
C110286,2025-11-29,Referral
C110287,2024-11-26,Influencer
C110288,2025-03-12,Meta Ads
C110289,2025-05-02,Meta Ads
C110290,2024-10-10,Meta Ads
C110291,2026-01-13,Organic
C110292,2025-07-18,Google Ads
C110293,2025-11-18,Referral
C110294,2026-01-08,Referral
C110295,2024-12-03,Google Ads
C110296,2025-07-09,Influencer
C110297,2025-02-08,Google Ads
C110298,2025-01-29,Organic
C110299,2025-01-24,Google Ads
C110300,2025-03-12,Google Ads
C110301,2024-10-04,Influencer
C110302,2025-01-06,Meta Ads
C110303,2025-01-03,Influencer
C110304,2025-10-02,Google Ads
C110305,2024-12-10,Influencer
C110306,2025-11-27,Organic
C110307,2025-07-01,Google Ads
C110308,2025-01-10,Meta Ads
C110309,2025-11-02,Google Ads
C110310,2026-01-29,Google Ads
C110311,2025-04-08,Meta Ads
C110312,2025-07-06,Google Ads
C110313,2025-04-06,Google Ads
C110314,2024-11-03,Meta Ads
C110315,2025-08-06,Meta Ads
C110316,2025-08-06,Influencer
C110317,2025-11-23,Influencer
C110318,2025-05-16,Google Ads
C110319,2025-01-28,Influencer
C110320,2025-06-27,Influencer
C110321,2025-08-31,Google Ads
C110322,2026-01-17,Referral
C110323,2025-08-11,Meta Ads
C110324,2025-06-25,Referral
C110325,2024-12-15,Organic
C110326,2025-12-31,Google Ads
C110327,2025-11-15,Organic
C110328,2025-05-21,Organic
C110329,2025-03-15,Meta Ads
C110330,2025-10-09,Organic
C110331,2025-12-28,Google Ads
C110332,2025-11-28,Meta Ads
C110333,2025-11-12,Google Ads
C110334,2025-11-08,Influencer
C110335,2025-04-23,Referral
C110336,2025-12-04,Influencer
C110337,2025-11-13,Referral
C110338,2025-10-07,Google Ads
C110339,2025-03-20,Meta Ads
C110340,2025-06-25,Meta Ads
C110341,2025-10-09,Google Ads
C110342,2025-09-02,Google Ads
C110343,2025-05-08,Organic
C110344,2026-02-01,Referral
C110345,2025-12-04,Meta Ads
C110346,2024-10-27,Referral
C110347,2025-08-26,Google Ads
C110348,2025-04-28,Meta Ads
C110349,2025-11-24,Google Ads
C110350,2025-03-27,Meta Ads
C110351,2026-02-06,Google Ads
C110352,2024-10-01,Meta Ads
C110353,2024-11-27,Google Ads
C110354,2025-07-08,Organic
C110355,2025-09-11,Organic
C110356,2024-11-13,Meta Ads
C110357,2025-12-21,Organic
C110358,2025-04-19,Google Ads
C110359,2024-10-20,Meta Ads
C110360,2025-06-19,Meta Ads
C110361,2025-02-09,Influencer
C110362,2025-09-10,Referral
C110363,2025-12-20,Influencer
C110364,2025-03-25,Influencer
C110365,2025-05-15,Google Ads
C110366,2025-07-23,Organic
C110367,2025-10-15,Organic
C110368,2024-10-14,Organic
C110369,2024-10-10,Referral
C110370,2025-07-18,Meta Ads
C110371,2025-04-28,Meta Ads
C110372,2025-11-02,Organic
C110373,2026-02-01,Organic
C110374,2024-12-11,Referral
C110375,2025-10-18,Google Ads
C110376,2024-12-16,Referral
C110377,2025-06-28,Google Ads
C110378,2026-01-06,Meta Ads
C110379,2024-11-24,Organic
C110380,2025-05-07,Meta Ads
C110381,2026-01-01,Referral
C110382,2025-07-30,Google Ads
C110383,2025-11-02,Meta Ads
C110384,2025-01-29,Meta Ads
C110385,2025-04-12,Organic
C110386,2025-08-11,Meta Ads
C110387,2026-02-08,Influencer
C110388,2024-12-07,Influencer
C110389,2025-03-19,Meta Ads
C110390,2025-02-05,Google Ads
C110391,2025-10-24,Influencer
C110392,2025-05-30,Influencer
C110393,2024-12-25,Influencer
C110394,2025-07-23,Organic
C110395,2025-03-05,Google Ads
C110396,2025-07-03,Organic
C110397,2025-10-13,Meta Ads
C110398,2024-11-04,Meta Ads
C110399,2025-04-17,Meta Ads
C110400,2026-01-21,Google Ads
C110401,2026-01-25,Google Ads
C110402,2025-12-12,Influencer
C110403,2025-02-11,Meta Ads
C110404,2025-02-27,Referral
C110405,2024-12-12,Influencer
C110406,2024-10-14,Meta Ads
C110407,2026-02-04,Meta Ads
C110408,2025-06-25,Google Ads
C110409,2025-09-07,Meta Ads
C110410,2024-10-22,Referral
C110411,2026-01-22,Organic
C110412,2024-12-28,Google Ads
C110413,2026-02-10,Meta Ads
C110414,2025-04-24,Meta Ads
C110415,2025-07-22,Meta Ads
C110416,2024-12-10,Meta Ads
C110417,2024-10-14,Organic
C110418,2024-11-21,Meta Ads
C110419,2026-01-26,Google Ads
C110420,2026-02-04,Influencer
C110421,2025-05-30,Organic
C110422,2025-04-26,Meta Ads
C110423,2025-07-31,Organic
C110424,2025-02-03,Organic
C110425,2025-12-03,Google Ads
C110426,2026-02-02,Referral
C110427,2025-02-28,Google Ads
C110428,2025-07-19,Organic
C110429,2025-09-15,Meta Ads
C110430,2026-01-28,Referral
C110431,2025-05-04,Influencer
C110432,2024-10-20,Meta Ads
C110433,2026-02-09,Organic
C110434,2025-02-12,Influencer
C110435,2025-05-17,Meta Ads
C110436,2024-10-22,Organic
C110437,2025-07-25,Google Ads
C110438,2026-01-27,Google Ads
C110439,2025-08-28,Google Ads
C110440,2025-10-04,Meta Ads
C110441,2024-10-07,Organic
C110442,2025-10-25,Google Ads
C110443,2025-04-21,Google Ads
C110444,2025-10-09,Organic
C110445,2025-05-24,Organic
C110446,2025-04-18,Influencer
C110447,2025-04-19,Referral
C110448,2026-01-27,Meta Ads
C110449,2024-11-20,Meta Ads
C110450,2025-01-26,Referral
C110451,2025-06-07,Meta Ads
C110452,2026-02-01,Google Ads
C110453,2024-11-13,Influencer
C110454,2025-03-10,Google Ads
C110455,2025-04-05,Google Ads
C110456,2025-12-03,Meta Ads
C110457,2025-02-18,Influencer
C110458,2025-12-03,Meta Ads
C110459,2024-10-28,Meta Ads
C110460,2025-06-28,Organic
C110461,2025-02-14,Google Ads
C110462,2024-11-14,Influencer
C110463,2025-08-17,Influencer
C110464,2025-07-13,Influencer
C110465,2025-12-01,Referral
C110466,2025-05-04,Google Ads
C110467,2024-11-17,Organic
C110468,2025-02-13,Google Ads
C110469,2025-09-13,Meta Ads
C110470,2025-05-29,Meta Ads
C110471,2025-04-09,Meta Ads
C110472,2025-06-20,Organic
C110473,2024-11-20,Influencer
C110474,2025-05-19,Google Ads
C110475,2025-01-09,Referral
C110476,2025-02-12,Meta Ads
C110477,2025-07-26,Google Ads
C110478,2025-07-10,Google Ads
C110479,2026-01-31,Meta Ads
C110480,2025-04-05,Influencer
C110481,2024-10-29,Influencer
C110482,2025-04-20,Referral
C110483,2025-07-30,Organic
C110484,2024-12-08,Google Ads
C110485,2025-03-29,Meta Ads
C110486,2024-10-16,Influencer
C110487,2025-06-22,Influencer
C110488,2025-04-24,Google Ads
C110489,2025-02-18,Organic
C110490,2024-11-11,Google Ads
C110491,2026-01-07,Influencer
C110492,2025-12-25,Influencer
C110493,2025-10-12,Organic
C110494,2024-10-08,Organic
C110495,2024-10-15,Meta Ads
C110496,2025-11-26,Organic
C110497,2025-05-02,Meta Ads
C110498,2024-11-24,Organic
C110499,2025-06-19,Meta Ads
C110500,2025-11-12,Organic
C110501,2025-07-04,Organic
C110502,2025-11-23,Referral
C110503,2025-01-26,Referral
C110504,2025-07-21,Organic
C110505,2025-03-06,Influencer
C110506,2025-01-01,Organic
C110507,2025-02-13,Google Ads
C110508,2024-10-06,Referral
C110509,2024-10-04,Organic
C110510,2025-03-15,Google Ads
C110511,2025-04-17,Google Ads
C110512,2025-03-06,Meta Ads
C110513,2025-02-11,Google Ads
C110514,2024-12-08,Meta Ads
C110515,2025-05-26,Google Ads
C110516,2024-12-06,Meta Ads
C110517,2025-05-13,Meta Ads
C110518,2025-09-11,Influencer
C110519,2025-01-12,Meta Ads
C110520,2024-12-12,Referral
C110521,2026-01-28,Influencer
C110522,2025-05-27,Meta Ads
C110523,2025-04-10,Influencer
C110524,2025-07-30,Referral
C110525,2024-12-18,Meta Ads
C110526,2026-01-26,Google Ads
C110527,2025-02-25,Influencer
C110528,2026-01-15,Google Ads
C110529,2025-01-27,Meta Ads
C110530,2025-03-29,Organic
C110531,2025-12-31,Meta Ads
C110532,2025-07-09,Google Ads
C110533,2026-01-12,Influencer
C110534,2024-11-29,Google Ads
C110535,2025-01-29,Google Ads
C110536,2025-10-17,Organic
C110537,2024-11-28,Google Ads
C110538,2026-02-04,Google Ads
C110539,2024-10-25,Meta Ads
C110540,2026-02-03,Meta Ads
C110541,2025-07-08,Meta Ads
C110542,2025-02-13,Influencer
C110543,2025-11-02,Meta Ads
C110544,2025-04-28,Google Ads
C110545,2024-10-06,Google Ads
C110546,2025-07-17,Influencer
C110547,2025-10-18,Meta Ads
C110548,2024-12-25,Google Ads
C110549,2025-04-02,Meta Ads
C110550,2025-08-03,Meta Ads
C110551,2025-04-14,Google Ads
C110552,2025-08-30,Organic
C110553,2025-08-27,Influencer
C110554,2026-01-13,Organic
C110555,2025-03-10,Referral
C110556,2026-01-23,Organic
C110557,2025-04-25,Google Ads
C110558,2025-04-03,Google Ads
C110559,2025-03-10,Google Ads
C110560,2025-02-12,Influencer
C110561,2025-11-01,Referral
C110562,2025-10-09,Meta Ads
C110563,2025-04-28,Meta Ads
C110564,2024-10-29,Influencer
C110565,2025-08-22,Referral
C110566,2025-01-21,Influencer
C110567,2025-01-20,Influencer
C110568,2025-05-08,Meta Ads
C110569,2025-06-30,Meta Ads
C110570,2025-06-18,Organic
C110571,2025-08-13,Influencer
C110572,2025-08-04,Meta Ads
C110573,2024-10-19,Organic
C110574,2025-11-08,Organic
C110575,2025-06-27,Meta Ads
C110576,2024-10-19,Influencer
C110577,2024-11-07,Organic
C110578,2024-12-20,Google Ads
C110579,2025-10-29,Google Ads
C110580,2024-12-10,Influencer
C110581,2025-11-14,Google Ads
C110582,2025-05-08,Influencer
C110583,2025-04-08,Referral
C110584,2024-10-16,Google Ads
C110585,2025-08-13,Google Ads
C110586,2026-02-02,Google Ads
C110587,2026-01-06,Organic
C110588,2024-12-08,Organic
C110589,2025-10-14,Organic
C110590,2025-06-01,Google Ads
C110591,2025-06-13,Google Ads
C110592,2025-08-01,Meta Ads
C110593,2025-01-15,Meta Ads
C110594,2025-02-12,Google Ads
C110595,2025-02-27,Referral
C110596,2025-11-12,Meta Ads
C110597,2024-12-14,Meta Ads
C110598,2024-11-23,Referral
C110599,2024-11-10,Meta Ads
C110600,2025-11-05,Organic
C110601,2024-12-17,Influencer
C110602,2025-06-16,Google Ads
C110603,2025-03-07,Influencer
C110604,2026-01-01,Meta Ads
C110605,2026-01-19,Meta Ads
C110606,2025-08-09,Organic
C110607,2025-04-20,Meta Ads
C110608,2024-10-24,Organic
C110609,2026-01-10,Organic
C110610,2026-01-25,Meta Ads
C110611,2024-10-31,Meta Ads
C110612,2025-09-30,Google Ads
C110613,2025-04-26,Organic
C110614,2025-10-01,Meta Ads
C110615,2025-11-29,Google Ads
C110616,2025-08-07,Google Ads
C110617,2025-07-13,Google Ads
C110618,2025-12-20,Organic
C110619,2025-06-04,Meta Ads
C110620,2025-07-19,Meta Ads
C110621,2025-09-01,Google Ads
C110622,2024-10-25,Influencer
C110623,2025-08-14,Referral
C110624,2024-11-01,Meta Ads
C110625,2026-01-20,Google Ads
C110626,2025-12-16,Google Ads
C110627,2025-10-20,Meta Ads
C110628,2025-03-10,Meta Ads
C110629,2025-12-23,Meta Ads
C110630,2024-10-26,Influencer
C110631,2024-11-07,Influencer
C110632,2025-10-14,Influencer
C110633,2026-01-24,Meta Ads
C110634,2025-03-19,Influencer
C110635,2026-01-20,Meta Ads
C110636,2025-10-08,Google Ads
C110637,2025-01-11,Influencer
C110638,2025-09-10,Influencer
C110639,2025-01-24,Organic
C110640,2025-02-04,Google Ads
C110641,2024-11-02,Google Ads
C110642,2024-11-15,Referral
C110643,2025-06-09,Meta Ads
C110644,2025-02-18,Influencer
C110645,2024-11-08,Google Ads
C110646,2024-10-18,Organic
C110647,2025-08-29,Meta Ads
C110648,2025-12-13,Google Ads
C110649,2024-11-10,Google Ads
C110650,2025-07-30,Meta Ads
C110651,2025-09-18,Organic
C110652,2025-05-01,Meta Ads
C110653,2025-02-18,Influencer
C110654,2025-08-22,Meta Ads
C110655,2025-12-15,Google Ads
C110656,2025-02-18,Google Ads
C110657,2025-04-11,Google Ads
C110658,2025-12-03,Google Ads
C110659,2024-11-23,Meta Ads
C110660,2025-09-27,Google Ads
C110661,2025-03-07,Meta Ads
C110662,2025-01-12,Meta Ads
C110663,2026-02-05,Organic
C110664,2025-08-09,Organic
C110665,2025-02-06,Organic
C110666,2024-11-16,Google Ads
C110667,2024-10-27,Influencer
C110668,2025-02-07,Influencer
C110669,2024-10-25,Google Ads
C110670,2025-09-14,Referral
C110671,2025-06-08,Google Ads
C110672,2024-10-19,Meta Ads
C110673,2025-09-28,Google Ads
C110674,2025-11-07,Meta Ads
C110675,2025-04-09,Meta Ads
C110676,2026-01-18,Google Ads
C110677,2024-11-16,Organic
C110678,2025-09-15,Organic
C110679,2025-01-13,Google Ads
C110680,2024-10-01,Meta Ads
C110681,2025-09-10,Google Ads
C110682,2025-07-14,Meta Ads
C110683,2024-10-07,Influencer
C110684,2025-09-22,Google Ads
C110685,2025-01-15,Meta Ads
C110686,2024-11-15,Organic
C110687,2025-01-06,Google Ads
C110688,2025-06-10,Google Ads
C110689,2025-07-26,Meta Ads
C110690,2025-04-24,Google Ads
C110691,2025-05-25,Organic
C110692,2025-04-09,Meta Ads
C110693,2025-12-01,Influencer
C110694,2025-07-04,Organic
C110695,2025-04-13,Influencer
C110696,2025-02-21,Google Ads
C110697,2025-10-09,Google Ads
C110698,2024-10-20,Meta Ads
C110699,2025-08-25,Meta Ads
C110700,2025-04-25,Google Ads
C110701,2025-05-22,Organic
C110702,2025-07-31,Influencer
C110703,2025-11-19,Meta Ads
C110704,2025-04-25,Meta Ads
C110705,2024-11-04,Organic
C110706,2026-01-03,Google Ads
C110707,2025-02-26,Google Ads
C110708,2025-06-28,Meta Ads
C110709,2025-06-25,Referral
C110710,2026-01-13,Organic
C110711,2024-10-06,Organic
C110712,2025-11-03,Meta Ads
C110713,2025-11-09,Meta Ads
C110714,2025-01-18,Organic
C110715,2025-03-07,Organic
C110716,2025-10-10,Meta Ads
C110717,2024-10-13,Organic
C110718,2025-07-10,Meta Ads
C110719,2026-01-15,Meta Ads
C110720,2025-11-18,Influencer
C110721,2025-01-20,Referral
C110722,2024-12-01,Organic
C110723,2025-09-11,Google Ads
C110724,2026-01-11,Meta Ads
C110725,2025-07-06,Organic
C110726,2025-12-10,Referral
C110727,2024-10-20,Meta Ads
C110728,2025-01-15,Google Ads
C110729,2025-01-18,Influencer
C110730,2025-02-12,Meta Ads
C110731,2025-05-10,Influencer
C110732,2025-07-31,Google Ads
C110733,2024-10-12,Influencer
C110734,2025-05-25,Meta Ads
C110735,2025-05-31,Meta Ads
C110736,2025-03-06,Influencer
C110737,2025-06-11,Influencer
C110738,2026-01-07,Organic
C110739,2025-12-07,Organic
C110740,2025-10-28,Google Ads
C110741,2025-08-06,Google Ads
C110742,2024-12-02,Meta Ads
C110743,2026-01-24,Google Ads
C110744,2024-11-28,Organic
C110745,2025-02-06,Referral
C110746,2025-07-05,Meta Ads
C110747,2025-07-28,Google Ads
C110748,2025-11-20,Organic
C110749,2025-05-04,Referral
C110750,2026-01-03,Meta Ads
C110751,2025-05-24,Referral
C110752,2024-10-17,Google Ads
C110753,2025-11-16,Google Ads
C110754,2025-04-21,Meta Ads
C110755,2025-04-13,Influencer
C110756,2025-07-14,Google Ads
C110757,2025-02-03,Influencer
C110758,2025-02-28,Google Ads
C110759,2026-01-22,Influencer
C110760,2025-11-24,Meta Ads
C110761,2024-10-19,Meta Ads
C110762,2025-01-21,Meta Ads
C110763,2024-12-30,Meta Ads
C110764,2025-07-17,Meta Ads
C110765,2024-11-05,Organic
C110766,2025-05-09,Google Ads
C110767,2024-12-30,Influencer
C110768,2025-05-10,Influencer
C110769,2025-11-22,Google Ads
C110770,2025-03-23,Meta Ads
C110771,2025-02-24,Meta Ads
C110772,2026-01-13,Google Ads
C110773,2025-12-06,Referral
C110774,2025-04-24,Meta Ads
C110775,2026-01-27,Meta Ads
C110776,2025-08-18,Meta Ads
C110777,2024-10-17,Organic
C110778,2025-03-09,Google Ads
C110779,2025-03-09,Google Ads
C110780,2025-02-23,Google Ads
C110781,2025-03-08,Google Ads
C110782,2025-05-04,Meta Ads
C110783,2024-12-10,Google Ads
C110784,2025-08-12,Google Ads
C110785,2024-10-05,Google Ads
C110786,2025-09-14,Meta Ads
C110787,2025-08-30,Google Ads
C110788,2025-09-29,Meta Ads
C110789,2025-07-01,Organic
C110790,2024-10-03,Meta Ads
C110791,2025-08-07,Organic
C110792,2025-01-04,Influencer
C110793,2024-11-10,Influencer
C110794,2025-09-09,Meta Ads
C110795,2025-09-11,Organic
C110796,2024-11-29,Meta Ads
C110797,2025-07-31,Referral
C110798,2026-01-09,Organic
C110799,2025-06-15,Google Ads
C110800,2024-12-31,Google Ads
C110801,2025-02-26,Meta Ads
C110802,2025-05-01,Organic
C110803,2025-11-14,Meta Ads
C110804,2025-01-12,Meta Ads
C110805,2025-10-29,Organic
C110806,2025-05-06,Meta Ads
C110807,2025-02-25,Meta Ads
C110808,2025-04-04,Google Ads
C110809,2025-12-14,Meta Ads
C110810,2025-12-31,Organic
C110811,2026-01-25,Meta Ads
C110812,2025-07-10,Google Ads
C110813,2025-06-16,Meta Ads
C110814,2025-10-20,Meta Ads
C110815,2024-11-29,Organic
C110816,2025-08-12,Google Ads
C110817,2026-01-11,Influencer
C110818,2025-04-22,Meta Ads
C110819,2025-05-30,Google Ads
C110820,2025-04-16,Google Ads
C110821,2024-10-27,Referral
C110822,2026-01-12,Meta Ads
C110823,2025-04-19,Influencer
C110824,2025-06-04,Organic
C110825,2025-10-02,Meta Ads
C110826,2025-05-07,Organic
C110827,2024-12-28,Meta Ads
C110828,2024-12-01,Influencer
C110829,2025-11-11,Influencer
C110830,2025-10-14,Organic
C110831,2024-12-25,Influencer
C110832,2025-08-10,Organic
C110833,2025-03-18,Google Ads
C110834,2025-01-21,Influencer
C110835,2025-11-30,Influencer
C110836,2025-12-09,Meta Ads
C110837,2025-07-24,Google Ads
C110838,2024-12-27,Organic
C110839,2025-10-27,Organic
C110840,2026-01-19,Influencer
C110841,2025-09-13,Meta Ads
C110842,2025-04-09,Influencer
C110843,2025-12-19,Meta Ads
C110844,2024-10-28,Organic
C110845,2025-10-31,Influencer
C110846,2025-08-31,Google Ads
C110847,2024-12-04,Influencer
C110848,2025-08-06,Google Ads
C110849,2025-07-31,Meta Ads
C110850,2025-01-22,Organic
C110851,2025-11-13,Meta Ads
C110852,2025-07-17,Google Ads
C110853,2025-04-07,Meta Ads
C110854,2025-05-13,Meta Ads
C110855,2025-12-20,Google Ads
C110856,2025-10-28,Referral
C110857,2025-12-17,Google Ads
C110858,2025-07-07,Meta Ads
C110859,2025-05-21,Meta Ads
C110860,2025-02-17,Organic
C110861,2025-04-20,Meta Ads
C110862,2025-06-24,Influencer
C110863,2025-08-14,Meta Ads
C110864,2025-07-06,Influencer
C110865,2024-11-03,Influencer
C110866,2025-05-07,Organic
C110867,2025-12-05,Meta Ads
C110868,2025-10-27,Meta Ads
C110869,2025-01-23,Meta Ads
C110870,2025-04-30,Influencer
C110871,2024-10-02,Meta Ads
C110872,2025-08-11,Organic
C110873,2025-02-06,Influencer
C110874,2025-03-17,Influencer
C110875,2025-05-24,Meta Ads
C110876,2025-04-30,Meta Ads
C110877,2025-03-15,Google Ads
C110878,2024-12-04,Meta Ads
C110879,2025-07-10,Influencer
C110880,2025-08-16,Influencer
C110881,2025-05-14,Organic
C110882,2025-11-16,Organic
C110883,2026-01-07,Meta Ads
C110884,2025-07-14,Meta Ads
C110885,2025-02-14,Influencer
C110886,2025-10-09,Influencer
C110887,2025-03-22,Meta Ads
C110888,2025-01-29,Google Ads
C110889,2025-01-29,Influencer
C110890,2024-11-12,Meta Ads
C110891,2024-10-30,Influencer
C110892,2024-10-23,Organic
C110893,2025-03-18,Influencer
C110894,2025-07-31,Organic
C110895,2025-08-15,Referral
C110896,2025-11-17,Meta Ads
C110897,2025-06-28,Meta Ads
C110898,2024-12-15,Google Ads
C110899,2024-11-29,Google Ads
C110900,2026-01-19,Google Ads
C110901,2025-07-04,Referral
C110902,2026-01-30,Meta Ads
C110903,2024-12-31,Referral
C110904,2025-09-06,Influencer
C110905,2026-01-23,Google Ads
C110906,2025-05-22,Influencer
C110907,2025-05-20,Referral
C110908,2024-12-18,Influencer
C110909,2026-02-11,Google Ads
C110910,2025-09-10,Organic
C110911,2025-12-31,Organic
C110912,2025-02-21,Meta Ads
C110913,2024-11-29,Referral
C110914,2025-01-11,Organic
C110915,2025-12-30,Google Ads
C110916,2024-12-31,Google Ads
C110917,2024-10-24,Google Ads
C110918,2025-10-02,Meta Ads
C110919,2026-01-19,Organic
C110920,2025-12-08,Meta Ads
C110921,2025-05-10,Google Ads
C110922,2025-06-07,Google Ads
C110923,2025-01-12,Organic
C110924,2026-01-13,Organic
C110925,2025-03-31,Meta Ads
C110926,2025-08-09,Organic
C110927,2025-12-02,Organic
C110928,2025-09-24,Google Ads
C110929,2025-01-03,Google Ads
C110930,2025-09-24,Referral
C110931,2025-03-06,Influencer
C110932,2026-01-24,Meta Ads
C110933,2025-02-28,Influencer
C110934,2025-02-07,Meta Ads
C110935,2024-11-14,Referral
C110936,2025-02-01,Google Ads
C110937,2025-10-23,Meta Ads
C110938,2025-04-22,Organic
C110939,2024-12-11,Meta Ads
C110940,2025-02-28,Organic
C110941,2025-07-22,Meta Ads
C110942,2024-10-29,Organic
C110943,2025-11-20,Google Ads
C110944,2025-11-26,Google Ads
C110945,2025-02-02,Meta Ads
C110946,2026-01-10,Google Ads
C110947,2025-04-08,Meta Ads
C110948,2025-02-19,Meta Ads
C110949,2025-01-28,Meta Ads
C110950,2025-10-17,Influencer
C110951,2026-01-14,Meta Ads
C110952,2025-11-12,Influencer
C110953,2025-04-24,Influencer
C110954,2025-09-23,Google Ads
C110955,2025-11-24,Organic
C110956,2025-09-10,Google Ads
C110957,2026-01-17,Organic
C110958,2025-10-10,Influencer
C110959,2026-01-10,Influencer
C110960,2025-09-14,Meta Ads
C110961,2025-05-11,Organic
C110962,2024-10-15,Organic
C110963,2025-08-01,Meta Ads
C110964,2025-01-20,Meta Ads
C110965,2025-03-11,Meta Ads
C110966,2025-08-28,Google Ads
C110967,2025-12-13,Influencer
C110968,2025-04-30,Google Ads
C110969,2025-02-14,Google Ads
C110970,2025-07-01,Influencer
C110971,2025-02-21,Influencer
C110972,2025-09-03,Organic
C110973,2025-10-11,Organic
C110974,2025-11-12,Influencer
C110975,2025-04-26,Influencer
C110976,2025-06-12,Meta Ads
C110977,2025-03-03,Google Ads
C110978,2025-09-25,Influencer
C110979,2025-09-15,Google Ads
C110980,2025-09-14,Meta Ads
C110981,2026-02-04,Meta Ads
C110982,2025-09-17,Influencer
C110983,2025-11-24,Google Ads
C110984,2025-10-18,Meta Ads
C110985,2024-10-20,Organic
C110986,2025-05-09,Meta Ads
C110987,2025-02-21,Referral
C110988,2025-02-05,Meta Ads
C110989,2025-12-01,Meta Ads
C110990,2025-01-24,Meta Ads
C110991,2025-05-12,Meta Ads
C110992,2024-12-18,Google Ads
C110993,2025-09-17,Meta Ads
C110994,2024-10-25,Organic
C110995,2025-06-26,Meta Ads
C110996,2025-09-12,Organic
C110997,2025-11-07,Influencer
C110998,2024-11-01,Organic
C110999,2024-11-10,Influencer
C111000,2025-07-02,Influencer
C111001,2025-06-19,Referral
C111002,2025-12-18,Influencer
C111003,2025-09-08,Organic
C111004,2025-09-01,Meta Ads
C111005,2025-11-24,Influencer
C111006,2024-11-24,Influencer
C111007,2024-10-01,Google Ads
C111008,2025-10-13,Meta Ads
C111009,2025-01-29,Organic
C111010,2024-11-11,Organic
C111011,2026-01-26,Meta Ads
C111012,2025-11-18,Google Ads
C111013,2025-10-05,Google Ads
C111014,2025-12-02,Google Ads
C111015,2026-01-24,Organic
C111016,2025-10-16,Meta Ads
C111017,2025-06-23,Meta Ads
C111018,2025-07-23,Google Ads
C111019,2025-07-17,Influencer
C111020,2025-10-21,Meta Ads
C111021,2024-10-20,Meta Ads
C111022,2025-01-28,Meta Ads
C111023,2025-09-02,Meta Ads
C111024,2025-01-07,Meta Ads
C111025,2024-10-03,Meta Ads
C111026,2025-06-30,Meta Ads
C111027,2024-10-10,Organic
C111028,2025-10-20,Meta Ads
C111029,2025-04-15,Referral
C111030,2025-06-26,Google Ads
C111031,2025-09-03,Meta Ads
C111032,2026-01-10,Google Ads
C111033,2025-09-10,Meta Ads
C111034,2025-05-10,Referral
C111035,2024-10-13,Google Ads
C111036,2026-01-01,Google Ads
C111037,2024-12-05,Meta Ads
C111038,2026-02-04,Meta Ads
C111039,2025-06-02,Google Ads
C111040,2025-03-20,Influencer
C111041,2024-12-14,Influencer
C111042,2025-03-24,Meta Ads
C111043,2025-10-10,Influencer
C111044,2025-05-07,Organic
C111045,2025-04-08,Meta Ads
C111046,2025-04-27,Google Ads
C111047,2025-08-03,Influencer
C111048,2025-11-17,Organic
C111049,2025-12-27,Influencer
C111050,2024-11-25,Google Ads
C111051,2025-05-15,Meta Ads
C111052,2025-08-05,Influencer
C111053,2025-05-13,Organic
C111054,2025-06-20,Organic
C111055,2025-06-01,Meta Ads
C111056,2026-01-24,Meta Ads
C111057,2025-03-26,Meta Ads
C111058,2025-09-26,Influencer
C111059,2025-01-01,Meta Ads
C111060,2026-01-09,Influencer
C111061,2025-09-10,Meta Ads
C111062,2025-09-02,Meta Ads
C111063,2025-06-10,Organic
C111064,2025-01-04,Influencer
C111065,2025-11-30,Meta Ads
C111066,2025-12-11,Meta Ads
C111067,2024-10-31,Meta Ads
C111068,2025-10-11,Referral
C111069,2025-06-11,Influencer
C111070,2025-08-22,Meta Ads
C111071,2024-10-12,Google Ads
C111072,2024-11-13,Meta Ads
C111073,2025-04-11,Organic
C111074,2024-12-23,Google Ads
C111075,2025-11-17,Google Ads
C111076,2025-12-02,Influencer
C111077,2025-12-09,Meta Ads
C111078,2025-11-24,Meta Ads
C111079,2025-10-11,Google Ads
C111080,2024-11-08,Meta Ads
C111081,2025-08-03,Meta Ads
C111082,2024-11-11,Meta Ads
C111083,2025-04-09,Influencer
C111084,2025-11-01,Influencer
C111085,2024-12-16,Meta Ads
C111086,2025-04-04,Google Ads
C111087,2025-10-31,Meta Ads
C111088,2025-09-09,Organic
C111089,2025-08-18,Influencer
C111090,2025-04-21,Google Ads
C111091,2025-07-16,Google Ads
C111092,2025-05-31,Google Ads
C111093,2025-04-24,Google Ads
C111094,2025-11-01,Google Ads
C111095,2024-12-10,Google Ads
C111096,2024-12-06,Influencer
C111097,2025-04-14,Meta Ads
C111098,2024-12-10,Referral
C111099,2025-04-22,Referral
C111100,2025-10-30,Influencer
C111101,2024-10-25,Meta Ads
C111102,2025-03-26,Meta Ads
C111103,2025-09-22,Referral
C111104,2025-09-07,Meta Ads
C111105,2025-04-28,Organic
C111106,2025-03-31,Meta Ads
C111107,2025-09-22,Meta Ads
C111108,2025-03-23,Meta Ads
C111109,2025-02-01,Organic
C111110,2026-01-13,Organic
C111111,2025-03-30,Organic
C111112,2025-08-17,Google Ads
C111113,2025-06-01,Meta Ads
C111114,2025-12-03,Meta Ads
C111115,2025-08-25,Google Ads
C111116,2026-01-14,Referral
C111117,2025-03-21,Google Ads
C111118,2025-10-12,Google Ads
C111119,2025-01-11,Meta Ads
C111120,2025-04-16,Meta Ads
C111121,2024-11-03,Organic
C111122,2024-11-30,Organic
C111123,2025-01-03,Organic
C111124,2025-08-31,Google Ads
C111125,2025-11-09,Meta Ads
C111126,2025-03-25,Influencer
C111127,2025-07-18,Organic
C111128,2024-10-19,Organic
C111129,2025-07-11,Google Ads
C111130,2025-04-29,Referral
C111131,2024-12-31,Google Ads
C111132,2025-05-30,Google Ads
C111133,2025-02-13,Meta Ads
C111134,2025-06-01,Google Ads
C111135,2025-09-22,Referral
C111136,2025-10-09,Influencer
C111137,2025-12-10,Google Ads
C111138,2025-03-20,Referral
C111139,2025-04-30,Meta Ads
C111140,2024-10-11,Referral
C111141,2025-12-17,Meta Ads
C111142,2024-12-21,Meta Ads
C111143,2025-02-14,Meta Ads
C111144,2025-02-18,Meta Ads
C111145,2025-02-03,Meta Ads
C111146,2024-10-15,Meta Ads
C111147,2025-11-16,Meta Ads
C111148,2025-02-21,Meta Ads
C111149,2024-12-25,Google Ads
C111150,2025-06-20,Influencer
C111151,2025-04-07,Google Ads
C111152,2025-09-13,Referral
C111153,2025-03-03,Referral
C111154,2025-05-03,Referral
C111155,2024-11-30,Google Ads
C111156,2025-06-05,Google Ads
C111157,2025-07-13,Meta Ads
C111158,2025-10-03,Google Ads
C111159,2025-07-30,Influencer
C111160,2025-01-10,Google Ads
C111161,2025-10-12,Meta Ads
C111162,2025-05-02,Google Ads
C111163,2025-10-27,Google Ads
C111164,2025-07-06,Influencer
C111165,2025-06-27,Google Ads
C111166,2024-11-15,Influencer
C111167,2025-11-08,Influencer
C111168,2025-12-15,Meta Ads
C111169,2025-09-25,Influencer
C111170,2024-10-24,Google Ads
C111171,2024-12-13,Organic
C111172,2025-07-28,Influencer
C111173,2026-01-27,Meta Ads
C111174,2026-01-18,Influencer
C111175,2024-12-25,Google Ads
C111176,2025-05-15,Google Ads
C111177,2025-07-08,Influencer
C111178,2025-09-04,Organic
C111179,2025-12-19,Google Ads
C111180,2024-10-08,Influencer
C111181,2025-05-07,Meta Ads
C111182,2025-02-06,Google Ads
C111183,2025-01-29,Influencer
C111184,2025-07-20,Organic
C111185,2025-05-07,Google Ads
C111186,2025-05-12,Influencer
C111187,2024-12-31,Meta Ads
C111188,2025-05-27,Meta Ads
C111189,2024-10-31,Influencer
C111190,2025-03-02,Google Ads
C111191,2025-09-22,Referral
C111192,2025-06-08,Google Ads
C111193,2025-08-11,Meta Ads
C111194,2025-05-31,Referral
C111195,2025-02-21,Google Ads
C111196,2025-10-20,Google Ads
C111197,2025-07-19,Meta Ads
C111198,2026-01-24,Organic
C111199,2025-01-02,Organic
C111200,2025-06-08,Organic
C111201,2026-02-04,Influencer
C111202,2026-01-08,Influencer
C111203,2025-10-26,Influencer
C111204,2025-10-17,Influencer
C111205,2025-07-13,Google Ads
C111206,2025-07-11,Organic
C111207,2026-02-06,Influencer
C111208,2025-11-14,Referral
C111209,2025-02-08,Meta Ads
C111210,2026-02-08,Meta Ads
C111211,2025-11-08,Influencer
C111212,2025-11-14,Google Ads
C111213,2025-02-04,Meta Ads
C111214,2025-06-29,Meta Ads
C111215,2025-04-19,Referral
C111216,2025-06-21,Organic
C111217,2024-10-10,Meta Ads
C111218,2025-11-02,Google Ads
C111219,2025-12-09,Meta Ads
C111220,2025-06-27,Meta Ads
C111221,2025-08-30,Referral
C111222,2025-04-03,Influencer
C111223,2025-11-27,Organic
C111224,2025-08-05,Organic
C111225,2025-07-31,Influencer
C111226,2024-10-20,Influencer
C111227,2025-11-19,Google Ads
C111228,2025-04-26,Referral
C111229,2025-12-18,Meta Ads
C111230,2025-11-15,Google Ads
C111231,2025-09-12,Influencer
C111232,2024-11-22,Organic
C111233,2025-01-21,Meta Ads
C111234,2026-02-03,Meta Ads
C111235,2024-12-08,Meta Ads
C111236,2025-03-21,Influencer
C111237,2025-04-13,Referral
C111238,2025-07-29,Meta Ads
C111239,2024-10-09,Organic
C111240,2024-11-02,Organic
C111241,2025-06-18,Meta Ads
C111242,2025-10-27,Meta Ads
C111243,2025-07-17,Organic
C111244,2025-04-14,Meta Ads
C111245,2025-08-23,Google Ads
C111246,2025-06-26,Meta Ads
C111247,2026-01-24,Meta Ads
C111248,2025-08-30,Meta Ads
C111249,2025-01-08,Meta Ads
C111250,2025-01-14,Meta Ads
C111251,2025-04-15,Google Ads
C111252,2025-02-25,Meta Ads
C111253,2025-10-23,Influencer
C111254,2024-10-22,Influencer
C111255,2025-08-31,Google Ads
C111256,2025-07-06,Google Ads
C111257,2025-05-24,Google Ads
C111258,2025-03-02,Meta Ads
C111259,2025-05-23,Referral
C111260,2025-06-19,Influencer
C111261,2025-06-13,Referral
C111262,2025-04-14,Meta Ads
C111263,2025-11-24,Google Ads
C111264,2025-11-07,Organic
C111265,2025-05-04,Organic
C111266,2025-02-19,Google Ads
C111267,2025-03-30,Meta Ads
C111268,2024-11-19,Organic
C111269,2026-01-28,Meta Ads
C111270,2025-11-04,Meta Ads
C111271,2024-12-19,Meta Ads
C111272,2025-03-07,Organic
C111273,2026-02-07,Organic
C111274,2024-12-22,Meta Ads
C111275,2025-01-10,Meta Ads
C111276,2025-09-22,Google Ads
C111277,2025-10-30,Meta Ads
C111278,2025-02-11,Google Ads
C111279,2024-11-16,Organic
C111280,2025-09-12,Influencer
C111281,2024-11-24,Referral
C111282,2025-09-09,Google Ads
C111283,2024-11-04,Google Ads
C111284,2025-07-13,Google Ads
C111285,2026-01-10,Google Ads
C111286,2025-05-30,Influencer
C111287,2025-04-10,Google Ads
C111288,2025-12-13,Google Ads
C111289,2024-10-08,Google Ads
C111290,2025-08-17,Referral
C111291,2026-02-04,Organic
C111292,2024-11-05,Meta Ads
C111293,2025-02-24,Referral
C111294,2025-12-16,Influencer
C111295,2025-04-04,Google Ads
C111296,2026-01-29,Referral
C111297,2024-11-23,Meta Ads
C111298,2025-09-15,Influencer
C111299,2025-07-04,Meta Ads
C111300,2025-02-11,Organic
C111301,2024-12-23,Google Ads
C111302,2024-11-06,Referral
C111303,2025-10-10,Influencer
C111304,2025-11-25,Google Ads
C111305,2025-01-22,Google Ads
C111306,2025-08-05,Organic
C111307,2024-10-21,Meta Ads
C111308,2025-09-22,Influencer
C111309,2025-03-10,Organic
C111310,2025-07-23,Meta Ads
C111311,2025-06-05,Google Ads
C111312,2026-02-05,Meta Ads
C111313,2025-04-19,Influencer
C111314,2024-11-14,Referral
C111315,2024-11-16,Google Ads
C111316,2025-08-08,Influencer
C111317,2025-02-03,Organic
C111318,2025-01-04,Google Ads
C111319,2025-08-15,Meta Ads
C111320,2025-07-10,Influencer
C111321,2024-12-02,Influencer
C111322,2026-02-07,Influencer
C111323,2024-11-10,Meta Ads
C111324,2025-10-18,Influencer
C111325,2024-10-29,Meta Ads
C111326,2025-04-11,Influencer
C111327,2025-09-08,Meta Ads
C111328,2025-02-15,Meta Ads
C111329,2025-06-05,Organic
C111330,2025-02-27,Meta Ads
C111331,2025-02-13,Influencer
C111332,2025-03-29,Google Ads
C111333,2025-09-21,Organic
C111334,2024-10-01,Meta Ads
C111335,2025-10-22,Google Ads
C111336,2026-01-04,Meta Ads
C111337,2025-11-02,Meta Ads
C111338,2026-01-26,Organic
C111339,2025-08-05,Meta Ads
C111340,2025-06-09,Organic
C111341,2025-11-29,Google Ads
C111342,2026-01-16,Google Ads
C111343,2025-12-11,Referral
C111344,2026-01-15,Referral
C111345,2025-12-24,Meta Ads
C111346,2024-12-06,Google Ads
C111347,2025-05-01,Meta Ads
C111348,2025-06-09,Google Ads
C111349,2025-11-16,Influencer
C111350,2025-04-08,Meta Ads
C111351,2025-06-19,Meta Ads
C111352,2025-10-30,Google Ads
C111353,2025-11-23,Influencer
C111354,2025-01-30,Organic
C111355,2024-12-01,Google Ads
C111356,2025-11-12,Meta Ads
C111357,2026-01-19,Influencer
C111358,2025-04-25,Organic
C111359,2025-06-18,Meta Ads
C111360,2025-03-25,Google Ads
C111361,2026-02-07,Organic
C111362,2025-08-14,Meta Ads
C111363,2025-11-04,Google Ads
C111364,2025-11-28,Google Ads
C111365,2025-04-13,Meta Ads
C111366,2025-05-31,Organic
C111367,2026-01-05,Influencer
C111368,2025-02-19,Referral
C111369,2025-11-18,Meta Ads
C111370,2025-07-18,Meta Ads
C111371,2024-11-26,Google Ads
C111372,2024-11-28,Organic
C111373,2025-11-15,Google Ads
C111374,2026-01-11,Influencer
C111375,2025-07-30,Organic
C111376,2024-12-30,Meta Ads
C111377,2025-03-25,Google Ads
C111378,2025-11-14,Influencer
C111379,2025-12-14,Influencer
C111380,2025-02-20,Referral
C111381,2025-10-02,Meta Ads
C111382,2025-10-30,Organic
C111383,2025-03-24,Google Ads
C111384,2026-01-08,Google Ads
C111385,2025-09-17,Organic
C111386,2025-04-02,Meta Ads
C111387,2025-09-19,Influencer
C111388,2025-09-12,Meta Ads
C111389,2025-04-18,Google Ads
C111390,2025-08-22,Influencer
C111391,2025-08-22,Influencer
C111392,2025-12-16,Referral
C111393,2025-05-09,Influencer
C111394,2025-12-26,Influencer
C111395,2026-01-21,Referral
C111396,2025-03-06,Referral
C111397,2024-10-13,Organic
C111398,2025-10-20,Organic
C111399,2025-01-04,Influencer
C111400,2026-01-22,Meta Ads
C111401,2025-11-18,Meta Ads
C111402,2025-12-04,Google Ads
C111403,2025-12-05,Meta Ads
C111404,2025-01-08,Google Ads
C111405,2025-10-11,Google Ads
C111406,2025-01-06,Influencer
C111407,2025-05-02,Organic
C111408,2025-09-05,Influencer
C111409,2025-06-02,Google Ads
C111410,2025-04-19,Google Ads
C111411,2025-06-18,Google Ads
C111412,2025-10-21,Google Ads
C111413,2024-12-02,Meta Ads
C111414,2025-06-15,Meta Ads
C111415,2024-10-04,Organic
C111416,2025-01-18,Organic
C111417,2025-07-12,Meta Ads
C111418,2025-01-24,Google Ads
C111419,2024-12-10,Influencer
C111420,2025-10-01,Referral
C111421,2025-04-05,Google Ads
C111422,2025-11-11,Meta Ads
C111423,2025-11-09,Google Ads
C111424,2024-12-29,Referral
C111425,2025-02-09,Google Ads
C111426,2025-10-28,Influencer
C111427,2025-09-04,Meta Ads
C111428,2025-11-29,Organic
C111429,2024-11-18,Organic
C111430,2025-11-27,Google Ads
C111431,2026-02-09,Meta Ads
C111432,2025-11-03,Meta Ads
C111433,2025-01-24,Google Ads
C111434,2025-04-11,Google Ads
C111435,2025-12-08,Organic
C111436,2025-02-21,Influencer
C111437,2024-10-30,Meta Ads
C111438,2024-10-26,Google Ads
C111439,2025-08-14,Meta Ads
C111440,2024-12-30,Organic
C111441,2025-12-05,Influencer
C111442,2025-03-09,Meta Ads
C111443,2025-01-18,Influencer
C111444,2024-10-13,Google Ads
C111445,2025-12-25,Google Ads
C111446,2025-09-13,Google Ads
C111447,2025-02-16,Meta Ads
C111448,2025-03-03,Google Ads
C111449,2025-07-18,Influencer
C111450,2024-10-05,Google Ads
C111451,2025-03-10,Organic
C111452,2025-02-22,Organic
C111453,2025-11-05,Google Ads
C111454,2025-05-05,Organic
C111455,2025-03-08,Organic
C111456,2025-09-01,Organic
C111457,2025-05-09,Meta Ads
C111458,2025-11-24,Meta Ads
C111459,2024-11-21,Google Ads
C111460,2025-07-27,Meta Ads
C111461,2025-11-13,Google Ads
C111462,2026-01-25,Google Ads
C111463,2025-03-04,Organic
C111464,2025-11-13,Meta Ads
C111465,2024-10-08,Google Ads
C111466,2025-05-31,Meta Ads
C111467,2024-12-16,Meta Ads
C111468,2025-05-16,Influencer
C111469,2025-06-09,Meta Ads
C111470,2025-12-06,Google Ads
C111471,2024-11-30,Organic
C111472,2025-10-21,Organic
C111473,2025-05-21,Influencer
C111474,2026-01-23,Meta Ads
C111475,2025-02-01,Meta Ads
C111476,2025-09-03,Referral
C111477,2025-11-10,Google Ads
C111478,2024-11-27,Meta Ads
C111479,2024-11-03,Google Ads
C111480,2025-08-30,Referral
C111481,2024-10-11,Google Ads
C111482,2025-02-19,Organic
C111483,2026-01-20,Meta Ads
C111484,2025-06-16,Organic
C111485,2025-07-18,Influencer
C111486,2025-05-04,Meta Ads
C111487,2025-05-24,Organic
C111488,2026-01-03,Meta Ads
C111489,2024-12-12,Meta Ads
C111490,2026-02-01,Organic
C111491,2025-07-24,Meta Ads
C111492,2025-02-05,Organic
C111493,2025-06-28,Meta Ads
C111494,2025-10-24,Google Ads
C111495,2025-08-15,Google Ads
C111496,2025-04-04,Google Ads
C111497,2025-03-07,Google Ads
C111498,2025-01-10,Meta Ads
C111499,2025-04-04,Google Ads
C111500,2025-01-14,Organic
C111501,2025-10-18,Organic
C111502,2025-04-07,Google Ads
C111503,2024-10-28,Meta Ads
C111504,2025-11-26,Organic
C111505,2026-02-12,Influencer
C111506,2025-05-11,Influencer
C111507,2025-03-03,Influencer
C111508,2025-09-18,Organic
C111509,2025-06-04,Influencer
C111510,2026-02-01,Meta Ads
C111511,2026-01-21,Organic
C111512,2025-05-23,Organic
C111513,2025-12-04,Organic
C111514,2025-06-23,Organic
C111515,2025-02-11,Organic
C111516,2025-10-17,Influencer
C111517,2025-09-28,Influencer
C111518,2025-05-29,Google Ads
C111519,2025-10-01,Organic
C111520,2025-02-13,Meta Ads
C111521,2025-10-18,Meta Ads
C111522,2024-12-22,Meta Ads
C111523,2026-02-10,Meta Ads
C111524,2025-10-21,Google Ads
C111525,2024-10-12,Organic
C111526,2025-05-13,Organic
C111527,2025-10-26,Meta Ads
C111528,2025-11-05,Meta Ads
C111529,2025-11-27,Influencer
C111530,2025-08-31,Organic
C111531,2026-01-25,Google Ads
C111532,2025-03-16,Meta Ads
C111533,2024-12-18,Meta Ads
C111534,2025-04-29,Influencer
C111535,2025-09-16,Google Ads
C111536,2025-07-29,Meta Ads
C111537,2025-02-14,Meta Ads
C111538,2025-04-06,Organic
C111539,2025-05-03,Meta Ads
C111540,2025-02-07,Google Ads
C111541,2025-09-23,Organic
C111542,2025-09-07,Organic
C111543,2025-03-12,Meta Ads
C111544,2025-09-19,Organic
C111545,2025-04-05,Meta Ads
C111546,2025-12-07,Influencer
C111547,2026-02-06,Google Ads
C111548,2025-04-28,Organic
C111549,2024-11-25,Meta Ads
C111550,2024-10-12,Meta Ads
C111551,2025-06-09,Google Ads
C111552,2025-05-27,Meta Ads
C111553,2025-06-27,Google Ads
C111554,2025-02-11,Meta Ads
C111555,2025-07-23,Referral
C111556,2026-01-26,Meta Ads
C111557,2025-01-01,Meta Ads
C111558,2024-11-22,Google Ads
C111559,2025-05-28,Organic
C111560,2024-11-29,Influencer
C111561,2025-05-30,Google Ads
C111562,2025-02-10,Meta Ads
C111563,2025-04-25,Influencer
C111564,2025-06-18,Organic
C111565,2024-12-04,Meta Ads
C111566,2026-02-09,Google Ads
C111567,2025-06-27,Meta Ads
C111568,2025-01-05,Influencer
C111569,2025-06-07,Meta Ads
C111570,2024-11-18,Google Ads
C111571,2025-05-13,Google Ads
C111572,2026-01-06,Meta Ads
C111573,2025-05-16,Meta Ads
C111574,2025-06-02,Meta Ads
C111575,2025-07-08,Google Ads
C111576,2026-01-29,Google Ads
C111577,2025-07-17,Referral
C111578,2025-03-18,Google Ads
C111579,2025-11-01,Meta Ads
C111580,2025-06-05,Meta Ads
C111581,2025-09-26,Meta Ads
C111582,2025-05-23,Influencer
C111583,2026-01-13,Influencer
C111584,2024-11-15,Organic
C111585,2025-08-06,Google Ads
C111586,2024-11-04,Organic
C111587,2024-12-27,Organic
C111588,2024-11-20,Organic
C111589,2025-01-10,Meta Ads
C111590,2025-12-04,Influencer
C111591,2025-07-14,Google Ads
C111592,2025-12-09,Meta Ads
C111593,2024-11-03,Meta Ads
C111594,2025-11-16,Google Ads
C111595,2024-12-06,Referral
C111596,2024-10-22,Meta Ads
C111597,2025-05-14,Meta Ads
C111598,2025-09-25,Google Ads
C111599,2024-10-07,Google Ads
C111600,2025-08-12,Meta Ads
C111601,2024-11-19,Meta Ads
C111602,2025-08-06,Meta Ads
C111603,2025-11-08,Google Ads
C111604,2025-03-29,Meta Ads
C111605,2026-01-22,Meta Ads
C111606,2024-12-29,Organic
C111607,2024-10-30,Meta Ads
C111608,2025-08-16,Meta Ads
C111609,2025-09-22,Referral
C111610,2025-12-01,Meta Ads
C111611,2024-12-29,Referral
C111612,2025-09-17,Organic
C111613,2025-03-15,Meta Ads
C111614,2024-11-27,Organic
C111615,2025-11-25,Meta Ads
C111616,2025-03-04,Meta Ads
C111617,2025-12-14,Organic
C111618,2025-03-17,Meta Ads
C111619,2025-10-11,Meta Ads
C111620,2025-10-07,Meta Ads
C111621,2025-04-25,Google Ads
C111622,2025-11-23,Referral
C111623,2025-07-16,Meta Ads
C111624,2025-11-10,Google Ads
C111625,2024-12-12,Meta Ads
C111626,2025-01-05,Meta Ads
C111627,2025-11-11,Organic
C111628,2025-10-18,Influencer
C111629,2025-07-18,Organic
C111630,2025-01-28,Google Ads
C111631,2025-10-16,Google Ads
C111632,2025-05-06,Meta Ads
C111633,2024-11-13,Meta Ads
C111634,2026-02-03,Influencer
C111635,2025-03-30,Google Ads
C111636,2025-01-07,Influencer
C111637,2025-05-18,Meta Ads
C111638,2025-06-07,Influencer
C111639,2025-11-28,Organic
C111640,2025-09-17,Meta Ads
C111641,2025-04-02,Organic
C111642,2025-02-26,Referral
C111643,2025-10-27,Influencer
C111644,2025-01-01,Influencer
C111645,2025-10-01,Referral
C111646,2025-03-04,Meta Ads
C111647,2026-01-08,Meta Ads
C111648,2024-12-10,Meta Ads
C111649,2025-09-07,Meta Ads
C111650,2024-12-23,Referral
C111651,2025-01-30,Google Ads
C111652,2025-10-29,Meta Ads
C111653,2025-05-29,Meta Ads
C111654,2025-09-14,Influencer
C111655,2025-12-10,Organic
C111656,2025-11-14,Meta Ads
C111657,2025-06-07,Influencer
C111658,2025-04-12,Influencer
C111659,2025-05-26,Influencer
C111660,2024-10-21,Organic
C111661,2025-01-30,Google Ads
C111662,2025-12-04,Organic
C111663,2024-10-15,Meta Ads
C111664,2025-09-10,Google Ads
C111665,2025-05-15,Meta Ads
C111666,2025-09-09,Influencer
C111667,2024-10-10,Google Ads
C111668,2024-12-08,Influencer
C111669,2025-06-14,Organic
C111670,2024-10-20,Referral
C111671,2025-08-08,Google Ads
C111672,2025-01-29,Organic
C111673,2025-11-29,Meta Ads
C111674,2024-10-07,Influencer
C111675,2026-01-21,Influencer
C111676,2025-10-21,Meta Ads
C111677,2025-10-27,Google Ads
C111678,2025-05-13,Referral
C111679,2024-10-04,Google Ads
C111680,2026-01-13,Google Ads
C111681,2025-03-29,Referral
C111682,2025-04-28,Google Ads
C111683,2025-12-16,Organic
C111684,2025-11-27,Meta Ads
C111685,2025-08-03,Meta Ads
C111686,2025-07-28,Influencer
C111687,2024-12-23,Meta Ads
C111688,2024-10-02,Organic
C111689,2025-09-16,Meta Ads
C111690,2025-07-03,Google Ads
C111691,2024-12-04,Meta Ads
C111692,2025-12-23,Meta Ads
C111693,2025-09-30,Meta Ads
C111694,2025-05-18,Meta Ads
C111695,2024-12-22,Google Ads
C111696,2024-11-02,Meta Ads
C111697,2025-03-07,Meta Ads
C111698,2024-10-06,Referral
C111699,2025-08-24,Google Ads
C111700,2024-12-28,Referral
C111701,2025-03-24,Meta Ads
C111702,2025-06-10,Organic
C111703,2025-06-14,Meta Ads
C111704,2025-01-25,Referral
C111705,2026-01-06,Referral
C111706,2025-04-27,Meta Ads
C111707,2025-08-28,Influencer
C111708,2025-12-08,Organic
C111709,2025-05-10,Google Ads
C111710,2024-11-12,Organic
C111711,2025-07-10,Google Ads
C111712,2026-01-07,Influencer
C111713,2025-06-30,Meta Ads
C111714,2025-09-11,Influencer
C111715,2025-08-12,Organic
C111716,2025-09-16,Influencer
C111717,2026-01-05,Google Ads
C111718,2024-10-16,Meta Ads
C111719,2025-01-30,Meta Ads
C111720,2025-06-15,Meta Ads
C111721,2025-10-09,Google Ads
C111722,2024-12-24,Google Ads
C111723,2025-11-21,Google Ads
C111724,2025-12-25,Google Ads
C111725,2025-03-07,Meta Ads
C111726,2025-05-02,Influencer
C111727,2024-12-01,Organic
C111728,2026-01-01,Meta Ads
C111729,2024-11-23,Organic
C111730,2025-01-15,Google Ads
C111731,2025-04-01,Google Ads
C111732,2024-12-17,Meta Ads
C111733,2025-08-04,Meta Ads
C111734,2025-03-28,Organic
C111735,2025-11-13,Influencer
C111736,2025-01-07,Influencer
C111737,2025-09-17,Google Ads
C111738,2025-05-01,Meta Ads
C111739,2025-03-07,Meta Ads
C111740,2024-10-09,Meta Ads
C111741,2025-07-10,Organic
C111742,2024-12-12,Google Ads
C111743,2025-08-20,Influencer
C111744,2024-11-13,Influencer
C111745,2025-04-12,Referral
C111746,2025-06-18,Meta Ads
C111747,2025-08-22,Organic
C111748,2025-05-10,Google Ads
C111749,2025-08-25,Organic
C111750,2025-03-27,Influencer
C111751,2025-05-20,Influencer
C111752,2025-05-21,Meta Ads
C111753,2025-10-21,Meta Ads
C111754,2025-11-03,Organic
C111755,2025-08-22,Google Ads
C111756,2024-12-26,Meta Ads
C111757,2025-05-11,Organic
C111758,2025-03-01,Meta Ads
C111759,2025-10-27,Influencer
C111760,2025-06-27,Influencer
C111761,2025-09-13,Google Ads
C111762,2025-04-20,Organic
C111763,2025-06-09,Meta Ads
C111764,2025-12-16,Meta Ads
C111765,2025-05-09,Google Ads
C111766,2025-12-26,Google Ads
C111767,2025-02-01,Google Ads
C111768,2025-02-14,Meta Ads
C111769,2025-06-12,Organic
C111770,2025-03-23,Google Ads
C111771,2025-03-18,Meta Ads
C111772,2025-05-16,Referral
C111773,2025-07-14,Google Ads
C111774,2025-02-19,Meta Ads
C111775,2026-01-03,Organic
C111776,2025-07-03,Influencer
C111777,2025-10-24,Google Ads
C111778,2025-04-08,Google Ads
C111779,2025-03-24,Meta Ads
C111780,2025-11-21,Meta Ads
C111781,2025-10-20,Referral
C111782,2025-08-13,Meta Ads
C111783,2024-11-10,Meta Ads
C111784,2025-11-07,Referral
C111785,2025-04-17,Meta Ads
C111786,2025-06-18,Meta Ads
C111787,2025-01-24,Influencer
C111788,2024-11-30,Meta Ads
C111789,2025-02-13,Google Ads
C111790,2025-11-17,Meta Ads
C111791,2024-12-25,Meta Ads
C111792,2026-01-02,Meta Ads
C111793,2024-10-23,Influencer
C111794,2025-04-13,Meta Ads
C111795,2024-10-21,Organic
C111796,2025-05-18,Influencer
C111797,2026-02-05,Meta Ads
C111798,2025-05-06,Meta Ads
C111799,2024-12-04,Organic
C111800,2025-03-05,Organic
C111801,2025-01-01,Google Ads
C111802,2025-12-28,Google Ads
C111803,2025-03-27,Organic
C111804,2025-01-08,Meta Ads
C111805,2025-06-14,Organic
C111806,2025-09-27,Meta Ads
C111807,2025-08-27,Meta Ads
C111808,2025-09-11,Meta Ads
C111809,2024-11-23,Organic
C111810,2024-10-28,Meta Ads
C111811,2025-06-17,Google Ads
C111812,2025-03-12,Organic
C111813,2024-10-02,Meta Ads
C111814,2025-12-02,Influencer
C111815,2025-09-15,Influencer
C111816,2025-11-04,Organic
C111817,2024-12-21,Influencer
C111818,2025-06-20,Google Ads
C111819,2025-05-16,Influencer
C111820,2024-12-16,Google Ads
C111821,2024-11-17,Influencer
C111822,2025-08-31,Google Ads
C111823,2024-10-15,Google Ads
C111824,2025-12-07,Organic
C111825,2025-05-31,Referral
C111826,2025-11-11,Influencer
C111827,2024-10-03,Meta Ads
C111828,2024-12-22,Google Ads
C111829,2024-12-28,Organic
C111830,2025-08-18,Organic
C111831,2026-01-01,Meta Ads
C111832,2025-06-01,Meta Ads
C111833,2024-11-04,Organic
C111834,2025-02-26,Meta Ads
C111835,2025-05-20,Google Ads
C111836,2025-05-13,Influencer
C111837,2025-04-18,Meta Ads
C111838,2025-04-16,Google Ads
C111839,2024-11-11,Meta Ads
C111840,2025-06-25,Meta Ads
C111841,2025-05-10,Google Ads
C111842,2025-04-09,Organic
C111843,2025-10-21,Referral
C111844,2025-12-07,Google Ads
C111845,2025-03-23,Meta Ads
C111846,2025-01-29,Meta Ads
C111847,2024-12-15,Organic
C111848,2025-11-20,Influencer
C111849,2025-02-26,Influencer
C111850,2026-01-01,Meta Ads
C111851,2025-04-04,Google Ads
C111852,2024-12-01,Influencer
C111853,2025-09-06,Referral
C111854,2024-11-12,Meta Ads
C111855,2024-11-11,Organic
C111856,2024-12-26,Influencer
C111857,2024-12-12,Influencer
C111858,2025-01-19,Google Ads
C111859,2025-02-25,Meta Ads
C111860,2025-09-06,Meta Ads
C111861,2025-06-15,Organic
C111862,2025-11-06,Influencer
C111863,2025-07-11,Google Ads
C111864,2024-10-30,Meta Ads
C111865,2025-06-01,Google Ads
C111866,2025-12-01,Referral
C111867,2025-04-08,Meta Ads
C111868,2025-03-11,Google Ads
C111869,2025-12-18,Google Ads
C111870,2025-03-25,Influencer
C111871,2025-03-12,Organic
C111872,2025-03-21,Organic
C111873,2025-08-02,Meta Ads
C111874,2025-01-07,Meta Ads
C111875,2025-05-04,Influencer
C111876,2024-11-26,Organic
C111877,2026-01-10,Influencer
C111878,2025-07-29,Meta Ads
C111879,2025-07-12,Meta Ads
C111880,2025-12-03,Meta Ads
C111881,2025-06-25,Meta Ads
C111882,2024-11-21,Meta Ads
C111883,2024-12-23,Meta Ads
C111884,2025-03-30,Google Ads
C111885,2025-06-07,Google Ads
C111886,2025-06-07,Meta Ads
C111887,2026-01-20,Influencer
C111888,2024-12-03,Referral
C111889,2025-12-01,Google Ads
C111890,2024-10-09,Meta Ads
C111891,2025-06-17,Meta Ads
C111892,2026-01-15,Google Ads
C111893,2025-07-19,Organic
C111894,2025-02-06,Meta Ads
C111895,2024-10-25,Meta Ads
C111896,2025-09-10,Google Ads
C111897,2024-12-17,Organic
C111898,2024-12-25,Organic
C111899,2025-04-18,Organic
C111900,2024-11-25,Meta Ads
C111901,2024-12-27,Meta Ads
C111902,2025-12-11,Google Ads
C111903,2024-10-30,Influencer
C111904,2025-08-21,Google Ads
C111905,2025-04-06,Meta Ads
C111906,2025-01-31,Organic
C111907,2025-10-29,Meta Ads
C111908,2024-12-18,Influencer
C111909,2026-01-01,Organic
C111910,2025-02-22,Meta Ads
C111911,2025-02-11,Meta Ads
C111912,2025-06-22,Google Ads
C111913,2025-05-23,Meta Ads
C111914,2025-04-07,Organic
C111915,2026-02-05,Organic
C111916,2025-09-05,Google Ads
C111917,2025-07-09,Meta Ads
C111918,2026-01-11,Google Ads
C111919,2025-06-18,Referral
C111920,2025-01-23,Influencer
C111921,2026-02-04,Influencer
C111922,2024-12-25,Google Ads
C111923,2025-04-30,Referral
C111924,2025-03-10,Meta Ads
C111925,2025-08-25,Meta Ads
C111926,2025-02-03,Meta Ads
C111927,2025-12-30,Meta Ads
C111928,2024-12-20,Influencer
C111929,2025-09-27,Meta Ads
C111930,2025-04-14,Google Ads
C111931,2025-09-29,Meta Ads
C111932,2025-05-10,Influencer
C111933,2025-02-07,Organic
C111934,2025-04-14,Meta Ads
C111935,2026-01-29,Google Ads
C111936,2025-07-23,Google Ads
C111937,2024-11-06,Meta Ads
C111938,2025-06-01,Organic
C111939,2025-03-31,Organic
C111940,2024-10-02,Meta Ads
C111941,2025-02-14,Meta Ads
C111942,2025-02-20,Meta Ads
C111943,2025-05-27,Google Ads
C111944,2025-06-03,Organic
C111945,2026-01-24,Organic
C111946,2025-08-27,Google Ads
C111947,2024-10-28,Influencer
C111948,2025-07-03,Meta Ads
C111949,2025-03-16,Google Ads
C111950,2025-10-15,Google Ads
C111951,2025-11-24,Organic
C111952,2024-12-10,Google Ads
C111953,2025-12-10,Google Ads
C111954,2024-11-07,Referral
C111955,2025-10-13,Meta Ads
C111956,2025-11-12,Google Ads
C111957,2024-10-14,Meta Ads
C111958,2025-12-30,Influencer
C111959,2025-04-02,Meta Ads
C111960,2025-01-20,Google Ads
C111961,2025-02-07,Google Ads
C111962,2025-04-20,Meta Ads
C111963,2025-07-06,Meta Ads
C111964,2025-05-12,Influencer
C111965,2025-04-14,Meta Ads
C111966,2025-02-21,Meta Ads
C111967,2025-06-16,Google Ads
C111968,2025-12-21,Referral
C111969,2025-11-20,Meta Ads
C111970,2025-04-19,Influencer
C111971,2025-06-03,Meta Ads
C111972,2025-10-15,Meta Ads
C111973,2024-10-24,Google Ads
C111974,2024-11-30,Influencer
C111975,2026-02-05,Meta Ads
C111976,2025-02-15,Google Ads
C111977,2024-11-12,Meta Ads
C111978,2025-10-02,Google Ads
C111979,2025-04-09,Organic
C111980,2025-11-16,Organic
C111981,2025-04-28,Organic
C111982,2025-06-18,Influencer
C111983,2024-11-21,Google Ads
C111984,2024-10-05,Google Ads
C111985,2025-05-19,Meta Ads
C111986,2026-01-31,Referral
C111987,2025-10-28,Organic
C111988,2026-01-19,Meta Ads
C111989,2025-12-18,Google Ads
C111990,2025-01-08,Meta Ads
C111991,2025-09-22,Organic
C111992,2025-07-27,Organic
C111993,2024-10-04,Influencer
C111994,2025-12-31,Meta Ads
C111995,2026-02-02,Google Ads
C111996,2025-07-11,Meta Ads
C111997,2026-01-18,Organic
C111998,2025-01-01,Meta Ads
C111999,2024-11-24,Influencer
C112000,2025-03-20,Influencer
C112001,2024-10-17,Meta Ads
C112002,2024-10-22,Influencer
C112003,2024-10-28,Meta Ads
C112004,2025-12-29,Meta Ads
C112005,2025-05-03,Organic
C112006,2025-02-12,Influencer
C112007,2025-07-26,Google Ads
C112008,2025-02-25,Google Ads
C112009,2025-04-28,Organic
C112010,2024-11-01,Influencer
C112011,2025-06-05,Google Ads
C112012,2025-08-21,Meta Ads
C112013,2024-10-16,Meta Ads
C112014,2025-01-12,Google Ads
C112015,2025-08-31,Influencer
C112016,2025-01-09,Meta Ads
C112017,2025-05-24,Meta Ads
C112018,2024-12-12,Influencer
C112019,2025-09-20,Google Ads
C112020,2025-01-05,Organic
C112021,2025-06-23,Meta Ads
C112022,2025-12-04,Influencer
C112023,2025-03-20,Meta Ads
C112024,2025-12-25,Influencer
C112025,2025-08-05,Influencer
C112026,2025-09-18,Referral
C112027,2025-11-12,Influencer
C112028,2025-07-14,Influencer
C112029,2024-11-29,Organic
C112030,2025-12-05,Organic
C112031,2025-11-30,Meta Ads
C112032,2025-10-10,Referral
C112033,2025-12-26,Google Ads
C112034,2024-12-28,Meta Ads
C112035,2025-05-25,Google Ads
C112036,2025-06-09,Meta Ads
C112037,2025-11-01,Meta Ads
C112038,2024-11-04,Organic
C112039,2024-10-28,Organic
C112040,2025-03-08,Influencer
C112041,2025-05-08,Meta Ads
C112042,2025-07-05,Meta Ads
C112043,2026-02-10,Google Ads
C112044,2025-12-06,Meta Ads
C112045,2025-10-24,Meta Ads
C112046,2025-08-14,Meta Ads
C112047,2025-03-31,Google Ads
C112048,2025-10-06,Meta Ads
C112049,2025-09-02,Meta Ads
C112050,2025-02-18,Meta Ads
C112051,2026-01-11,Meta Ads
C112052,2025-05-25,Google Ads
C112053,2025-09-18,Google Ads
C112054,2025-03-01,Meta Ads
C112055,2025-07-29,Influencer
C112056,2025-01-13,Influencer
C112057,2025-04-12,Meta Ads
C112058,2025-09-14,Google Ads
C112059,2024-11-26,Meta Ads
C112060,2024-12-15,Referral
C112061,2025-10-07,Meta Ads
C112062,2025-12-13,Referral
C112063,2025-09-25,Google Ads
C112064,2025-12-02,Google Ads
C112065,2026-01-21,Meta Ads
C112066,2025-12-31,Meta Ads
C112067,2025-11-29,Meta Ads
C112068,2025-05-13,Meta Ads
C112069,2026-01-07,Google Ads
C112070,2025-04-25,Google Ads
C112071,2024-10-18,Influencer
C112072,2025-09-30,Meta Ads
C112073,2025-01-02,Meta Ads
C112074,2025-08-12,Organic
C112075,2024-12-15,Google Ads
C112076,2025-12-21,Influencer
C112077,2024-11-11,Referral
C112078,2025-02-25,Google Ads
C112079,2024-12-15,Google Ads
C112080,2025-01-30,Google Ads
C112081,2024-12-22,Organic
C112082,2026-01-13,Organic
C112083,2025-12-11,Organic
C112084,2025-07-11,Influencer
C112085,2024-12-13,Organic
C112086,2025-04-04,Google Ads
C112087,2026-01-30,Organic
C112088,2025-01-25,Referral
C112089,2025-07-28,Influencer
C112090,2025-01-08,Google Ads
C112091,2025-10-16,Google Ads
C112092,2026-01-07,Meta Ads
C112093,2024-12-30,Google Ads
C112094,2025-02-19,Meta Ads
C112095,2025-01-03,Meta Ads
C112096,2025-06-19,Influencer
C112097,2025-12-27,Meta Ads
C112098,2024-12-05,Organic
C112099,2026-01-29,Meta Ads
C112100,2025-05-08,Meta Ads
C112101,2025-05-16,Google Ads
C112102,2024-11-23,Meta Ads
C112103,2025-11-21,Influencer
C112104,2025-10-10,Meta Ads
C112105,2024-12-18,Influencer
C112106,2025-06-11,Referral
C112107,2026-02-04,Meta Ads
C112108,2025-09-16,Organic
C112109,2025-12-24,Influencer
C112110,2025-08-21,Google Ads
C112111,2026-01-16,Organic
C112112,2025-07-26,Meta Ads
C112113,2025-05-06,Organic
C112114,2025-11-03,Google Ads
C112115,2025-11-27,Organic
C112116,2026-01-10,Organic
C112117,2025-01-24,Referral
C112118,2025-08-21,Meta Ads
C112119,2025-05-23,Referral
C112120,2025-06-11,Meta Ads
C112121,2025-01-01,Influencer
C112122,2025-10-14,Referral
C112123,2026-02-01,Meta Ads
C112124,2024-10-05,Google Ads
C112125,2025-08-18,Influencer
C112126,2025-05-20,Organic
C112127,2025-03-13,Referral
C112128,2025-12-06,Meta Ads
C112129,2025-04-06,Organic
C112130,2025-09-20,Google Ads
C112131,2025-09-02,Meta Ads
C112132,2025-05-15,Influencer
C112133,2026-01-26,Organic
C112134,2025-06-28,Referral
C112135,2024-10-28,Meta Ads
C112136,2025-09-10,Google Ads
C112137,2025-12-11,Meta Ads
C112138,2025-09-14,Google Ads
C112139,2024-12-31,Influencer
C112140,2025-01-25,Meta Ads
C112141,2026-02-10,Meta Ads
C112142,2025-08-14,Meta Ads
C112143,2025-05-17,Organic
C112144,2025-04-12,Google Ads
C112145,2025-01-21,Influencer
C112146,2025-06-30,Referral
C112147,2025-09-10,Organic
C112148,2025-01-04,Meta Ads
C112149,2024-12-16,Organic
C112150,2026-01-30,Google Ads
C112151,2025-06-07,Meta Ads
C112152,2025-05-13,Organic
C112153,2025-05-04,Google Ads
C112154,2024-10-17,Organic
C112155,2025-10-22,Meta Ads
C112156,2025-06-20,Influencer
C112157,2025-06-10,Meta Ads
C112158,2025-05-29,Organic
C112159,2025-05-21,Meta Ads
C112160,2025-06-21,Organic
C112161,2024-10-29,Meta Ads
C112162,2025-09-25,Meta Ads
C112163,2025-09-04,Organic
C112164,2025-08-31,Meta Ads
C112165,2025-03-20,Meta Ads
C112166,2025-05-02,Organic
C112167,2025-12-12,Influencer
C112168,2024-11-28,Meta Ads
C112169,2024-10-15,Meta Ads
C112170,2025-03-31,Referral
C112171,2025-01-04,Influencer
C112172,2025-06-14,Meta Ads
C112173,2025-04-09,Meta Ads
C112174,2025-01-24,Meta Ads
C112175,2025-06-06,Google Ads
C112176,2025-09-14,Referral
C112177,2025-03-24,Meta Ads
C112178,2025-07-10,Referral
C112179,2025-08-07,Influencer
C112180,2025-06-03,Meta Ads
C112181,2025-05-22,Meta Ads
C112182,2025-03-18,Meta Ads
C112183,2025-05-02,Meta Ads
C112184,2025-06-19,Referral
C112185,2025-01-26,Influencer
C112186,2025-02-20,Google Ads
C112187,2025-01-18,Meta Ads
C112188,2025-10-23,Influencer
C112189,2025-11-18,Organic
C112190,2024-11-27,Organic
C112191,2025-07-27,Meta Ads
C112192,2025-06-22,Meta Ads
C112193,2025-09-15,Meta Ads
C112194,2025-01-10,Meta Ads
C112195,2025-11-29,Organic
C112196,2025-12-08,Influencer
C112197,2025-02-12,Google Ads
C112198,2024-12-23,Google Ads
C112199,2025-01-30,Google Ads
C112200,2025-01-08,Influencer
C112201,2025-12-02,Meta Ads
C112202,2025-09-16,Referral
C112203,2025-02-11,Google Ads
C112204,2024-11-05,Organic
C112205,2025-04-22,Influencer
C112206,2024-12-20,Meta Ads
C112207,2025-12-08,Referral
C112208,2025-10-10,Influencer
C112209,2026-01-22,Referral
C112210,2025-05-14,Google Ads
C112211,2024-11-30,Meta Ads
C112212,2025-10-31,Google Ads
C112213,2025-10-29,Referral
C112214,2025-12-20,Influencer
C112215,2025-09-07,Organic
C112216,2025-06-28,Meta Ads
C112217,2025-07-23,Influencer
C112218,2025-11-05,Google Ads
C112219,2024-10-10,Organic
C112220,2024-10-15,Influencer
C112221,2025-08-30,Organic
C112222,2025-06-22,Influencer
C112223,2025-08-04,Organic
C112224,2025-12-13,Influencer
C112225,2025-02-26,Influencer
C112226,2025-02-04,Google Ads
C112227,2025-01-19,Google Ads
C112228,2025-07-29,Meta Ads
C112229,2025-08-28,Meta Ads
C112230,2024-12-08,Referral
C112231,2025-01-09,Referral
C112232,2025-10-22,Meta Ads
C112233,2025-12-25,Organic
C112234,2025-10-01,Meta Ads
C112235,2026-02-09,Influencer
C112236,2025-04-11,Organic
C112237,2025-10-02,Organic
C112238,2025-06-24,Meta Ads
C112239,2025-06-03,Meta Ads
C112240,2025-08-22,Google Ads
C112241,2024-12-19,Organic
C112242,2024-12-19,Influencer
C112243,2025-04-30,Influencer
C112244,2025-04-22,Referral
C112245,2024-11-04,Influencer
C112246,2025-01-26,Influencer
C112247,2024-10-22,Influencer
C112248,2025-05-18,Google Ads
C112249,2025-03-12,Influencer
C112250,2025-10-15,Referral
C112251,2025-01-31,Influencer
C112252,2024-12-10,Influencer
C112253,2025-07-07,Meta Ads
C112254,2024-12-16,Meta Ads
C112255,2025-07-29,Google Ads
C112256,2025-08-15,Google Ads
C112257,2025-06-29,Meta Ads
C112258,2025-03-11,Meta Ads
C112259,2025-02-02,Organic
C112260,2025-01-24,Google Ads
C112261,2025-05-04,Meta Ads
C112262,2025-12-26,Meta Ads
C112263,2025-10-23,Meta Ads
C112264,2025-02-03,Meta Ads
C112265,2024-12-24,Meta Ads
C112266,2025-12-12,Organic
C112267,2025-07-02,Meta Ads
C112268,2024-11-27,Meta Ads
C112269,2025-03-31,Google Ads
C112270,2025-10-18,Influencer
C112271,2024-11-26,Meta Ads
C112272,2025-12-11,Meta Ads
C112273,2024-11-29,Meta Ads
C112274,2025-01-10,Google Ads
C112275,2025-09-01,Meta Ads
C112276,2025-08-18,Meta Ads
C112277,2025-11-12,Organic
C112278,2026-01-17,Influencer
C112279,2025-01-27,Meta Ads
C112280,2025-05-23,Google Ads
C112281,2025-02-22,Organic
C112282,2024-11-07,Meta Ads
C112283,2024-11-22,Organic
C112284,2025-10-14,Meta Ads
C112285,2026-01-03,Meta Ads
C112286,2025-11-21,Google Ads
C112287,2025-11-15,Meta Ads
C112288,2025-06-16,Google Ads
C112289,2025-12-02,Meta Ads
C112290,2026-02-02,Google Ads
C112291,2026-02-09,Meta Ads
C112292,2024-11-06,Meta Ads
C112293,2025-04-29,Referral
C112294,2025-06-15,Organic
C112295,2025-11-23,Google Ads
C112296,2025-12-04,Meta Ads
C112297,2025-01-25,Referral
C112298,2026-01-23,Influencer
C112299,2026-01-01,Google Ads
C112300,2025-02-13,Meta Ads
C112301,2024-12-09,Referral
C112302,2026-01-28,Google Ads
C112303,2024-12-20,Influencer
C112304,2024-12-19,Google Ads
C112305,2025-02-23,Meta Ads
C112306,2025-02-21,Organic
C112307,2024-12-22,Organic
C112308,2025-12-07,Meta Ads
C112309,2025-09-19,Organic
C112310,2024-10-05,Meta Ads
C112311,2024-10-23,Meta Ads
C112312,2025-12-24,Organic
C112313,2025-10-25,Meta Ads
C112314,2025-03-14,Meta Ads
C112315,2025-02-17,Organic
C112316,2026-01-07,Meta Ads
C112317,2025-05-04,Meta Ads
C112318,2026-01-17,Google Ads
C112319,2024-11-19,Organic
C112320,2024-11-08,Organic
C112321,2025-08-10,Google Ads
C112322,2024-12-19,Meta Ads
C112323,2025-02-10,Meta Ads
C112324,2025-04-03,Referral
C112325,2025-04-03,Organic
C112326,2025-09-01,Influencer
C112327,2024-10-12,Meta Ads
C112328,2025-01-25,Influencer
C112329,2025-02-01,Meta Ads
C112330,2025-03-12,Organic
C112331,2025-11-22,Meta Ads
C112332,2024-11-02,Google Ads
C112333,2025-03-12,Google Ads
C112334,2025-09-11,Meta Ads
C112335,2025-08-28,Influencer
C112336,2025-07-30,Meta Ads
C112337,2025-11-29,Influencer
C112338,2024-12-29,Influencer
C112339,2025-07-28,Meta Ads
C112340,2025-04-04,Meta Ads
C112341,2025-06-01,Meta Ads
C112342,2025-02-05,Meta Ads
C112343,2025-03-22,Meta Ads
C112344,2025-08-19,Organic
C112345,2025-09-09,Influencer
C112346,2024-11-19,Organic
C112347,2025-09-19,Influencer
C112348,2025-06-02,Referral
C112349,2025-12-15,Influencer
C112350,2024-10-06,Organic
C112351,2025-08-31,Google Ads
C112352,2025-01-03,Organic
C112353,2025-01-17,Meta Ads
C112354,2025-08-07,Referral
C112355,2025-01-27,Influencer
C112356,2025-02-22,Google Ads
C112357,2025-04-22,Influencer
C112358,2025-07-13,Google Ads
C112359,2025-02-26,Google Ads
C112360,2025-01-20,Influencer
C112361,2024-10-12,Organic
C112362,2025-01-08,Influencer
C112363,2025-06-08,Google Ads
C112364,2024-12-23,Influencer
C112365,2025-08-21,Organic
C112366,2025-09-22,Meta Ads
C112367,2025-09-10,Meta Ads
C112368,2026-01-04,Google Ads
C112369,2025-04-17,Google Ads
C112370,2025-06-08,Referral
C112371,2024-12-01,Google Ads
C112372,2025-11-03,Google Ads
C112373,2025-07-01,Influencer
C112374,2025-09-06,Google Ads
C112375,2025-07-04,Influencer
C112376,2025-09-25,Meta Ads
C112377,2025-06-01,Meta Ads
C112378,2024-10-23,Referral
C112379,2025-09-15,Organic
C112380,2024-11-14,Meta Ads
C112381,2024-11-05,Meta Ads
C112382,2025-06-13,Referral
C112383,2024-10-01,Influencer
C112384,2024-12-17,Influencer
C112385,2025-10-20,Organic
C112386,2025-03-11,Meta Ads
C112387,2024-12-17,Google Ads
C112388,2025-04-16,Influencer
C112389,2024-12-29,Referral
C112390,2025-07-01,Organic
C112391,2025-12-03,Google Ads
C112392,2025-06-12,Organic
C112393,2025-12-14,Google Ads
C112394,2025-06-08,Meta Ads
C112395,2025-08-30,Referral
C112396,2025-11-30,Google Ads
C112397,2025-12-14,Google Ads
C112398,2025-10-11,Influencer
C112399,2024-11-23,Google Ads
C112400,2025-02-02,Organic
C112401,2025-07-15,Google Ads
C112402,2025-05-12,Influencer
C112403,2024-12-30,Google Ads
C112404,2025-06-14,Influencer
C112405,2024-10-04,Organic
C112406,2025-05-25,Meta Ads
C112407,2025-01-04,Organic
C112408,2024-11-08,Meta Ads
C112409,2024-11-17,Organic
C112410,2025-07-24,Google Ads
C112411,2025-01-02,Organic
C112412,2025-05-15,Influencer
C112413,2025-09-01,Meta Ads
C112414,2025-08-31,Google Ads
C112415,2024-12-07,Google Ads
C112416,2024-10-29,Google Ads
C112417,2025-09-20,Google Ads
C112418,2024-11-13,Meta Ads
C112419,2025-09-14,Meta Ads
C112420,2025-07-07,Meta Ads
C112421,2025-11-07,Meta Ads
C112422,2024-12-18,Referral
C112423,2025-10-26,Organic
C112424,2024-12-05,Google Ads
C112425,2026-02-07,Influencer
C112426,2025-08-01,Referral
C112427,2025-12-05,Meta Ads
C112428,2026-01-30,Google Ads
C112429,2025-05-27,Influencer
C112430,2024-10-14,Google Ads
C112431,2025-06-27,Organic
C112432,2024-11-07,Influencer
C112433,2025-07-13,Organic
C112434,2026-01-07,Organic
C112435,2025-12-16,Meta Ads
C112436,2025-07-07,Google Ads
C112437,2024-10-17,Google Ads
C112438,2024-10-18,Google Ads
C112439,2025-01-19,Meta Ads
C112440,2025-05-10,Google Ads
C112441,2025-10-21,Meta Ads
C112442,2026-02-07,Organic
C112443,2025-02-26,Influencer
C112444,2025-08-10,Referral
C112445,2026-01-23,Referral
C112446,2025-02-23,Meta Ads
C112447,2025-01-31,Meta Ads
C112448,2026-01-28,Google Ads
C112449,2025-08-29,Meta Ads
C112450,2025-11-18,Organic
C112451,2025-07-29,Referral
C112452,2026-01-24,Organic
C112453,2025-09-11,Organic
C112454,2025-06-22,Google Ads
C112455,2025-10-02,Organic
C112456,2025-07-13,Organic
C112457,2024-11-03,Meta Ads
C112458,2025-11-24,Meta Ads
C112459,2025-02-28,Google Ads
C112460,2025-02-17,Meta Ads
C112461,2025-10-15,Google Ads
C112462,2025-02-26,Influencer
C112463,2025-05-12,Meta Ads
C112464,2025-11-17,Google Ads
C112465,2025-09-20,Meta Ads
C112466,2025-12-27,Meta Ads
C112467,2025-01-22,Meta Ads
C112468,2025-06-20,Influencer
C112469,2025-09-05,Organic
C112470,2024-12-30,Meta Ads
C112471,2026-01-11,Google Ads
C112472,2025-01-13,Meta Ads
C112473,2024-10-25,Organic
C112474,2025-06-27,Meta Ads
C112475,2026-01-09,Meta Ads
C112476,2026-02-03,Meta Ads
C112477,2025-12-13,Meta Ads
C112478,2026-02-02,Influencer
C112479,2025-07-29,Meta Ads
C112480,2025-09-07,Referral
C112481,2026-01-10,Meta Ads
C112482,2025-12-04,Google Ads
C112483,2024-10-16,Meta Ads
C112484,2025-02-18,Google Ads
C112485,2025-08-27,Influencer
C112486,2026-02-12,Google Ads
C112487,2025-11-09,Referral
C112488,2025-09-14,Referral
C112489,2024-11-19,Meta Ads
C112490,2024-11-08,Meta Ads
C112491,2024-12-08,Meta Ads
C112492,2025-05-21,Organic
C112493,2026-01-09,Meta Ads
C112494,2025-11-03,Google Ads
C112495,2025-04-14,Meta Ads
C112496,2024-12-24,Google Ads
C112497,2025-11-16,Meta Ads
C112498,2024-10-29,Meta Ads
C112499,2025-06-24,Meta Ads
C112500,2025-07-12,Influencer
C112501,2026-01-17,Meta Ads
C112502,2024-10-09,Influencer
C112503,2025-05-23,Organic
C112504,2025-01-02,Meta Ads
C112505,2026-01-13,Google Ads
C112506,2025-11-16,Meta Ads
C112507,2026-02-07,Meta Ads
C112508,2025-09-09,Referral
C112509,2025-01-01,Google Ads
C112510,2025-02-08,Google Ads
C112511,2026-01-26,Google Ads
C112512,2025-05-03,Google Ads
C112513,2025-08-20,Organic
C112514,2025-05-03,Google Ads
C112515,2025-11-21,Meta Ads
C112516,2025-09-25,Meta Ads
C112517,2025-11-24,Meta Ads
C112518,2024-10-16,Google Ads
C112519,2025-10-05,Google Ads
C112520,2025-12-30,Meta Ads
C112521,2025-10-29,Meta Ads
C112522,2025-06-06,Meta Ads
C112523,2025-12-03,Google Ads
C112524,2025-09-18,Google Ads
C112525,2025-03-29,Google Ads
C112526,2025-09-27,Organic
C112527,2024-10-18,Referral
C112528,2024-12-12,Meta Ads
C112529,2024-10-03,Organic
C112530,2025-05-24,Meta Ads
C112531,2026-01-28,Referral
C112532,2025-02-21,Meta Ads
C112533,2025-06-08,Google Ads
C112534,2024-10-29,Influencer
C112535,2025-01-01,Meta Ads
C112536,2025-03-01,Google Ads
C112537,2025-07-11,Meta Ads
C112538,2026-01-01,Influencer
C112539,2025-09-02,Influencer
C112540,2025-10-16,Influencer
C112541,2025-05-19,Meta Ads
C112542,2026-02-06,Influencer
C112543,2026-02-04,Meta Ads
C112544,2026-01-01,Meta Ads
C112545,2025-03-21,Organic
C112546,2026-01-03,Google Ads
C112547,2024-10-10,Influencer
C112548,2025-08-28,Meta Ads
C112549,2025-02-01,Referral
C112550,2024-10-12,Organic
C112551,2025-07-01,Organic
C112552,2024-11-21,Google Ads
C112553,2025-08-24,Influencer
C112554,2025-10-08,Influencer
C112555,2024-12-01,Meta Ads
C112556,2025-08-19,Meta Ads
C112557,2025-02-20,Influencer
C112558,2025-06-06,Organic
C112559,2025-08-18,Organic
C112560,2026-01-27,Google Ads
C112561,2024-12-01,Meta Ads
C112562,2025-03-14,Influencer
C112563,2025-09-08,Google Ads
C112564,2025-02-10,Meta Ads
C112565,2025-07-07,Google Ads
C112566,2024-11-16,Influencer
C112567,2025-07-15,Meta Ads
C112568,2025-10-15,Organic
C112569,2025-02-05,Meta Ads
C112570,2025-11-22,Meta Ads
C112571,2025-02-01,Meta Ads
C112572,2025-09-16,Google Ads
C112573,2025-11-29,Meta Ads
C112574,2024-10-17,Meta Ads
C112575,2025-02-26,Meta Ads
C112576,2025-12-20,Google Ads
C112577,2025-09-04,Meta Ads
C112578,2025-09-28,Meta Ads
C112579,2025-07-13,Google Ads
C112580,2025-01-21,Influencer
C112581,2024-10-30,Influencer
C112582,2025-04-29,Google Ads
C112583,2025-06-02,Google Ads
C112584,2025-07-17,Google Ads
C112585,2025-10-11,Meta Ads
C112586,2025-04-21,Influencer
C112587,2025-04-14,Meta Ads
C112588,2025-03-01,Google Ads
C112589,2025-12-06,Referral
C112590,2025-12-06,Meta Ads
C112591,2025-05-13,Influencer
C112592,2024-12-17,Organic
C112593,2025-03-19,Meta Ads
C112594,2025-08-10,Organic
C112595,2025-05-15,Meta Ads
C112596,2025-06-20,Meta Ads
C112597,2025-02-02,Google Ads
C112598,2025-07-17,Meta Ads
C112599,2025-07-15,Referral
C112600,2025-03-10,Organic
C112601,2025-09-27,Organic
C112602,2025-07-31,Meta Ads
C112603,2024-10-04,Google Ads
C112604,2025-02-02,Meta Ads
C112605,2026-01-20,Influencer
C112606,2025-01-28,Google Ads
C112607,2025-11-14,Meta Ads
C112608,2025-06-02,Meta Ads
C112609,2025-07-30,Meta Ads
C112610,2025-10-31,Meta Ads
C112611,2026-01-07,Google Ads
C112612,2025-02-06,Organic
C112613,2025-09-24,Google Ads
C112614,2025-03-28,Influencer
C112615,2025-04-14,Meta Ads
C112616,2025-01-15,Meta Ads
C112617,2025-07-13,Influencer
C112618,2025-09-18,Referral
C112619,2025-12-30,Google Ads
C112620,2026-01-23,Influencer
C112621,2024-12-31,Meta Ads
C112622,2025-06-09,Influencer
C112623,2025-11-01,Organic
C112624,2025-01-23,Organic
C112625,2025-07-21,Influencer
C112626,2025-09-05,Organic
C112627,2025-04-07,Meta Ads
C112628,2025-09-27,Organic
C112629,2024-12-30,Organic
C112630,2026-02-01,Google Ads
C112631,2025-06-17,Meta Ads
C112632,2025-02-22,Google Ads
C112633,2024-10-29,Meta Ads
C112634,2025-09-11,Google Ads
C112635,2025-12-01,Google Ads
C112636,2025-10-07,Google Ads
C112637,2026-01-07,Organic
C112638,2025-07-20,Google Ads
C112639,2025-01-11,Organic
C112640,2025-03-23,Organic
C112641,2025-01-17,Organic
C112642,2025-04-05,Influencer
C112643,2025-05-14,Referral
C112644,2025-05-17,Referral
C112645,2025-09-01,Meta Ads
C112646,2025-06-14,Meta Ads
C112647,2025-06-23,Google Ads
C112648,2025-12-18,Google Ads
C112649,2025-09-09,Meta Ads
C112650,2025-09-20,Meta Ads
C112651,2026-01-07,Meta Ads
C112652,2025-01-23,Organic
C112653,2024-10-19,Influencer
C112654,2025-02-22,Organic
C112655,2025-05-15,Google Ads
C112656,2025-10-15,Meta Ads
C112657,2025-02-17,Google Ads
C112658,2025-05-24,Meta Ads
C112659,2025-05-22,Meta Ads
C112660,2025-05-22,Google Ads
C112661,2025-11-20,Meta Ads
C112662,2025-11-28,Influencer
C112663,2024-11-29,Influencer
C112664,2025-12-24,Influencer
C112665,2025-10-07,Organic
C112666,2024-11-28,Organic
C112667,2024-10-14,Influencer
C112668,2024-12-20,Google Ads
C112669,2025-04-28,Influencer
C112670,2024-12-08,Organic
C112671,2025-04-11,Meta Ads
C112672,2026-01-08,Meta Ads
C112673,2024-11-10,Google Ads
C112674,2024-10-14,Google Ads
C112675,2024-11-27,Meta Ads
C112676,2024-10-02,Google Ads
C112677,2025-04-18,Google Ads
C112678,2025-03-14,Influencer
C112679,2025-02-24,Meta Ads
C112680,2025-12-20,Influencer
C112681,2024-12-11,Organic
C112682,2025-10-21,Meta Ads
C112683,2025-04-21,Referral
C112684,2025-06-16,Google Ads
C112685,2025-01-19,Meta Ads
C112686,2024-11-30,Meta Ads
C112687,2025-10-15,Organic
C112688,2025-11-27,Meta Ads
C112689,2025-01-14,Referral
C112690,2025-04-30,Influencer
C112691,2024-11-03,Organic
C112692,2025-06-26,Google Ads
C112693,2025-11-12,Influencer
C112694,2025-06-23,Influencer
C112695,2026-01-03,Referral
C112696,2025-04-14,Organic
C112697,2024-11-08,Organic
C112698,2026-01-19,Meta Ads
C112699,2025-08-21,Referral
C112700,2024-11-26,Meta Ads
C112701,2025-12-11,Google Ads
C112702,2025-11-27,Google Ads
C112703,2025-09-28,Organic
C112704,2025-12-22,Influencer
C112705,2025-04-06,Google Ads
C112706,2025-09-22,Meta Ads
C112707,2024-12-18,Google Ads
C112708,2025-04-10,Meta Ads
C112709,2025-07-23,Referral
C112710,2025-06-30,Meta Ads
C112711,2025-10-02,Influencer
C112712,2025-04-22,Influencer
C112713,2025-12-16,Referral
C112714,2025-08-14,Referral
C112715,2025-09-10,Meta Ads
C112716,2025-06-14,Influencer
C112717,2024-11-13,Influencer
C112718,2025-04-20,Google Ads
C112719,2025-07-25,Organic
C112720,2025-06-21,Meta Ads
C112721,2025-12-25,Organic
C112722,2025-12-26,Meta Ads
C112723,2025-02-12,Influencer
C112724,2026-01-25,Meta Ads
C112725,2025-05-10,Google Ads
C112726,2025-03-02,Influencer
C112727,2025-02-09,Meta Ads
C112728,2025-10-14,Meta Ads
C112729,2025-08-21,Meta Ads
C112730,2024-10-31,Google Ads
C112731,2025-06-13,Google Ads
C112732,2025-10-03,Organic
C112733,2025-11-01,Meta Ads
C112734,2025-04-13,Influencer
C112735,2025-01-18,Influencer
C112736,2025-12-12,Referral
C112737,2025-12-21,Meta Ads
C112738,2025-12-26,Meta Ads
C112739,2025-02-15,Influencer
C112740,2024-11-15,Influencer
C112741,2025-01-01,Influencer
C112742,2025-02-08,Influencer
C112743,2025-06-06,Organic
C112744,2025-10-02,Organic
C112745,2025-12-30,Google Ads
C112746,2025-01-11,Meta Ads
C112747,2025-03-26,Meta Ads
C112748,2024-10-25,Organic
C112749,2025-12-22,Google Ads
C112750,2025-07-17,Meta Ads
C112751,2024-11-27,Meta Ads
C112752,2024-10-30,Meta Ads
C112753,2024-11-10,Influencer
C112754,2025-01-04,Influencer
C112755,2025-10-03,Influencer
C112756,2024-10-26,Referral
C112757,2025-11-12,Google Ads
C112758,2025-09-24,Meta Ads
C112759,2026-02-06,Organic
C112760,2024-12-15,Meta Ads
C112761,2025-07-01,Google Ads
C112762,2025-06-18,Meta Ads
C112763,2024-12-04,Referral
C112764,2024-12-09,Meta Ads
C112765,2025-03-03,Meta Ads
C112766,2025-07-19,Google Ads
C112767,2024-11-27,Referral
C112768,2025-07-27,Meta Ads
C112769,2026-02-03,Meta Ads
C112770,2026-01-04,Meta Ads
C112771,2025-03-15,Organic
C112772,2025-12-30,Influencer
C112773,2025-03-06,Organic
C112774,2025-12-25,Influencer
C112775,2026-01-27,Referral
C112776,2024-10-31,Referral
C112777,2025-04-09,Organic
C112778,2025-04-02,Google Ads
C112779,2024-10-08,Organic
C112780,2025-07-29,Meta Ads
C112781,2025-11-17,Organic
C112782,2024-12-30,Meta Ads
C112783,2025-05-14,Organic
C112784,2025-05-16,Influencer
C112785,2025-05-13,Google Ads
C112786,2025-07-14,Organic
C112787,2025-03-10,Organic
C112788,2025-01-04,Influencer
C112789,2025-06-03,Meta Ads
C112790,2025-09-04,Influencer
C112791,2025-06-07,Referral
C112792,2025-05-21,Meta Ads
C112793,2025-08-14,Meta Ads
C112794,2025-07-25,Organic
C112795,2024-12-25,Meta Ads
C112796,2026-02-08,Google Ads
C112797,2025-02-23,Influencer
C112798,2025-06-08,Meta Ads
C112799,2026-01-11,Meta Ads
C112800,2025-10-27,Meta Ads
C112801,2025-05-10,Meta Ads
C112802,2025-02-28,Meta Ads
C112803,2025-08-28,Referral
C112804,2025-12-28,Google Ads
C112805,2024-12-29,Google Ads
C112806,2025-06-29,Influencer
C112807,2025-11-19,Meta Ads
C112808,2024-11-06,Meta Ads
C112809,2024-10-22,Meta Ads
C112810,2025-01-06,Influencer
C112811,2025-02-12,Meta Ads
C112812,2025-10-05,Google Ads
C112813,2025-12-02,Google Ads
C112814,2025-09-05,Influencer
C112815,2025-01-10,Influencer
C112816,2024-11-06,Organic
C112817,2025-11-25,Meta Ads
C112818,2024-11-27,Google Ads
C112819,2025-07-27,Meta Ads
C112820,2025-11-24,Meta Ads
C112821,2025-06-19,Influencer
C112822,2025-09-30,Google Ads
C112823,2024-10-02,Google Ads
C112824,2025-04-10,Google Ads
C112825,2024-12-06,Influencer
C112826,2025-06-13,Influencer
C112827,2025-07-22,Meta Ads
C112828,2025-01-29,Meta Ads
C112829,2025-06-17,Meta Ads
C112830,2024-12-08,Influencer
C112831,2025-06-20,Meta Ads
C112832,2026-01-10,Meta Ads
C112833,2025-09-30,Google Ads
C112834,2025-02-27,Meta Ads
C112835,2025-09-20,Referral
C112836,2025-11-22,Organic
C112837,2025-07-19,Meta Ads
C112838,2025-08-20,Meta Ads
C112839,2025-08-26,Google Ads
C112840,2024-10-31,Google Ads
C112841,2025-02-20,Meta Ads
C112842,2025-01-18,Organic
C112843,2025-01-23,Influencer
C112844,2025-03-18,Google Ads
C112845,2025-10-16,Meta Ads
C112846,2025-02-22,Meta Ads
C112847,2025-03-23,Meta Ads
C112848,2025-07-16,Google Ads
C112849,2025-04-13,Meta Ads
C112850,2025-03-29,Google Ads
C112851,2025-03-25,Meta Ads
C112852,2025-07-17,Organic
C112853,2025-09-21,Influencer
C112854,2024-10-24,Meta Ads
C112855,2025-12-26,Google Ads
C112856,2025-07-12,Meta Ads
C112857,2024-10-23,Meta Ads
C112858,2025-04-06,Meta Ads
C112859,2025-07-02,Influencer
C112860,2025-12-04,Meta Ads
C112861,2026-01-09,Influencer
C112862,2025-12-19,Meta Ads
C112863,2024-11-17,Meta Ads
C112864,2025-04-14,Meta Ads
C112865,2025-11-11,Google Ads
C112866,2025-07-11,Meta Ads
C112867,2024-12-17,Google Ads
C112868,2025-09-27,Google Ads
C112869,2024-12-24,Meta Ads
C112870,2025-10-26,Referral
C112871,2024-10-26,Meta Ads
C112872,2025-02-03,Meta Ads
C112873,2025-03-15,Influencer
C112874,2025-07-23,Meta Ads
C112875,2025-09-25,Organic
C112876,2025-06-15,Influencer
C112877,2025-07-05,Organic
C112878,2026-01-15,Influencer
C112879,2025-10-11,Influencer
C112880,2025-10-26,Meta Ads
C112881,2025-11-29,Organic
C112882,2025-11-17,Referral
C112883,2026-01-19,Organic
C112884,2024-12-20,Meta Ads
C112885,2024-11-09,Meta Ads
C112886,2024-10-28,Google Ads
C112887,2024-12-25,Influencer
C112888,2025-07-13,Google Ads
C112889,2025-04-24,Meta Ads
C112890,2024-11-28,Meta Ads
C112891,2025-09-09,Influencer
C112892,2025-08-29,Influencer
C112893,2025-06-03,Meta Ads
C112894,2024-11-12,Meta Ads
C112895,2025-07-20,Organic
C112896,2025-10-02,Influencer
C112897,2025-07-01,Google Ads
C112898,2025-05-22,Google Ads
C112899,2025-09-04,Google Ads
C112900,2026-01-09,Organic
C112901,2025-12-09,Influencer
C112902,2024-10-28,Google Ads
C112903,2025-02-07,Influencer
C112904,2025-03-11,Meta Ads
C112905,2025-12-04,Organic
C112906,2025-08-23,Google Ads
C112907,2025-08-20,Influencer
C112908,2025-02-09,Meta Ads
C112909,2025-11-30,Google Ads
C112910,2025-09-05,Influencer
C112911,2024-11-27,Google Ads
C112912,2025-10-28,Organic
C112913,2025-02-05,Meta Ads
C112914,2025-03-14,Referral
C112915,2024-11-09,Meta Ads
C112916,2025-02-14,Meta Ads
C112917,2025-12-31,Meta Ads
C112918,2026-01-11,Organic
C112919,2025-08-31,Organic
C112920,2025-09-17,Organic
C112921,2025-02-21,Organic
C112922,2025-11-15,Influencer
C112923,2025-11-20,Meta Ads
C112924,2025-06-05,Google Ads
C112925,2024-12-12,Organic
C112926,2024-11-12,Google Ads
C112927,2025-08-09,Influencer
C112928,2025-12-22,Influencer
C112929,2026-01-18,Organic
C112930,2024-10-24,Meta Ads
C112931,2025-10-16,Organic
C112932,2024-11-02,Google Ads
C112933,2024-10-02,Meta Ads
C112934,2025-11-24,Influencer
C112935,2025-01-21,Meta Ads
C112936,2025-03-01,Meta Ads
C112937,2025-06-28,Referral
C112938,2025-04-23,Google Ads
C112939,2025-06-07,Organic
C112940,2025-10-01,Meta Ads
C112941,2025-11-06,Meta Ads
C112942,2025-09-25,Referral
C112943,2025-08-01,Influencer
C112944,2025-11-17,Meta Ads
C112945,2025-04-09,Influencer
C112946,2025-07-26,Influencer
C112947,2025-10-17,Meta Ads
C112948,2024-11-06,Organic
C112949,2025-08-15,Influencer
C112950,2025-05-30,Meta Ads
C112951,2025-06-17,Influencer
C112952,2025-07-21,Google Ads
C112953,2025-10-26,Influencer
C112954,2025-08-06,Meta Ads
C112955,2025-01-19,Referral
C112956,2025-09-07,Google Ads
C112957,2025-06-22,Influencer
C112958,2025-05-29,Organic
C112959,2025-09-20,Organic
C112960,2025-06-09,Influencer
C112961,2025-10-07,Meta Ads
C112962,2025-03-10,Influencer
C112963,2025-06-26,Influencer
C112964,2025-11-06,Meta Ads
C112965,2025-12-30,Meta Ads
C112966,2025-11-05,Meta Ads
C112967,2025-01-21,Influencer
C112968,2025-10-21,Meta Ads
C112969,2025-01-11,Influencer
C112970,2025-11-02,Organic
C112971,2025-09-02,Google Ads
C112972,2025-08-02,Meta Ads
C112973,2025-07-10,Meta Ads
C112974,2025-03-17,Google Ads
C112975,2025-09-22,Google Ads
C112976,2025-11-22,Google Ads
C112977,2025-06-25,Meta Ads
C112978,2026-02-05,Google Ads
C112979,2025-01-13,Influencer
C112980,2024-12-24,Influencer
C112981,2026-01-26,Meta Ads
C112982,2025-01-11,Influencer
C112983,2025-03-28,Google Ads
C112984,2025-03-15,Google Ads
C112985,2024-12-02,Google Ads
C112986,2025-01-27,Meta Ads
C112987,2025-01-13,Google Ads
C112988,2025-06-19,Referral
C112989,2025-04-04,Referral
C112990,2025-11-02,Organic
C112991,2024-11-18,Referral
C112992,2025-12-21,Meta Ads
C112993,2026-01-30,Meta Ads
C112994,2025-04-06,Influencer
C112995,2024-10-22,Google Ads
C112996,2025-02-05,Influencer
C112997,2025-01-24,Google Ads
C112998,2025-06-19,Google Ads
C112999,2025-10-08,Meta Ads
C113000,2024-11-26,Organic
C113001,2026-01-09,Meta Ads
C113002,2025-10-23,Meta Ads
C113003,2025-06-20,Meta Ads
C113004,2025-09-27,Influencer
C113005,2026-02-07,Google Ads
C113006,2025-07-21,Meta Ads
C113007,2025-07-12,Google Ads
C113008,2025-07-18,Meta Ads
C113009,2025-11-08,Google Ads
C113010,2025-11-17,Google Ads
C113011,2025-09-08,Meta Ads
C113012,2025-07-06,Google Ads
C113013,2024-10-09,Google Ads
C113014,2025-08-14,Google Ads
C113015,2025-05-20,Organic
C113016,2026-01-29,Organic
C113017,2025-04-10,Referral
C113018,2025-03-26,Organic
C113019,2024-12-26,Influencer
C113020,2025-02-11,Organic
C113021,2026-02-02,Influencer
C113022,2025-05-20,Google Ads
C113023,2024-10-24,Influencer
C113024,2025-02-20,Meta Ads
C113025,2025-05-04,Meta Ads
C113026,2024-12-02,Influencer
C113027,2026-02-09,Organic
C113028,2025-02-03,Influencer
C113029,2025-07-13,Organic
C113030,2025-08-08,Referral
C113031,2025-03-16,Influencer
C113032,2025-12-29,Meta Ads
C113033,2025-09-23,Organic
C113034,2025-07-15,Influencer
C113035,2025-10-04,Meta Ads
C113036,2025-03-09,Meta Ads
C113037,2025-01-31,Meta Ads
C113038,2024-11-21,Google Ads
C113039,2025-05-25,Organic
C113040,2025-07-19,Referral
C113041,2025-11-20,Google Ads
C113042,2025-05-26,Meta Ads
C113043,2025-04-15,Google Ads
C113044,2025-07-16,Meta Ads
C113045,2025-12-04,Influencer
C113046,2024-12-27,Referral
C113047,2024-12-16,Referral
C113048,2025-12-10,Google Ads
C113049,2025-12-26,Google Ads
C113050,2026-01-11,Google Ads
C113051,2025-01-02,Organic
C113052,2024-10-31,Meta Ads
C113053,2025-03-15,Meta Ads
C113054,2025-08-13,Meta Ads
C113055,2025-01-29,Meta Ads
C113056,2025-08-20,Meta Ads
C113057,2025-01-23,Organic
C113058,2025-01-06,Meta Ads
C113059,2024-10-04,Influencer
C113060,2025-09-05,Meta Ads
C113061,2025-04-18,Influencer
C113062,2025-12-28,Google Ads
C113063,2025-03-09,Meta Ads
C113064,2025-03-06,Google Ads
C113065,2026-01-30,Organic
C113066,2024-12-05,Influencer
C113067,2026-01-16,Google Ads
C113068,2025-11-02,Influencer
C113069,2026-01-17,Meta Ads
C113070,2025-01-10,Organic
C113071,2024-10-02,Organic
C113072,2025-10-28,Influencer
C113073,2025-06-25,Google Ads
C113074,2025-02-21,Google Ads
C113075,2025-12-04,Meta Ads
C113076,2025-12-29,Meta Ads
C113077,2025-04-02,Meta Ads
C113078,2024-11-26,Influencer
C113079,2025-02-20,Meta Ads
C113080,2025-11-25,Google Ads
C113081,2025-12-20,Organic
C113082,2025-12-17,Influencer
C113083,2024-12-22,Influencer
C113084,2025-12-05,Organic
C113085,2025-08-27,Meta Ads
C113086,2025-12-24,Organic
C113087,2025-11-09,Google Ads
C113088,2024-10-26,Referral
C113089,2025-12-17,Google Ads
C113090,2025-03-15,Google Ads
C113091,2025-09-01,Meta Ads
C113092,2024-12-03,Influencer
C113093,2026-01-17,Influencer
C113094,2024-12-25,Meta Ads
C113095,2024-10-28,Organic
C113096,2026-02-06,Organic
C113097,2025-02-18,Meta Ads
C113098,2025-05-19,Organic
C113099,2025-05-03,Meta Ads
C113100,2025-02-14,Meta Ads
C113101,2025-03-15,Google Ads
C113102,2026-01-09,Meta Ads
C113103,2026-01-25,Google Ads
C113104,2025-01-15,Meta Ads
C113105,2025-03-12,Organic
C113106,2025-02-08,Google Ads
C113107,2025-09-25,Referral
C113108,2026-02-11,Meta Ads
C113109,2025-08-13,Meta Ads
C113110,2025-04-06,Influencer
C113111,2025-09-26,Meta Ads
C113112,2025-03-12,Meta Ads
C113113,2024-12-01,Organic
C113114,2026-01-21,Meta Ads
C113115,2025-12-18,Meta Ads
C113116,2025-10-05,Google Ads
C113117,2025-01-01,Meta Ads
C113118,2025-07-26,Google Ads
C113119,2025-12-16,Meta Ads
C113120,2025-06-24,Organic
C113121,2025-07-22,Google Ads
C113122,2025-06-16,Influencer
C113123,2025-01-22,Organic
C113124,2025-09-17,Meta Ads
C113125,2025-03-31,Google Ads
C113126,2024-10-16,Google Ads
C113127,2025-11-29,Google Ads
C113128,2024-11-16,Influencer
C113129,2025-12-23,Influencer
C113130,2025-10-09,Meta Ads
C113131,2025-02-21,Meta Ads
C113132,2026-01-10,Influencer
C113133,2024-10-31,Meta Ads
C113134,2025-02-06,Organic
C113135,2025-05-02,Influencer
C113136,2025-03-12,Google Ads
C113137,2025-10-14,Meta Ads
C113138,2026-01-21,Organic
C113139,2024-11-18,Google Ads
C113140,2024-10-03,Organic
C113141,2025-01-28,Google Ads
C113142,2025-06-27,Organic
C113143,2025-02-02,Google Ads
C113144,2025-09-25,Google Ads
C113145,2025-01-27,Meta Ads
C113146,2024-10-13,Influencer
C113147,2025-08-04,Google Ads
C113148,2025-03-02,Google Ads
C113149,2025-01-25,Meta Ads
C113150,2025-09-16,Meta Ads
C113151,2025-08-30,Organic
C113152,2025-01-30,Meta Ads
C113153,2026-02-10,Influencer
C113154,2025-07-20,Meta Ads
C113155,2025-06-20,Influencer
C113156,2026-02-10,Google Ads
C113157,2024-10-07,Organic
C113158,2024-12-26,Organic
C113159,2024-11-15,Google Ads
C113160,2025-02-08,Meta Ads
C113161,2024-12-24,Referral
C113162,2025-07-27,Google Ads
C113163,2025-08-21,Influencer
C113164,2025-07-22,Meta Ads
C113165,2024-10-22,Influencer
C113166,2025-06-20,Google Ads
C113167,2025-06-16,Referral
C113168,2024-11-09,Google Ads
C113169,2025-05-12,Referral
C113170,2025-08-15,Organic
C113171,2024-12-02,Meta Ads
C113172,2024-11-29,Google Ads
C113173,2025-12-28,Organic
C113174,2025-04-02,Referral
C113175,2025-10-26,Google Ads
C113176,2025-02-01,Organic
C113177,2026-02-04,Meta Ads
C113178,2026-01-18,Google Ads
C113179,2025-06-26,Influencer
C113180,2025-02-23,Influencer
C113181,2024-10-16,Influencer
C113182,2025-10-08,Meta Ads
C113183,2025-07-29,Meta Ads
C113184,2026-01-07,Influencer
C113185,2025-01-15,Meta Ads
C113186,2025-01-07,Meta Ads
C113187,2025-11-27,Google Ads
C113188,2024-12-29,Influencer
C113189,2025-08-27,Meta Ads
C113190,2026-02-11,Meta Ads
C113191,2025-09-05,Influencer
C113192,2025-07-29,Google Ads
C113193,2025-10-19,Organic
C113194,2024-10-19,Meta Ads
C113195,2026-02-12,Influencer
C113196,2025-11-22,Google Ads
C113197,2026-01-19,Google Ads
C113198,2025-09-30,Organic
C113199,2025-06-26,Google Ads
C113200,2025-03-02,Google Ads
C113201,2025-11-28,Organic
C113202,2024-10-27,Organic
C113203,2025-01-17,Meta Ads
C113204,2024-12-03,Referral
C113205,2024-10-16,Organic
C113206,2025-01-19,Google Ads
C113207,2025-07-24,Meta Ads
C113208,2025-01-03,Google Ads
C113209,2025-03-26,Google Ads
C113210,2025-11-28,Referral
C113211,2025-09-16,Influencer
C113212,2024-10-07,Meta Ads
C113213,2025-03-19,Referral
C113214,2025-04-17,Influencer
C113215,2025-07-03,Google Ads
C113216,2025-12-29,Meta Ads
C113217,2026-01-05,Influencer
C113218,2025-07-11,Referral
C113219,2026-02-08,Google Ads
C113220,2025-10-21,Organic
C113221,2025-12-20,Organic
C113222,2025-11-19,Organic
C113223,2025-12-10,Google Ads
C113224,2025-01-20,Referral
C113225,2025-03-15,Google Ads
C113226,2025-07-03,Organic
C113227,2025-08-01,Google Ads
C113228,2024-11-27,Influencer
C113229,2024-12-29,Influencer
C113230,2025-05-10,Google Ads
C113231,2025-06-20,Influencer
C113232,2024-11-25,Organic
C113233,2025-01-08,Influencer
C113234,2025-08-24,Google Ads
C113235,2025-01-05,Meta Ads
C113236,2025-02-10,Meta Ads
C113237,2025-07-02,Meta Ads
C113238,2025-08-07,Meta Ads
C113239,2025-07-14,Organic
C113240,2025-03-18,Meta Ads
C113241,2025-05-17,Influencer
C113242,2025-01-15,Google Ads
C113243,2024-12-18,Google Ads
C113244,2025-04-28,Google Ads
C113245,2025-11-19,Organic
C113246,2025-03-02,Google Ads
C113247,2025-03-22,Influencer
C113248,2025-09-15,Google Ads
C113249,2026-01-16,Meta Ads
C113250,2026-01-22,Referral
C113251,2025-09-29,Organic
C113252,2024-12-26,Meta Ads
C113253,2025-12-03,Meta Ads
C113254,2025-05-09,Meta Ads
C113255,2025-11-01,Referral
C113256,2026-02-10,Organic
C113257,2025-02-22,Organic
C113258,2025-01-06,Referral
C113259,2025-12-31,Organic
C113260,2025-12-10,Influencer
C113261,2025-12-07,Influencer
C113262,2025-03-16,Organic
C113263,2025-12-16,Google Ads
C113264,2025-12-04,Influencer
C113265,2026-01-25,Influencer
C113266,2025-05-24,Google Ads
C113267,2024-12-27,Google Ads
C113268,2025-07-25,Meta Ads
C113269,2025-03-14,Organic
C113270,2025-07-30,Influencer
C113271,2025-11-24,Influencer
C113272,2025-01-16,Meta Ads
C113273,2025-08-09,Organic
C113274,2026-01-14,Organic
C113275,2025-10-29,Organic
C113276,2025-05-30,Influencer
C113277,2025-01-09,Meta Ads
C113278,2025-10-17,Meta Ads
C113279,2025-07-30,Influencer
C113280,2025-04-22,Influencer
C113281,2025-12-28,Google Ads
C113282,2025-05-08,Influencer
C113283,2025-10-14,Meta Ads
C113284,2025-11-17,Google Ads
C113285,2025-12-10,Meta Ads
C113286,2025-04-23,Meta Ads
C113287,2025-07-15,Organic
C113288,2025-06-21,Influencer
C113289,2026-01-27,Referral
C113290,2025-02-24,Google Ads
C113291,2025-08-11,Meta Ads
C113292,2025-01-24,Google Ads
C113293,2024-10-11,Referral
C113294,2025-10-07,Organic
C113295,2025-07-20,Organic
C113296,2025-07-26,Referral
C113297,2024-11-15,Meta Ads
C113298,2025-07-01,Organic
C113299,2025-07-06,Google Ads
C113300,2025-08-11,Google Ads
C113301,2024-12-16,Referral
C113302,2025-05-09,Meta Ads
C113303,2024-12-16,Referral
C113304,2024-10-30,Organic
C113305,2026-01-26,Influencer
C113306,2024-10-10,Organic
C113307,2026-01-21,Referral
C113308,2025-11-07,Google Ads
C113309,2025-09-25,Influencer
C113310,2026-02-11,Organic
C113311,2025-05-24,Meta Ads
C113312,2025-09-09,Influencer
C113313,2025-05-16,Meta Ads
C113314,2025-08-07,Meta Ads
C113315,2025-05-24,Google Ads
C113316,2025-07-20,Organic
C113317,2025-02-04,Organic
C113318,2025-06-24,Organic
C113319,2025-07-14,Google Ads
C113320,2025-08-25,Organic
C113321,2025-07-14,Organic
C113322,2025-07-02,Organic
C113323,2025-10-20,Influencer
C113324,2025-03-02,Google Ads
C113325,2025-12-06,Referral
C113326,2025-11-27,Meta Ads
C113327,2025-03-05,Organic
C113328,2026-01-04,Meta Ads
C113329,2025-12-14,Organic
C113330,2024-12-20,Google Ads
C113331,2025-02-22,Influencer
C113332,2025-04-25,Meta Ads
C113333,2025-05-22,Influencer
C113334,2024-12-01,Influencer
C113335,2025-07-23,Meta Ads
C113336,2025-12-29,Google Ads
C113337,2025-03-08,Influencer
C113338,2025-03-08,Google Ads
C113339,2025-03-20,Meta Ads
C113340,2025-10-13,Organic
C113341,2024-11-07,Influencer
C113342,2025-02-10,Referral
C113343,2025-02-14,Organic
C113344,2026-01-07,Organic
C113345,2025-04-22,Meta Ads
C113346,2024-10-29,Influencer
C113347,2025-06-06,Meta Ads
C113348,2025-01-12,Google Ads
C113349,2025-12-29,Meta Ads
C113350,2024-10-02,Influencer
C113351,2025-01-27,Google Ads
C113352,2024-10-31,Meta Ads
C113353,2025-09-25,Google Ads
C113354,2025-05-08,Google Ads
C113355,2025-03-07,Google Ads
C113356,2025-08-17,Organic
C113357,2025-05-19,Google Ads
C113358,2025-11-21,Meta Ads
C113359,2025-06-09,Meta Ads
C113360,2025-01-06,Meta Ads
C113361,2025-05-02,Influencer
C113362,2025-02-01,Referral
C113363,2025-07-23,Meta Ads
C113364,2025-01-18,Referral
C113365,2024-10-10,Google Ads
C113366,2025-08-04,Influencer
C113367,2025-01-17,Referral
C113368,2026-01-20,Google Ads
C113369,2025-07-03,Meta Ads
C113370,2025-07-07,Google Ads
C113371,2025-06-03,Google Ads
C113372,2025-02-26,Google Ads
C113373,2024-12-05,Google Ads
C113374,2025-07-29,Organic
C113375,2025-08-06,Meta Ads
C113376,2025-04-28,Influencer
C113377,2024-12-03,Influencer
C113378,2025-09-04,Google Ads
C113379,2025-04-08,Meta Ads
C113380,2025-06-28,Meta Ads
C113381,2025-05-29,Google Ads
C113382,2025-03-20,Google Ads
C113383,2024-11-22,Meta Ads
C113384,2024-12-23,Meta Ads
C113385,2025-02-28,Meta Ads
C113386,2025-08-24,Influencer
C113387,2025-11-25,Meta Ads
C113388,2025-11-24,Organic
C113389,2026-01-20,Referral
C113390,2025-11-21,Meta Ads
C113391,2025-09-28,Google Ads
C113392,2025-12-13,Meta Ads
C113393,2025-02-11,Meta Ads
C113394,2024-11-11,Google Ads
C113395,2025-04-12,Influencer
C113396,2025-07-23,Referral
C113397,2025-06-20,Google Ads
C113398,2025-01-06,Meta Ads
C113399,2024-10-19,Meta Ads
C113400,2026-01-05,Organic
C113401,2025-02-07,Google Ads
C113402,2025-11-05,Organic
C113403,2025-04-21,Organic
C113404,2025-09-16,Google Ads
C113405,2025-10-16,Google Ads
C113406,2025-06-27,Influencer
C113407,2024-10-08,Google Ads
C113408,2025-07-16,Referral
C113409,2025-04-29,Organic
C113410,2025-06-15,Google Ads
C113411,2025-10-04,Influencer
C113412,2026-01-24,Organic
C113413,2026-02-10,Google Ads
C113414,2025-01-07,Google Ads
C113415,2025-12-19,Meta Ads
C113416,2024-10-11,Google Ads
C113417,2025-03-26,Meta Ads
C113418,2025-10-21,Meta Ads
C113419,2025-09-14,Meta Ads
C113420,2025-04-16,Organic
C113421,2025-03-09,Influencer
C113422,2024-11-13,Organic
C113423,2025-06-10,Meta Ads
C113424,2025-10-25,Referral
C113425,2026-01-30,Google Ads
C113426,2025-05-22,Google Ads
C113427,2025-05-03,Influencer
C113428,2025-02-05,Google Ads
C113429,2025-11-29,Meta Ads
C113430,2024-12-11,Meta Ads
C113431,2025-11-07,Google Ads
C113432,2025-06-16,Referral
C113433,2025-11-09,Meta Ads
C113434,2025-09-01,Referral
C113435,2025-01-10,Influencer
C113436,2025-01-06,Meta Ads
C113437,2025-09-17,Meta Ads
C113438,2025-10-21,Referral
C113439,2026-01-08,Referral
C113440,2025-09-08,Meta Ads
C113441,2025-11-13,Meta Ads
C113442,2025-07-28,Google Ads
C113443,2025-08-22,Meta Ads
C113444,2025-05-30,Influencer
C113445,2025-09-23,Organic
C113446,2025-06-25,Influencer
C113447,2025-04-26,Google Ads
C113448,2026-01-19,Meta Ads
C113449,2025-01-06,Meta Ads
C113450,2024-12-31,Influencer
C113451,2025-05-07,Organic
C113452,2025-01-12,Referral
C113453,2025-05-16,Meta Ads
C113454,2025-07-11,Meta Ads
C113455,2025-01-07,Influencer
C113456,2025-10-21,Google Ads
C113457,2026-01-29,Meta Ads
C113458,2026-01-06,Meta Ads
C113459,2024-10-12,Google Ads
C113460,2025-05-22,Influencer
C113461,2025-11-24,Referral
C113462,2025-06-07,Influencer
C113463,2025-04-12,Meta Ads
C113464,2025-04-08,Google Ads
C113465,2025-11-22,Influencer
C113466,2025-12-06,Google Ads
C113467,2025-05-15,Google Ads
C113468,2026-01-16,Influencer
C113469,2025-04-02,Meta Ads
C113470,2025-06-21,Meta Ads
C113471,2025-05-05,Organic
C113472,2024-11-07,Organic
C113473,2025-02-18,Google Ads
C113474,2025-02-09,Organic
C113475,2025-03-14,Meta Ads
C113476,2025-12-24,Organic
C113477,2025-12-04,Meta Ads
C113478,2025-04-06,Meta Ads
C113479,2025-08-08,Organic
C113480,2025-03-28,Organic
C113481,2025-05-31,Influencer
C113482,2025-03-07,Referral
C113483,2025-01-20,Influencer
C113484,2025-03-08,Referral
C113485,2025-05-03,Google Ads
C113486,2024-11-20,Influencer
C113487,2025-01-11,Influencer
C113488,2025-02-27,Meta Ads
C113489,2026-02-07,Meta Ads
C113490,2024-12-26,Referral
C113491,2025-06-25,Organic
C113492,2025-03-20,Meta Ads
C113493,2025-07-27,Google Ads
C113494,2025-02-17,Meta Ads
C113495,2025-02-24,Meta Ads
C113496,2025-03-24,Google Ads
C113497,2026-02-10,Influencer
C113498,2024-10-28,Meta Ads
C113499,2025-09-16,Influencer
C113500,2026-01-19,Influencer
C113501,2025-07-15,Google Ads
C113502,2024-10-19,Google Ads
C113503,2025-07-09,Meta Ads
C113504,2025-05-26,Influencer
C113505,2025-06-20,Meta Ads
C113506,2025-08-09,Influencer
C113507,2025-01-27,Organic
C113508,2025-03-24,Referral
C113509,2025-07-15,Organic
C113510,2025-02-10,Influencer
C113511,2025-02-21,Influencer
C113512,2024-10-16,Organic
C113513,2024-12-24,Google Ads
C113514,2025-01-05,Organic
C113515,2025-06-20,Referral
C113516,2024-10-10,Referral
C113517,2025-06-16,Google Ads
C113518,2026-02-09,Meta Ads
C113519,2025-09-06,Influencer
C113520,2025-06-26,Influencer
C113521,2025-11-18,Google Ads
C113522,2024-12-03,Organic
C113523,2025-09-04,Referral
C113524,2025-12-29,Organic
C113525,2025-11-26,Organic
C113526,2026-01-14,Google Ads
C113527,2025-08-01,Meta Ads
C113528,2025-09-13,Meta Ads
C113529,2025-02-19,Google Ads
C113530,2024-11-12,Influencer
C113531,2025-11-07,Google Ads
C113532,2024-11-08,Organic
C113533,2025-10-22,Google Ads
C113534,2025-09-30,Influencer
C113535,2025-03-15,Meta Ads
C113536,2024-10-03,Google Ads
C113537,2025-08-16,Meta Ads
C113538,2025-09-08,Google Ads
C113539,2025-04-16,Influencer
C113540,2026-01-29,Google Ads
C113541,2026-01-06,Influencer
C113542,2025-03-18,Meta Ads
C113543,2025-04-25,Organic
C113544,2025-06-01,Meta Ads
C113545,2025-06-07,Google Ads
C113546,2024-12-03,Meta Ads
C113547,2026-01-22,Meta Ads
C113548,2024-11-18,Meta Ads
C113549,2025-01-03,Meta Ads
C113550,2025-03-30,Meta Ads
C113551,2025-01-21,Google Ads
C113552,2025-06-13,Organic
C113553,2025-07-22,Google Ads
C113554,2025-09-25,Google Ads
C113555,2025-07-26,Meta Ads
C113556,2025-08-07,Organic
C113557,2025-09-27,Organic
C113558,2024-10-04,Google Ads
C113559,2024-10-21,Organic
C113560,2025-06-26,Google Ads
C113561,2024-11-14,Organic
C113562,2025-12-05,Referral
C113563,2025-07-23,Meta Ads
C113564,2025-09-19,Organic
C113565,2025-09-27,Google Ads
C113566,2024-12-23,Meta Ads
C113567,2025-08-02,Meta Ads
C113568,2025-01-02,Meta Ads
C113569,2025-05-13,Meta Ads
C113570,2025-05-30,Google Ads
C113571,2025-10-12,Referral
C113572,2025-06-27,Meta Ads
C113573,2024-11-25,Google Ads
C113574,2025-01-19,Meta Ads
C113575,2025-12-01,Referral
C113576,2025-11-07,Meta Ads
C113577,2025-03-15,Meta Ads
C113578,2025-05-15,Influencer
C113579,2025-01-17,Influencer
C113580,2025-08-24,Organic
C113581,2025-03-11,Meta Ads
C113582,2025-01-20,Meta Ads
C113583,2025-05-07,Meta Ads
C113584,2025-06-01,Influencer
C113585,2024-12-11,Organic
C113586,2026-01-19,Organic
C113587,2025-03-15,Meta Ads
C113588,2025-01-20,Influencer
C113589,2025-06-29,Meta Ads
C113590,2025-08-26,Google Ads
C113591,2026-02-12,Meta Ads
C113592,2025-04-15,Google Ads
C113593,2025-11-12,Google Ads
C113594,2025-05-06,Google Ads
C113595,2025-05-11,Referral
C113596,2025-10-19,Meta Ads
C113597,2025-01-12,Meta Ads
C113598,2025-12-30,Google Ads
C113599,2025-01-21,Influencer
C113600,2025-06-09,Meta Ads
C113601,2025-04-28,Meta Ads
C113602,2024-11-05,Meta Ads
C113603,2025-02-25,Meta Ads
C113604,2024-12-20,Meta Ads
C113605,2025-03-30,Google Ads
C113606,2025-06-21,Organic
C113607,2024-12-12,Google Ads
C113608,2024-11-26,Google Ads
C113609,2025-11-24,Meta Ads
C113610,2024-11-27,Meta Ads
C113611,2026-01-08,Influencer
C113612,2025-01-20,Organic
C113613,2025-05-10,Organic
C113614,2025-08-26,Google Ads
C113615,2025-06-22,Influencer
C113616,2025-12-04,Google Ads
C113617,2026-01-18,Google Ads
C113618,2024-10-16,Organic
C113619,2025-09-27,Referral
C113620,2025-03-19,Influencer
C113621,2025-07-22,Meta Ads
C113622,2025-03-02,Google Ads
C113623,2024-10-15,Meta Ads
C113624,2026-01-03,Google Ads
C113625,2025-10-13,Influencer
C113626,2025-09-30,Google Ads
C113627,2025-05-11,Google Ads
C113628,2025-02-11,Referral
C113629,2025-11-21,Meta Ads
C113630,2025-11-19,Meta Ads
C113631,2026-01-23,Google Ads
C113632,2024-10-07,Referral
C113633,2025-08-07,Meta Ads
C113634,2025-02-01,Influencer
C113635,2025-12-03,Influencer
C113636,2025-07-13,Organic
C113637,2024-11-02,Organic
C113638,2025-05-11,Influencer
C113639,2025-05-21,Google Ads
C113640,2025-08-08,Meta Ads
C113641,2024-12-24,Influencer
C113642,2024-11-28,Google Ads
C113643,2026-01-11,Google Ads
C113644,2024-10-27,Meta Ads
C113645,2025-05-07,Influencer
C113646,2025-05-31,Organic
C113647,2025-08-16,Referral
C113648,2025-12-27,Google Ads
C113649,2024-12-12,Google Ads
C113650,2025-04-12,Referral
C113651,2025-05-28,Meta Ads
C113652,2025-08-11,Google Ads
C113653,2025-09-28,Google Ads
C113654,2025-11-17,Google Ads
C113655,2026-01-20,Meta Ads
C113656,2024-11-12,Google Ads
C113657,2025-03-08,Meta Ads
C113658,2025-01-29,Meta Ads
C113659,2025-11-13,Google Ads
C113660,2025-09-16,Meta Ads
C113661,2025-09-18,Google Ads
C113662,2026-01-19,Influencer
C113663,2025-10-08,Google Ads
C113664,2025-01-18,Influencer
C113665,2025-10-15,Google Ads
C113666,2025-07-05,Meta Ads
C113667,2025-10-27,Google Ads
C113668,2024-10-08,Meta Ads
C113669,2025-08-03,Google Ads
C113670,2024-10-21,Influencer
C113671,2025-03-12,Meta Ads
C113672,2025-04-23,Meta Ads
C113673,2026-01-03,Meta Ads
C113674,2025-06-11,Meta Ads
C113675,2026-01-24,Google Ads
C113676,2025-03-27,Meta Ads
C113677,2024-12-12,Meta Ads
C113678,2024-10-06,Organic
C113679,2024-11-03,Meta Ads
C113680,2025-03-05,Meta Ads
C113681,2024-10-19,Referral
C113682,2025-12-18,Influencer
C113683,2025-05-22,Organic
C113684,2025-12-24,Organic
C113685,2025-12-26,Meta Ads
C113686,2025-02-19,Influencer
C113687,2025-12-01,Google Ads
C113688,2024-10-14,Meta Ads
C113689,2024-11-21,Google Ads
C113690,2025-12-17,Organic
C113691,2025-04-09,Influencer
C113692,2025-02-13,Organic
C113693,2025-11-23,Organic
C113694,2025-09-14,Meta Ads
C113695,2025-07-25,Organic
C113696,2025-11-09,Meta Ads
C113697,2025-10-31,Meta Ads
C113698,2025-10-15,Organic
C113699,2025-11-27,Google Ads
C113700,2025-05-21,Meta Ads
C113701,2025-03-24,Meta Ads
C113702,2024-11-21,Meta Ads
C113703,2025-08-10,Meta Ads
C113704,2025-06-02,Meta Ads
C113705,2025-09-30,Influencer
C113706,2025-09-24,Influencer
C113707,2025-07-30,Meta Ads
C113708,2025-02-09,Meta Ads
C113709,2026-01-24,Google Ads
C113710,2025-08-09,Organic
C113711,2025-03-28,Meta Ads
C113712,2026-02-07,Google Ads
C113713,2024-12-12,Google Ads
C113714,2025-04-25,Organic
C113715,2026-02-08,Influencer
C113716,2025-11-26,Meta Ads
C113717,2025-07-12,Google Ads
C113718,2025-09-27,Organic
C113719,2024-10-19,Meta Ads
C113720,2025-05-25,Referral
C113721,2025-11-12,Organic
C113722,2025-02-07,Google Ads
C113723,2025-04-02,Meta Ads
C113724,2024-12-12,Influencer
C113725,2024-11-27,Influencer
C113726,2024-11-11,Influencer
C113727,2026-01-10,Meta Ads
C113728,2025-05-30,Organic
C113729,2025-08-31,Referral
C113730,2025-05-12,Meta Ads
C113731,2025-08-18,Google Ads
C113732,2025-04-10,Meta Ads
C113733,2025-03-17,Google Ads
C113734,2024-11-22,Organic
C113735,2025-06-15,Meta Ads
C113736,2025-12-02,Google Ads
C113737,2025-02-07,Influencer
C113738,2025-10-06,Organic
C113739,2026-01-12,Meta Ads
C113740,2024-12-27,Meta Ads
C113741,2025-05-22,Meta Ads
C113742,2025-12-15,Meta Ads
C113743,2026-02-01,Referral
C113744,2025-09-23,Organic
C113745,2025-10-24,Referral
C113746,2025-09-20,Influencer
C113747,2024-12-05,Meta Ads
C113748,2025-09-13,Google Ads
C113749,2025-02-03,Meta Ads
C113750,2025-05-02,Organic
C113751,2026-01-24,Meta Ads
C113752,2025-12-11,Google Ads
C113753,2025-12-26,Meta Ads
C113754,2024-10-28,Google Ads
C113755,2025-10-08,Meta Ads
C113756,2025-02-18,Meta Ads
C113757,2025-06-19,Meta Ads
C113758,2025-07-08,Meta Ads
C113759,2025-07-10,Meta Ads
C113760,2025-04-12,Google Ads
C113761,2024-12-31,Google Ads
C113762,2025-08-29,Referral
C113763,2024-12-31,Organic
C113764,2025-08-12,Google Ads
C113765,2025-02-17,Meta Ads
C113766,2025-09-18,Meta Ads
C113767,2024-10-20,Google Ads
C113768,2025-01-09,Organic
C113769,2025-03-10,Google Ads
C113770,2025-06-25,Google Ads
C113771,2025-07-15,Google Ads
C113772,2025-08-21,Organic
C113773,2025-05-09,Organic
C113774,2025-07-09,Google Ads
C113775,2025-02-22,Google Ads
C113776,2025-09-24,Influencer
C113777,2025-03-04,Google Ads
C113778,2025-01-16,Meta Ads
C113779,2025-04-27,Influencer
C113780,2025-07-16,Google Ads
C113781,2024-12-19,Google Ads
C113782,2024-12-01,Meta Ads
C113783,2024-11-14,Influencer
C113784,2026-01-06,Influencer
C113785,2024-12-09,Google Ads
C113786,2024-12-05,Meta Ads
C113787,2025-02-15,Google Ads
C113788,2025-10-12,Meta Ads
C113789,2025-01-16,Referral
C113790,2025-02-22,Meta Ads
C113791,2024-10-08,Meta Ads
C113792,2025-11-11,Meta Ads
C113793,2025-03-21,Influencer
C113794,2024-10-28,Google Ads
C113795,2024-12-26,Google Ads
C113796,2025-02-11,Organic
C113797,2024-11-02,Meta Ads
C113798,2024-11-29,Organic
C113799,2026-01-24,Organic
C113800,2025-03-22,Organic
C113801,2025-09-18,Google Ads
C113802,2024-10-13,Influencer
C113803,2025-01-15,Organic
C113804,2025-07-31,Influencer
C113805,2025-05-11,Organic
C113806,2025-06-13,Organic
C113807,2024-11-12,Organic
C113808,2025-06-22,Influencer
C113809,2024-11-19,Referral
C113810,2024-11-23,Meta Ads
C113811,2026-01-12,Meta Ads
C113812,2024-11-20,Google Ads
C113813,2025-03-19,Google Ads
C113814,2025-10-04,Meta Ads
C113815,2025-03-30,Google Ads
C113816,2025-05-01,Meta Ads
C113817,2024-10-27,Meta Ads
C113818,2025-04-06,Google Ads
C113819,2024-12-28,Referral
C113820,2026-01-12,Meta Ads
C113821,2025-02-07,Google Ads
C113822,2025-10-26,Organic
C113823,2024-10-01,Meta Ads
C113824,2025-05-13,Organic
C113825,2025-06-20,Influencer
C113826,2025-11-16,Google Ads
C113827,2024-12-19,Google Ads
C113828,2025-04-05,Google Ads
C113829,2026-01-18,Google Ads
C113830,2025-06-04,Google Ads
C113831,2025-05-10,Meta Ads
C113832,2025-02-28,Google Ads
C113833,2025-08-13,Influencer
C113834,2025-02-14,Meta Ads
C113835,2025-09-18,Meta Ads
C113836,2024-10-29,Meta Ads
C113837,2024-12-17,Google Ads
C113838,2024-12-09,Google Ads
C113839,2026-01-08,Google Ads
C113840,2024-12-08,Meta Ads
C113841,2026-01-08,Organic
C113842,2024-12-16,Google Ads
C113843,2025-07-17,Google Ads
C113844,2024-11-11,Organic
C113845,2025-02-16,Meta Ads
C113846,2025-09-04,Meta Ads
C113847,2025-11-13,Meta Ads
C113848,2025-09-22,Meta Ads
C113849,2024-11-22,Influencer
C113850,2025-01-04,Meta Ads
C113851,2024-10-11,Influencer
C113852,2025-02-17,Referral
C113853,2025-05-23,Influencer
C113854,2026-01-17,Organic
C113855,2024-12-29,Referral
C113856,2025-07-06,Influencer
C113857,2025-11-23,Google Ads
C113858,2025-09-24,Meta Ads
C113859,2025-04-14,Meta Ads
C113860,2025-11-12,Influencer
C113861,2025-02-23,Meta Ads
C113862,2025-03-10,Influencer
C113863,2024-10-28,Meta Ads
C113864,2025-12-03,Influencer
C113865,2025-03-31,Influencer
C113866,2025-07-14,Referral
C113867,2025-12-31,Meta Ads
C113868,2025-08-30,Meta Ads
C113869,2025-08-09,Meta Ads
C113870,2024-11-20,Influencer
C113871,2025-07-13,Meta Ads
C113872,2025-08-30,Referral
C113873,2024-10-06,Organic
C113874,2025-12-12,Influencer
C113875,2024-12-15,Meta Ads
C113876,2024-12-16,Organic
C113877,2025-11-11,Meta Ads
C113878,2025-03-30,Meta Ads
C113879,2024-11-01,Meta Ads
C113880,2025-04-06,Google Ads
C113881,2024-11-23,Referral
C113882,2024-11-07,Google Ads
C113883,2025-01-16,Referral
C113884,2025-11-22,Google Ads
C113885,2025-01-27,Google Ads
C113886,2026-01-28,Google Ads
C113887,2025-11-12,Meta Ads
C113888,2025-07-20,Organic
C113889,2025-02-21,Organic
C113890,2026-02-02,Meta Ads
C113891,2025-12-14,Google Ads
C113892,2025-09-25,Meta Ads
C113893,2024-11-10,Referral
C113894,2025-12-13,Google Ads
C113895,2025-07-14,Meta Ads
C113896,2025-07-03,Organic
C113897,2025-01-17,Organic
C113898,2025-09-27,Referral
C113899,2024-10-18,Meta Ads
C113900,2025-07-04,Meta Ads
C113901,2025-09-06,Meta Ads
C113902,2025-08-31,Influencer
C113903,2025-06-26,Meta Ads
C113904,2025-09-03,Google Ads
C113905,2025-11-03,Referral
C113906,2025-04-09,Meta Ads
C113907,2025-11-22,Meta Ads
C113908,2025-06-27,Influencer
C113909,2025-09-24,Organic
C113910,2026-01-22,Organic
C113911,2024-11-03,Influencer
C113912,2025-06-28,Organic
C113913,2025-01-01,Google Ads
C113914,2025-02-06,Influencer
C113915,2026-01-21,Meta Ads
C113916,2024-12-17,Meta Ads
C113917,2025-03-11,Google Ads
C113918,2025-02-28,Influencer
C113919,2025-11-02,Meta Ads
C113920,2025-10-22,Google Ads
C113921,2024-12-10,Organic
C113922,2025-07-27,Meta Ads
C113923,2025-06-25,Google Ads
C113924,2025-11-18,Google Ads
C113925,2025-05-24,Organic
C113926,2025-06-16,Google Ads
C113927,2026-01-04,Google Ads
C113928,2024-12-10,Influencer
C113929,2025-02-20,Influencer
C113930,2025-02-22,Meta Ads
C113931,2025-05-28,Meta Ads
C113932,2025-06-29,Organic
C113933,2025-11-06,Organic
C113934,2025-12-24,Meta Ads
C113935,2025-11-08,Influencer
C113936,2026-01-19,Organic
C113937,2025-09-18,Meta Ads
C113938,2025-04-15,Meta Ads
C113939,2025-12-16,Organic
C113940,2024-11-19,Meta Ads
C113941,2026-01-02,Influencer
C113942,2025-12-25,Google Ads
C113943,2025-05-13,Meta Ads
C113944,2025-10-25,Meta Ads
C113945,2025-10-08,Organic
C113946,2025-02-25,Meta Ads
C113947,2025-01-18,Meta Ads
C113948,2025-04-15,Meta Ads
C113949,2026-01-12,Meta Ads
C113950,2025-05-04,Referral
C113951,2025-02-14,Meta Ads
C113952,2025-01-07,Meta Ads
C113953,2026-01-05,Organic
C113954,2025-07-16,Meta Ads
C113955,2024-12-22,Google Ads
C113956,2025-06-29,Influencer
C113957,2025-05-20,Meta Ads
C113958,2025-05-31,Influencer
C113959,2026-01-21,Organic
C113960,2024-10-02,Google Ads
C113961,2025-07-20,Meta Ads
C113962,2025-09-07,Meta Ads
C113963,2025-02-19,Google Ads
C113964,2025-07-31,Meta Ads
C113965,2025-11-14,Organic
C113966,2025-12-23,Meta Ads
C113967,2025-03-31,Meta Ads
C113968,2025-03-28,Meta Ads
C113969,2024-11-25,Google Ads
C113970,2025-01-29,Influencer
C113971,2025-08-06,Meta Ads
C113972,2025-08-15,Referral
C113973,2025-02-14,Organic
C113974,2025-06-25,Meta Ads
C113975,2024-11-28,Influencer
C113976,2025-07-22,Meta Ads
C113977,2025-07-17,Google Ads
C113978,2026-01-20,Google Ads
C113979,2025-11-07,Meta Ads
C113980,2026-01-25,Organic
C113981,2024-10-12,Google Ads
C113982,2025-12-17,Meta Ads
C113983,2025-05-20,Influencer
C113984,2025-10-27,Influencer
C113985,2025-03-26,Meta Ads
C113986,2026-01-02,Influencer
C113987,2025-09-16,Meta Ads
C113988,2024-12-19,Meta Ads
C113989,2025-07-26,Google Ads
C113990,2025-04-04,Google Ads
C113991,2025-02-12,Organic
C113992,2025-09-10,Meta Ads
C113993,2025-02-25,Referral
C113994,2025-07-09,Organic
C113995,2025-01-07,Meta Ads
C113996,2025-01-09,Influencer
C113997,2025-08-31,Meta Ads
C113998,2026-01-06,Meta Ads
C113999,2025-09-23,Meta Ads
C114000,2025-07-28,Meta Ads
C114001,2024-10-18,Meta Ads
C114002,2025-02-14,Organic
C114003,2025-03-10,Google Ads
C114004,2024-10-22,Referral
C114005,2026-01-26,Influencer
C114006,2025-05-16,Influencer
C114007,2025-06-07,Referral
C114008,2025-06-15,Google Ads
C114009,2024-11-17,Meta Ads
C114010,2025-06-18,Meta Ads
C114011,2025-03-19,Meta Ads
C114012,2026-01-29,Meta Ads
C114013,2024-10-02,Influencer
C114014,2024-11-01,Meta Ads
C114015,2025-03-04,Organic
C114016,2025-01-01,Google Ads
C114017,2025-01-09,Google Ads
C114018,2024-11-15,Organic
C114019,2024-11-03,Meta Ads
C114020,2026-01-20,Meta Ads
C114021,2025-07-05,Meta Ads
C114022,2025-03-04,Google Ads
C114023,2026-02-05,Referral
C114024,2025-05-08,Influencer
C114025,2025-01-08,Meta Ads
C114026,2025-11-13,Referral
C114027,2025-12-12,Meta Ads
C114028,2025-10-07,Influencer
C114029,2025-03-01,Referral
C114030,2026-01-16,Meta Ads
C114031,2025-06-13,Organic
C114032,2025-02-04,Meta Ads
C114033,2025-02-03,Meta Ads
C114034,2025-04-02,Meta Ads
C114035,2025-07-08,Influencer
C114036,2025-09-16,Referral
C114037,2026-01-12,Organic
C114038,2025-12-13,Google Ads
C114039,2025-09-24,Meta Ads
C114040,2025-02-22,Google Ads
C114041,2025-02-27,Google Ads
C114042,2024-10-30,Organic
C114043,2025-09-21,Referral
C114044,2024-11-27,Organic
C114045,2024-11-28,Meta Ads
C114046,2025-01-04,Meta Ads
C114047,2025-10-20,Organic
C114048,2025-01-16,Google Ads
C114049,2025-01-28,Influencer
C114050,2024-11-28,Referral
C114051,2025-06-01,Organic
C114052,2025-10-12,Meta Ads
C114053,2024-11-07,Meta Ads
C114054,2026-01-26,Meta Ads
C114055,2026-02-04,Meta Ads
C114056,2025-12-28,Google Ads
C114057,2025-05-03,Referral
C114058,2025-05-21,Referral
C114059,2024-10-20,Google Ads
C114060,2025-06-26,Meta Ads
C114061,2025-10-06,Influencer
C114062,2025-08-27,Meta Ads
C114063,2025-07-25,Meta Ads
C114064,2025-12-17,Meta Ads
C114065,2025-05-27,Meta Ads
C114066,2025-09-21,Google Ads
C114067,2025-09-13,Google Ads
C114068,2025-02-06,Meta Ads
C114069,2025-09-16,Google Ads
C114070,2025-08-04,Influencer
C114071,2024-10-14,Meta Ads
C114072,2025-01-29,Influencer
C114073,2025-08-05,Meta Ads
C114074,2025-06-07,Meta Ads
C114075,2025-02-04,Google Ads
C114076,2025-05-14,Influencer
C114077,2025-03-14,Google Ads
C114078,2025-06-21,Meta Ads
C114079,2024-12-17,Meta Ads
C114080,2025-09-12,Google Ads
C114081,2025-05-13,Meta Ads
C114082,2025-10-19,Meta Ads
C114083,2025-03-04,Google Ads
C114084,2025-01-28,Influencer
C114085,2024-11-29,Meta Ads
C114086,2026-01-27,Meta Ads
C114087,2025-05-16,Google Ads
C114088,2024-11-21,Meta Ads
C114089,2025-11-07,Organic
C114090,2025-05-26,Organic
C114091,2025-11-22,Meta Ads
C114092,2025-08-25,Google Ads
C114093,2024-11-01,Meta Ads
C114094,2024-12-01,Influencer
C114095,2025-03-10,Organic
C114096,2024-11-12,Organic
C114097,2025-10-19,Google Ads
C114098,2024-10-11,Meta Ads
C114099,2025-03-28,Organic
C114100,2025-05-09,Organic
C114101,2025-10-20,Meta Ads
C114102,2025-07-08,Google Ads
C114103,2025-11-01,Meta Ads
C114104,2026-01-06,Meta Ads
C114105,2025-05-08,Meta Ads
C114106,2025-07-09,Google Ads
C114107,2025-12-21,Referral
C114108,2025-07-30,Organic
C114109,2024-10-06,Meta Ads
C114110,2024-11-01,Google Ads
C114111,2025-12-11,Meta Ads
C114112,2025-10-18,Google Ads
C114113,2025-04-16,Google Ads
C114114,2025-08-29,Meta Ads
C114115,2025-11-03,Google Ads
C114116,2025-09-09,Organic
C114117,2025-06-24,Google Ads
C114118,2025-05-25,Organic
C114119,2024-10-05,Google Ads
C114120,2025-01-28,Meta Ads
C114121,2024-10-10,Referral
C114122,2025-12-11,Influencer
C114123,2026-01-11,Google Ads
C114124,2025-12-17,Organic
C114125,2024-10-31,Google Ads
C114126,2024-11-14,Google Ads
C114127,2026-01-01,Organic
C114128,2024-12-19,Meta Ads
C114129,2025-11-27,Google Ads
C114130,2025-11-07,Meta Ads
C114131,2026-01-25,Meta Ads
C114132,2024-10-26,Google Ads
C114133,2025-03-31,Referral
C114134,2024-10-20,Meta Ads
C114135,2025-04-26,Meta Ads
C114136,2025-04-27,Referral
C114137,2025-04-03,Meta Ads
C114138,2025-06-24,Google Ads
C114139,2025-01-09,Meta Ads
C114140,2025-05-19,Meta Ads
C114141,2025-05-25,Google Ads
C114142,2025-12-01,Influencer
C114143,2025-06-09,Organic
C114144,2025-07-31,Google Ads
C114145,2025-11-27,Meta Ads
C114146,2025-05-28,Influencer
C114147,2025-01-25,Influencer
C114148,2025-05-27,Influencer
C114149,2025-06-21,Meta Ads
C114150,2025-01-04,Meta Ads
C114151,2024-10-07,Meta Ads
C114152,2025-06-26,Influencer
C114153,2025-10-23,Influencer
C114154,2025-09-22,Meta Ads
C114155,2026-01-28,Influencer
C114156,2025-03-26,Meta Ads
C114157,2026-02-12,Influencer
C114158,2025-10-17,Influencer
C114159,2025-06-06,Organic
C114160,2025-01-29,Meta Ads
C114161,2025-03-22,Google Ads
C114162,2025-08-08,Meta Ads
C114163,2025-08-17,Google Ads
C114164,2025-07-12,Influencer
C114165,2025-10-29,Organic
C114166,2025-09-22,Meta Ads
C114167,2025-02-15,Organic
C114168,2024-10-19,Organic
C114169,2025-07-21,Organic
C114170,2025-12-12,Meta Ads
C114171,2025-12-27,Organic
C114172,2024-11-15,Google Ads
C114173,2025-10-16,Organic
C114174,2025-07-14,Meta Ads
C114175,2025-08-29,Organic
C114176,2025-03-11,Organic
C114177,2025-05-16,Google Ads
C114178,2025-02-03,Google Ads
C114179,2025-12-21,Google Ads
C114180,2025-12-17,Referral
C114181,2024-10-13,Google Ads
C114182,2024-12-08,Organic
C114183,2025-06-05,Organic
C114184,2025-02-21,Google Ads
C114185,2025-03-17,Influencer
C114186,2025-04-10,Meta Ads
C114187,2025-07-01,Google Ads
C114188,2025-04-26,Google Ads
C114189,2025-10-20,Organic
C114190,2025-02-21,Organic
C114191,2024-10-12,Meta Ads
C114192,2025-05-26,Meta Ads
C114193,2025-12-05,Google Ads
C114194,2025-02-23,Google Ads
C114195,2024-12-27,Influencer
C114196,2025-09-01,Google Ads
C114197,2025-01-31,Referral
C114198,2025-07-22,Referral
C114199,2024-10-12,Google Ads
C114200,2025-02-19,Meta Ads
C114201,2025-10-23,Organic
C114202,2025-05-09,Meta Ads
C114203,2025-03-26,Meta Ads
C114204,2025-03-06,Meta Ads
C114205,2025-02-20,Influencer
C114206,2025-12-29,Referral
C114207,2024-12-27,Organic
C114208,2025-08-27,Referral
C114209,2025-12-30,Influencer
C114210,2025-12-20,Meta Ads
C114211,2025-06-04,Meta Ads
C114212,2026-02-10,Organic
C114213,2025-02-04,Referral
C114214,2025-05-14,Influencer
C114215,2026-01-31,Organic
C114216,2025-05-05,Influencer
C114217,2026-01-10,Organic
C114218,2025-08-15,Organic
C114219,2025-08-29,Meta Ads
C114220,2025-03-28,Organic
C114221,2025-08-24,Influencer
C114222,2025-01-24,Google Ads
C114223,2024-11-07,Google Ads
C114224,2026-02-09,Influencer
C114225,2025-10-09,Organic
C114226,2025-12-18,Google Ads
C114227,2025-06-04,Meta Ads
C114228,2025-05-09,Meta Ads
C114229,2025-03-19,Google Ads
C114230,2026-02-07,Organic
C114231,2024-12-31,Influencer
C114232,2026-02-06,Influencer
C114233,2026-01-13,Google Ads
C114234,2025-01-26,Meta Ads
C114235,2025-10-03,Google Ads
C114236,2025-12-07,Meta Ads
C114237,2025-12-18,Meta Ads
C114238,2025-07-16,Meta Ads
C114239,2025-07-07,Meta Ads
C114240,2025-09-17,Influencer
C114241,2025-06-07,Influencer
C114242,2024-10-16,Meta Ads
C114243,2025-12-24,Meta Ads
C114244,2025-08-18,Google Ads
C114245,2025-11-10,Meta Ads
C114246,2025-10-24,Influencer
C114247,2025-08-09,Influencer
C114248,2024-12-08,Organic
C114249,2026-01-15,Influencer
C114250,2024-10-12,Organic
C114251,2025-11-13,Referral
C114252,2025-08-05,Meta Ads
C114253,2025-07-24,Organic
C114254,2025-02-27,Organic
C114255,2026-01-10,Organic
C114256,2025-11-04,Influencer
C114257,2024-11-28,Organic
C114258,2025-09-09,Google Ads
C114259,2024-11-14,Google Ads
C114260,2025-05-11,Organic
C114261,2025-08-24,Meta Ads
C114262,2025-09-21,Organic
C114263,2025-01-26,Google Ads
C114264,2025-12-10,Organic
C114265,2025-09-25,Referral
C114266,2025-12-21,Meta Ads
C114267,2025-12-31,Referral
C114268,2026-01-09,Organic
C114269,2025-12-28,Meta Ads
C114270,2026-01-06,Meta Ads
C114271,2025-07-13,Google Ads
C114272,2024-11-22,Meta Ads
C114273,2025-08-23,Google Ads
C114274,2025-12-11,Meta Ads
C114275,2025-08-09,Google Ads
C114276,2025-02-07,Meta Ads
C114277,2024-12-04,Meta Ads
C114278,2025-02-11,Influencer
C114279,2025-01-21,Google Ads
C114280,2025-11-04,Influencer
C114281,2026-01-28,Referral
C114282,2026-02-10,Influencer
C114283,2025-04-06,Organic
C114284,2025-05-13,Google Ads
C114285,2026-01-26,Meta Ads
C114286,2025-10-20,Google Ads
C114287,2025-03-24,Meta Ads
C114288,2025-10-14,Google Ads
C114289,2025-08-03,Meta Ads
C114290,2024-11-01,Influencer
C114291,2024-12-09,Google Ads
C114292,2025-10-23,Influencer
C114293,2025-08-27,Meta Ads
C114294,2025-06-16,Influencer
C114295,2026-02-09,Meta Ads
C114296,2025-06-27,Meta Ads
C114297,2025-10-28,Google Ads
C114298,2025-06-06,Google Ads
C114299,2024-11-27,Google Ads
C114300,2025-09-12,Organic
C114301,2025-10-17,Influencer
C114302,2025-06-17,Google Ads
C114303,2025-02-01,Meta Ads
C114304,2025-06-11,Referral
C114305,2024-10-18,Influencer
C114306,2024-11-06,Meta Ads
C114307,2025-11-10,Organic
C114308,2026-01-04,Google Ads
C114309,2026-02-05,Meta Ads
C114310,2025-06-26,Google Ads
C114311,2025-04-14,Organic
C114312,2025-10-22,Meta Ads
C114313,2025-10-22,Influencer
C114314,2025-02-17,Google Ads
C114315,2026-01-28,Organic
C114316,2025-04-21,Meta Ads
C114317,2025-09-16,Organic
C114318,2025-10-19,Organic
C114319,2026-02-09,Influencer
C114320,2025-09-02,Meta Ads
C114321,2024-11-26,Influencer
C114322,2024-11-03,Google Ads
C114323,2026-01-06,Google Ads
C114324,2025-08-25,Meta Ads
C114325,2025-03-19,Referral
C114326,2024-11-20,Google Ads
C114327,2025-07-06,Organic
C114328,2025-04-25,Influencer
C114329,2024-12-11,Organic
C114330,2024-10-15,Google Ads
C114331,2024-11-26,Influencer
C114332,2025-07-30,Meta Ads
C114333,2025-10-10,Organic
C114334,2025-12-20,Meta Ads
C114335,2024-12-04,Google Ads
C114336,2024-12-30,Meta Ads
C114337,2025-03-20,Google Ads
C114338,2026-01-13,Organic
C114339,2025-11-03,Meta Ads
C114340,2025-02-24,Google Ads
C114341,2025-10-20,Influencer
C114342,2025-06-24,Meta Ads
C114343,2024-12-24,Meta Ads
C114344,2025-06-03,Google Ads
C114345,2025-04-08,Organic
C114346,2025-04-17,Influencer
C114347,2026-01-24,Google Ads
C114348,2026-01-31,Meta Ads
C114349,2025-03-24,Google Ads
C114350,2025-08-28,Google Ads
C114351,2025-03-23,Influencer
C114352,2025-12-19,Meta Ads
C114353,2025-09-24,Google Ads
C114354,2025-04-27,Organic
C114355,2025-04-23,Meta Ads
C114356,2024-12-17,Organic
C114357,2025-08-08,Organic
C114358,2025-03-09,Meta Ads
C114359,2025-08-07,Meta Ads
C114360,2026-01-26,Referral
C114361,2025-10-14,Google Ads
C114362,2024-12-10,Meta Ads
C114363,2026-01-26,Meta Ads
C114364,2025-04-03,Google Ads
C114365,2024-11-29,Meta Ads
C114366,2024-12-22,Meta Ads
C114367,2024-11-21,Referral
C114368,2024-12-02,Meta Ads
C114369,2025-11-16,Google Ads
C114370,2025-02-28,Meta Ads
C114371,2025-03-19,Google Ads
C114372,2025-01-18,Meta Ads
C114373,2025-03-12,Organic
C114374,2025-10-23,Meta Ads
C114375,2025-02-14,Referral
C114376,2025-12-28,Referral
C114377,2025-08-12,Google Ads
C114378,2024-11-04,Google Ads
C114379,2024-11-07,Organic
C114380,2026-01-07,Organic
C114381,2025-11-04,Referral
C114382,2025-08-11,Google Ads
C114383,2026-01-09,Google Ads
C114384,2024-10-26,Meta Ads
C114385,2026-01-15,Google Ads
C114386,2024-11-06,Google Ads
C114387,2025-03-23,Organic
C114388,2025-09-10,Google Ads
C114389,2025-02-20,Meta Ads
C114390,2025-10-21,Influencer
C114391,2025-01-24,Meta Ads
C114392,2024-10-22,Referral
C114393,2025-02-04,Organic
C114394,2025-04-25,Meta Ads
C114395,2026-02-12,Referral
C114396,2026-01-26,Meta Ads
C114397,2025-01-08,Organic
C114398,2024-10-20,Organic
C114399,2025-03-06,Organic
C114400,2025-06-12,Google Ads
C114401,2025-03-24,Google Ads
C114402,2024-12-18,Meta Ads
C114403,2026-01-10,Google Ads
C114404,2025-05-02,Google Ads
C114405,2024-11-03,Google Ads
C114406,2024-10-21,Meta Ads
C114407,2024-11-23,Google Ads
C114408,2025-06-28,Referral
C114409,2025-10-10,Organic
C114410,2024-10-29,Meta Ads
C114411,2025-07-09,Influencer
C114412,2025-02-04,Google Ads
C114413,2025-08-13,Organic
C114414,2025-07-06,Organic
C114415,2025-09-11,Organic
C114416,2025-08-08,Meta Ads
C114417,2025-06-17,Google Ads
C114418,2024-10-17,Meta Ads
C114419,2025-07-03,Influencer
C114420,2026-02-07,Meta Ads
C114421,2025-11-01,Influencer
C114422,2024-11-28,Meta Ads
C114423,2025-09-21,Organic
C114424,2025-12-29,Referral
C114425,2025-03-09,Meta Ads
C114426,2024-11-15,Meta Ads
C114427,2025-05-16,Meta Ads
C114428,2025-02-17,Meta Ads
C114429,2025-05-12,Meta Ads
C114430,2025-05-06,Meta Ads
C114431,2025-09-09,Influencer
C114432,2025-03-12,Referral
C114433,2025-12-17,Influencer
C114434,2025-02-18,Google Ads
C114435,2025-02-01,Meta Ads
C114436,2025-07-15,Meta Ads
C114437,2026-01-24,Meta Ads
C114438,2025-06-05,Organic
C114439,2025-01-30,Organic
C114440,2025-02-13,Influencer
C114441,2024-12-04,Meta Ads
C114442,2025-08-20,Meta Ads
C114443,2025-03-13,Influencer
C114444,2025-03-25,Meta Ads
C114445,2025-10-23,Google Ads
C114446,2025-08-27,Referral
C114447,2026-01-08,Google Ads
C114448,2024-10-15,Referral
C114449,2025-04-11,Google Ads
C114450,2025-08-10,Meta Ads
C114451,2025-04-27,Organic
C114452,2026-01-13,Organic
C114453,2025-11-28,Google Ads
C114454,2025-09-16,Influencer
C114455,2024-12-21,Organic
C114456,2025-10-03,Influencer
C114457,2025-02-18,Referral
C114458,2025-04-03,Google Ads
C114459,2025-12-02,Meta Ads
C114460,2026-01-01,Influencer
C114461,2025-10-15,Influencer
C114462,2025-10-15,Organic
C114463,2026-02-05,Meta Ads
C114464,2025-12-03,Google Ads
C114465,2025-09-12,Organic
C114466,2025-11-05,Influencer
C114467,2025-03-23,Meta Ads
C114468,2025-12-07,Organic
C114469,2025-05-11,Influencer
C114470,2025-07-29,Organic
C114471,2025-11-18,Google Ads
C114472,2026-01-28,Influencer
C114473,2025-12-12,Meta Ads
C114474,2024-12-28,Influencer
C114475,2024-12-02,Google Ads
C114476,2024-11-07,Organic
C114477,2025-09-18,Meta Ads
C114478,2025-08-29,Google Ads
C114479,2024-11-02,Influencer
C114480,2025-03-26,Meta Ads
C114481,2024-12-08,Organic
C114482,2025-04-01,Google Ads
C114483,2024-11-28,Google Ads
C114484,2025-09-28,Meta Ads
C114485,2025-04-12,Google Ads
C114486,2025-04-19,Meta Ads
C114487,2025-12-11,Google Ads
C114488,2025-12-31,Google Ads
C114489,2025-09-10,Meta Ads
C114490,2025-02-17,Referral
C114491,2025-07-08,Meta Ads
C114492,2025-09-25,Meta Ads
C114493,2025-10-29,Referral
C114494,2025-06-02,Referral
C114495,2025-04-12,Organic
C114496,2024-11-23,Google Ads
C114497,2025-06-07,Meta Ads
C114498,2024-10-08,Meta Ads
C114499,2025-02-11,Organic
C114500,2025-03-01,Google Ads
C114501,2025-07-19,Meta Ads
C114502,2024-12-02,Google Ads
C114503,2025-03-23,Organic
C114504,2025-10-30,Meta Ads
C114505,2025-02-13,Organic
C114506,2025-05-17,Google Ads
C114507,2025-11-11,Meta Ads
C114508,2024-12-20,Meta Ads
C114509,2024-12-15,Meta Ads
C114510,2025-11-04,Organic
C114511,2025-10-12,Meta Ads
C114512,2025-09-04,Google Ads
C114513,2025-08-27,Google Ads
C114514,2025-09-23,Google Ads
C114515,2025-09-22,Influencer
C114516,2024-10-13,Meta Ads
C114517,2025-10-10,Meta Ads
C114518,2025-02-22,Referral
C114519,2025-12-21,Influencer
C114520,2025-09-19,Meta Ads
C114521,2025-07-18,Organic
C114522,2026-02-05,Organic
C114523,2024-10-07,Google Ads
C114524,2025-07-13,Google Ads
C114525,2025-03-18,Google Ads
C114526,2025-11-15,Influencer
C114527,2026-01-25,Google Ads
C114528,2026-02-05,Influencer
C114529,2025-12-10,Meta Ads
C114530,2024-12-01,Referral
C114531,2025-07-08,Meta Ads
C114532,2026-01-07,Meta Ads
C114533,2025-01-11,Google Ads
C114534,2025-02-12,Meta Ads
C114535,2026-02-10,Google Ads
C114536,2026-01-24,Meta Ads
C114537,2025-02-27,Organic
C114538,2025-04-06,Organic
C114539,2025-12-02,Meta Ads
C114540,2025-06-07,Meta Ads
C114541,2024-12-28,Influencer
C114542,2025-01-11,Google Ads
C114543,2024-11-23,Meta Ads
C114544,2025-08-02,Meta Ads
C114545,2025-06-05,Influencer
C114546,2026-02-11,Meta Ads
C114547,2024-11-11,Organic
C114548,2025-08-30,Meta Ads
C114549,2025-10-15,Influencer
C114550,2025-10-28,Google Ads
C114551,2025-04-25,Meta Ads
C114552,2025-11-03,Influencer
C114553,2024-12-05,Influencer
C114554,2025-12-13,Meta Ads
C114555,2024-10-20,Google Ads
C114556,2026-01-24,Organic
C114557,2025-11-20,Influencer
C114558,2025-11-03,Google Ads
C114559,2024-10-22,Meta Ads
C114560,2026-01-28,Meta Ads
C114561,2025-10-18,Meta Ads
C114562,2026-02-11,Meta Ads
C114563,2025-11-08,Referral
C114564,2024-10-21,Meta Ads
C114565,2025-04-14,Influencer
C114566,2026-01-18,Influencer
C114567,2025-03-31,Referral
C114568,2025-06-30,Influencer
C114569,2025-03-06,Influencer
C114570,2025-05-08,Organic
C114571,2025-10-16,Google Ads
C114572,2024-10-09,Google Ads
C114573,2025-02-05,Organic
C114574,2025-02-21,Meta Ads
C114575,2025-05-05,Referral
C114576,2025-06-25,Meta Ads
C114577,2024-10-21,Google Ads
C114578,2025-10-12,Google Ads
C114579,2025-11-20,Meta Ads
C114580,2026-01-22,Meta Ads
C114581,2025-03-13,Influencer
C114582,2025-12-30,Meta Ads
C114583,2025-06-18,Meta Ads
C114584,2024-11-10,Meta Ads
C114585,2025-04-30,Influencer
C114586,2025-04-24,Google Ads
C114587,2025-03-25,Meta Ads
C114588,2025-02-14,Organic
C114589,2025-01-16,Organic
C114590,2025-09-09,Google Ads
C114591,2025-11-17,Google Ads
C114592,2024-10-10,Google Ads
C114593,2025-06-16,Google Ads
C114594,2025-08-17,Influencer
C114595,2025-07-16,Google Ads
C114596,2025-06-21,Google Ads
C114597,2025-06-18,Meta Ads
C114598,2025-09-09,Google Ads
C114599,2025-02-14,Meta Ads
C114600,2025-04-19,Google Ads
C114601,2024-10-08,Influencer
C114602,2025-08-11,Meta Ads
C114603,2026-02-08,Influencer
C114604,2025-03-11,Influencer
C114605,2026-01-23,Referral
C114606,2025-11-23,Meta Ads
C114607,2025-02-07,Meta Ads
C114608,2025-04-01,Meta Ads
C114609,2025-06-20,Google Ads
C114610,2024-10-13,Influencer
C114611,2025-09-18,Meta Ads
C114612,2024-10-18,Influencer
C114613,2024-10-29,Google Ads
C114614,2025-12-14,Influencer
C114615,2024-12-26,Meta Ads
C114616,2025-09-22,Google Ads
C114617,2025-07-02,Meta Ads
C114618,2024-11-02,Meta Ads
C114619,2025-08-02,Google Ads
C114620,2025-05-29,Organic
C114621,2025-06-14,Meta Ads
C114622,2024-12-04,Organic
C114623,2024-10-06,Google Ads
C114624,2026-01-15,Meta Ads
C114625,2025-08-01,Meta Ads
C114626,2024-11-13,Meta Ads
C114627,2025-11-11,Google Ads
C114628,2025-11-24,Google Ads
C114629,2026-01-20,Influencer
C114630,2025-05-08,Meta Ads
C114631,2025-08-29,Referral
C114632,2026-02-02,Meta Ads
C114633,2025-02-21,Organic
C114634,2025-12-29,Meta Ads
C114635,2024-12-10,Organic
C114636,2025-01-16,Meta Ads
C114637,2026-01-24,Google Ads
C114638,2025-12-11,Meta Ads
C114639,2025-10-07,Meta Ads
C114640,2025-01-14,Influencer
C114641,2025-01-29,Google Ads
C114642,2025-01-02,Meta Ads
C114643,2025-08-20,Influencer
C114644,2025-02-10,Influencer
C114645,2025-02-23,Google Ads
C114646,2025-03-29,Meta Ads
C114647,2025-05-01,Organic
C114648,2025-04-11,Google Ads
C114649,2025-03-24,Google Ads
C114650,2024-11-25,Meta Ads
C114651,2024-12-13,Organic
C114652,2025-11-10,Meta Ads
C114653,2025-02-03,Organic
C114654,2025-02-07,Meta Ads
C114655,2025-09-29,Google Ads
C114656,2025-05-08,Google Ads
C114657,2024-12-23,Meta Ads
C114658,2024-11-21,Influencer
C114659,2024-12-30,Meta Ads
C114660,2025-09-12,Google Ads
C114661,2024-11-11,Meta Ads
C114662,2025-04-11,Meta Ads
C114663,2026-01-15,Meta Ads
C114664,2025-08-06,Referral
C114665,2025-03-18,Organic
C114666,2024-11-07,Google Ads
C114667,2025-08-08,Meta Ads
C114668,2026-02-01,Meta Ads
C114669,2025-04-07,Referral
C114670,2025-04-22,Google Ads
C114671,2024-10-26,Influencer
C114672,2025-06-21,Referral
C114673,2024-12-19,Organic
C114674,2024-10-15,Meta Ads
C114675,2024-10-28,Meta Ads
C114676,2025-01-22,Meta Ads
C114677,2025-02-13,Google Ads
C114678,2025-01-08,Referral
C114679,2025-11-14,Organic
C114680,2025-12-21,Google Ads
C114681,2025-02-27,Google Ads
C114682,2024-11-19,Google Ads
C114683,2025-04-17,Meta Ads
C114684,2025-04-26,Meta Ads
C114685,2025-03-04,Google Ads
C114686,2026-01-06,Google Ads
C114687,2025-05-06,Google Ads
C114688,2025-05-10,Meta Ads
C114689,2025-01-09,Meta Ads
C114690,2025-05-09,Meta Ads
C114691,2024-12-25,Meta Ads
C114692,2025-02-01,Meta Ads
C114693,2025-10-08,Referral
C114694,2025-12-31,Meta Ads
C114695,2025-10-28,Meta Ads
C114696,2025-12-18,Google Ads
C114697,2025-01-12,Meta Ads
C114698,2025-10-31,Google Ads
C114699,2025-02-17,Influencer
C114700,2025-01-23,Google Ads
C114701,2025-07-28,Meta Ads
C114702,2026-01-05,Meta Ads
C114703,2024-12-21,Google Ads
C114704,2024-11-22,Google Ads
C114705,2024-10-27,Organic
C114706,2025-01-26,Meta Ads
C114707,2025-12-01,Influencer
C114708,2025-03-01,Meta Ads
C114709,2024-12-03,Meta Ads
C114710,2025-09-04,Organic
C114711,2025-12-11,Influencer
C114712,2025-01-13,Google Ads
C114713,2025-05-30,Meta Ads
C114714,2025-08-23,Meta Ads
C114715,2025-07-06,Meta Ads
C114716,2024-12-29,Meta Ads
C114717,2025-05-15,Google Ads
C114718,2026-01-22,Meta Ads
C114719,2025-11-25,Meta Ads
C114720,2024-11-18,Influencer
C114721,2025-01-28,Google Ads
C114722,2025-04-08,Google Ads
C114723,2025-02-27,Meta Ads
C114724,2025-11-19,Meta Ads
C114725,2025-01-27,Organic
C114726,2025-11-15,Google Ads
C114727,2025-09-02,Google Ads
C114728,2025-11-11,Meta Ads
C114729,2025-02-01,Google Ads
C114730,2025-08-20,Meta Ads
C114731,2025-12-28,Google Ads
C114732,2025-10-04,Google Ads
C114733,2025-01-26,Meta Ads
C114734,2025-07-15,Meta Ads
C114735,2025-04-13,Organic
C114736,2025-05-05,Meta Ads
C114737,2025-04-16,Influencer
C114738,2025-12-05,Google Ads
C114739,2025-10-19,Meta Ads
C114740,2025-12-04,Organic
C114741,2025-10-15,Meta Ads
C114742,2025-04-12,Google Ads
C114743,2025-04-15,Google Ads
C114744,2024-10-05,Influencer
C114745,2026-01-07,Organic
C114746,2024-10-16,Influencer
C114747,2024-10-08,Organic
C114748,2025-05-13,Organic
C114749,2025-04-27,Google Ads
C114750,2024-10-11,Referral
C114751,2025-04-03,Referral
C114752,2025-01-10,Influencer
C114753,2025-06-01,Influencer
C114754,2025-09-29,Google Ads
C114755,2024-12-10,Meta Ads
C114756,2025-03-27,Meta Ads
C114757,2025-08-20,Google Ads
C114758,2025-05-01,Google Ads
C114759,2025-03-22,Google Ads
C114760,2025-10-17,Meta Ads
C114761,2024-12-07,Google Ads
C114762,2025-02-03,Organic
C114763,2024-12-09,Meta Ads
C114764,2025-11-10,Google Ads
C114765,2025-12-04,Meta Ads
C114766,2024-11-07,Organic
C114767,2026-02-03,Influencer
C114768,2025-05-28,Referral
C114769,2025-11-27,Referral
C114770,2025-01-21,Organic
C114771,2026-01-07,Google Ads
C114772,2025-06-26,Influencer
C114773,2025-06-04,Influencer
C114774,2024-10-17,Meta Ads
C114775,2024-11-25,Meta Ads
C114776,2024-12-30,Google Ads
C114777,2025-09-03,Referral
C114778,2025-01-19,Influencer
C114779,2025-04-02,Meta Ads
C114780,2025-11-29,Meta Ads
C114781,2025-07-03,Organic
C114782,2025-09-17,Google Ads
C114783,2026-01-29,Meta Ads
C114784,2024-11-04,Organic
C114785,2026-01-26,Meta Ads
C114786,2024-12-05,Influencer
C114787,2024-10-12,Referral
C114788,2024-10-03,Google Ads
C114789,2025-05-12,Referral
C114790,2024-11-17,Influencer
C114791,2025-04-16,Google Ads
C114792,2025-05-18,Meta Ads
C114793,2024-11-20,Organic
C114794,2025-10-10,Google Ads
C114795,2025-09-15,Referral
C114796,2024-12-26,Google Ads
C114797,2025-05-22,Influencer
C114798,2025-01-30,Organic
C114799,2025-04-14,Influencer
C114800,2025-09-13,Meta Ads
C114801,2025-06-25,Meta Ads
C114802,2025-10-02,Influencer
C114803,2025-08-31,Meta Ads
C114804,2025-05-07,Organic
C114805,2025-12-11,Meta Ads
C114806,2025-04-23,Influencer
C114807,2025-11-16,Meta Ads
C114808,2025-01-03,Google Ads
C114809,2025-10-14,Influencer
C114810,2025-12-07,Organic
C114811,2026-01-17,Google Ads
C114812,2026-01-11,Influencer
C114813,2025-09-12,Referral
C114814,2025-11-04,Referral
C114815,2025-11-27,Referral
C114816,2025-11-13,Meta Ads
C114817,2025-08-19,Meta Ads
C114818,2025-01-11,Meta Ads
C114819,2025-02-11,Google Ads
C114820,2025-05-07,Meta Ads
C114821,2025-09-06,Referral
C114822,2025-11-12,Meta Ads
C114823,2025-08-23,Meta Ads
C114824,2025-08-24,Meta Ads
C114825,2025-09-14,Organic
C114826,2025-09-28,Influencer
C114827,2025-03-31,Google Ads
C114828,2026-01-04,Google Ads
C114829,2024-12-29,Meta Ads
C114830,2025-08-18,Referral
C114831,2025-05-09,Meta Ads
C114832,2024-12-21,Organic
C114833,2025-02-14,Meta Ads
C114834,2025-09-29,Referral
C114835,2025-02-28,Meta Ads
C114836,2025-10-08,Google Ads
C114837,2025-12-09,Google Ads
C114838,2025-12-31,Organic
C114839,2025-05-22,Meta Ads
C114840,2025-08-22,Google Ads
C114841,2025-02-06,Google Ads
C114842,2025-04-27,Influencer
C114843,2025-10-05,Meta Ads
C114844,2026-01-17,Meta Ads
C114845,2025-09-27,Google Ads
C114846,2025-04-28,Organic
C114847,2025-04-05,Referral
C114848,2025-01-27,Influencer
C114849,2024-10-27,Organic
C114850,2025-03-06,Meta Ads
C114851,2025-06-22,Meta Ads
C114852,2025-12-30,Referral
C114853,2024-12-30,Influencer
C114854,2025-08-29,Google Ads
C114855,2025-09-02,Meta Ads
C114856,2025-08-07,Meta Ads
C114857,2025-06-22,Google Ads
C114858,2025-09-24,Meta Ads
C114859,2026-02-12,Google Ads
C114860,2024-12-03,Meta Ads
C114861,2025-06-19,Google Ads
C114862,2025-09-14,Meta Ads
C114863,2024-11-21,Google Ads
C114864,2026-01-05,Google Ads
C114865,2025-10-12,Google Ads
C114866,2025-04-20,Google Ads
C114867,2025-05-19,Referral
C114868,2025-06-04,Meta Ads
C114869,2024-10-04,Organic
C114870,2024-11-14,Meta Ads
C114871,2025-05-25,Meta Ads
C114872,2025-08-23,Meta Ads
C114873,2025-07-28,Organic
C114874,2025-12-06,Meta Ads
C114875,2024-12-03,Google Ads
C114876,2025-11-07,Meta Ads
C114877,2025-08-06,Google Ads
C114878,2024-11-07,Google Ads
C114879,2025-07-12,Meta Ads
C114880,2025-04-20,Referral
C114881,2025-06-12,Meta Ads
C114882,2024-10-27,Google Ads
C114883,2025-07-15,Meta Ads
C114884,2025-05-19,Influencer
C114885,2025-11-24,Referral
C114886,2025-11-17,Google Ads
C114887,2025-07-14,Influencer
C114888,2025-11-27,Meta Ads
C114889,2025-07-19,Organic
C114890,2025-03-31,Meta Ads
C114891,2025-09-30,Meta Ads
C114892,2025-09-30,Meta Ads
C114893,2025-05-10,Influencer
C114894,2024-11-14,Influencer
C114895,2024-11-30,Meta Ads
C114896,2025-03-28,Meta Ads
C114897,2025-07-31,Organic
C114898,2025-05-15,Meta Ads
C114899,2026-01-05,Google Ads
C114900,2024-11-25,Referral
C114901,2025-04-06,Meta Ads
C114902,2025-12-18,Google Ads
C114903,2025-12-04,Influencer
C114904,2025-02-09,Organic
C114905,2025-10-16,Influencer
C114906,2025-07-20,Organic
C114907,2025-03-06,Meta Ads
C114908,2024-12-19,Google Ads
C114909,2026-01-26,Influencer
C114910,2025-04-05,Organic
C114911,2025-02-02,Organic
C114912,2025-02-24,Organic
C114913,2025-06-18,Organic
C114914,2025-07-14,Influencer
C114915,2026-01-29,Influencer
C114916,2025-05-06,Google Ads
C114917,2025-06-10,Organic
C114918,2025-11-18,Organic
C114919,2025-11-30,Meta Ads
C114920,2026-01-14,Organic
C114921,2026-01-14,Meta Ads
C114922,2025-01-10,Meta Ads
C114923,2025-07-25,Meta Ads
C114924,2025-02-13,Influencer
C114925,2025-01-18,Meta Ads
C114926,2025-07-27,Google Ads
C114927,2024-10-05,Google Ads
C114928,2025-10-08,Influencer
C114929,2026-01-11,Google Ads
C114930,2025-08-24,Meta Ads
C114931,2024-12-10,Referral
C114932,2025-04-30,Influencer
C114933,2025-09-17,Meta Ads
C114934,2025-10-05,Organic
C114935,2025-03-12,Organic
C114936,2025-08-21,Influencer
C114937,2025-08-11,Google Ads
C114938,2026-02-10,Influencer
C114939,2024-10-04,Meta Ads
C114940,2025-08-21,Meta Ads
C114941,2025-12-22,Referral
C114942,2025-07-18,Organic
C114943,2025-09-07,Google Ads
C114944,2025-08-28,Influencer
C114945,2025-04-29,Organic
C114946,2026-01-14,Organic
C114947,2025-06-25,Organic
C114948,2025-04-02,Meta Ads
C114949,2025-05-28,Organic
C114950,2025-10-27,Referral
C114951,2025-05-05,Organic
C114952,2025-12-14,Meta Ads
C114953,2025-11-04,Influencer
C114954,2025-10-09,Organic
C114955,2025-06-26,Google Ads
C114956,2024-12-06,Google Ads
C114957,2025-09-07,Organic
C114958,2025-05-30,Organic
C114959,2025-04-10,Meta Ads
C114960,2025-09-03,Influencer
C114961,2025-12-15,Google Ads
C114962,2025-12-25,Organic
C114963,2025-07-09,Organic
C114964,2024-12-15,Referral
C114965,2025-07-29,Organic
C114966,2025-12-23,Organic
C114967,2025-12-07,Meta Ads
C114968,2026-01-08,Google Ads
C114969,2024-10-10,Referral
C114970,2025-10-11,Meta Ads
C114971,2024-11-28,Meta Ads
C114972,2025-04-26,Meta Ads
C114973,2025-04-15,Organic
C114974,2025-12-13,Influencer
C114975,2024-12-02,Influencer
C114976,2025-03-31,Meta Ads
C114977,2025-01-17,Referral
C114978,2025-10-10,Meta Ads
C114979,2025-05-19,Google Ads
C114980,2025-08-20,Google Ads
C114981,2024-11-27,Referral
C114982,2025-11-18,Meta Ads
C114983,2025-04-04,Referral
C114984,2025-12-01,Referral
C114985,2026-01-03,Meta Ads
C114986,2024-10-26,Organic
C114987,2025-01-17,Influencer
C114988,2025-09-12,Google Ads
C114989,2025-06-04,Google Ads
C114990,2025-02-21,Referral
C114991,2024-10-30,Organic
C114992,2024-10-08,Google Ads
C114993,2025-03-29,Meta Ads
C114994,2024-12-14,Influencer
C114995,2024-11-02,Influencer
C114996,2025-09-17,Meta Ads
C114997,2025-10-23,Organic
C114998,2025-03-08,Influencer
C114999,2025-03-06,Influencer
C115000,2025-03-10,Organic
C115001,2026-01-29,Referral
C115002,2025-06-15,Influencer
C115003,2025-06-05,Meta Ads
C115004,2024-12-23,Organic
C115005,2025-07-20,Referral
C115006,2025-05-11,Organic
C115007,2025-11-20,Organic
C115008,2024-11-14,Influencer
C115009,2025-10-04,Influencer
C115010,2025-03-25,Meta Ads
C115011,2025-05-19,Google Ads
C115012,2025-07-16,Google Ads
C115013,2026-01-26,Google Ads
C115014,2025-12-29,Google Ads
C115015,2024-10-02,Meta Ads
C115016,2024-12-13,Meta Ads
C115017,2024-12-27,Meta Ads
C115018,2025-06-30,Meta Ads
C115019,2025-12-13,Google Ads
C115020,2025-08-28,Meta Ads
C115021,2025-02-20,Meta Ads
C115022,2025-07-06,Referral
C115023,2025-08-29,Meta Ads
C115024,2025-03-13,Meta Ads
C115025,2025-01-01,Google Ads
C115026,2025-08-26,Google Ads
C115027,2025-09-06,Google Ads
C115028,2024-10-05,Influencer
C115029,2025-12-18,Influencer
C115030,2024-12-19,Google Ads
C115031,2025-12-28,Google Ads
C115032,2024-12-07,Organic
C115033,2024-10-26,Influencer
C115034,2025-10-01,Organic
C115035,2025-08-21,Google Ads
C115036,2025-07-18,Organic
C115037,2025-12-07,Influencer
C115038,2024-12-06,Google Ads
C115039,2025-04-18,Meta Ads
C115040,2025-02-15,Meta Ads
C115041,2025-12-04,Meta Ads
C115042,2024-12-06,Meta Ads
C115043,2025-01-28,Google Ads
C115044,2025-09-02,Organic
C115045,2025-06-10,Google Ads
C115046,2025-03-21,Meta Ads
C115047,2024-11-03,Influencer
C115048,2025-11-19,Google Ads
C115049,2026-01-31,Referral
C115050,2025-06-12,Referral
C115051,2025-05-18,Meta Ads
C115052,2025-01-23,Meta Ads
C115053,2025-01-14,Meta Ads
C115054,2025-11-17,Meta Ads
C115055,2025-10-09,Meta Ads
C115056,2024-10-23,Influencer
C115057,2025-03-26,Meta Ads
C115058,2025-07-20,Meta Ads
C115059,2025-04-29,Meta Ads
C115060,2025-03-07,Google Ads
C115061,2025-12-03,Meta Ads
C115062,2024-10-11,Influencer
C115063,2024-10-29,Meta Ads
C115064,2025-04-09,Referral
C115065,2025-07-24,Influencer
C115066,2025-03-02,Google Ads
C115067,2025-02-27,Google Ads
C115068,2025-05-29,Influencer
C115069,2025-11-23,Google Ads
C115070,2025-12-16,Organic
C115071,2025-02-15,Meta Ads
C115072,2025-03-11,Referral
C115073,2025-11-01,Google Ads
C115074,2025-07-22,Google Ads
C115075,2024-11-12,Meta Ads
C115076,2025-01-27,Organic
C115077,2024-11-16,Meta Ads
C115078,2025-12-31,Google Ads
C115079,2025-10-09,Organic
C115080,2025-07-14,Meta Ads
C115081,2025-03-15,Meta Ads
C115082,2025-10-13,Organic
C115083,2025-12-16,Influencer
C115084,2024-12-26,Influencer
C115085,2025-06-29,Google Ads
C115086,2025-07-24,Influencer
C115087,2024-12-31,Organic
C115088,2025-12-29,Meta Ads
C115089,2025-09-26,Meta Ads
C115090,2026-01-25,Meta Ads
C115091,2025-05-05,Influencer
C115092,2025-08-19,Google Ads
C115093,2025-12-20,Influencer
C115094,2025-09-24,Google Ads
C115095,2024-10-11,Organic
C115096,2025-01-27,Organic
C115097,2024-10-13,Meta Ads
C115098,2025-03-08,Google Ads
C115099,2025-03-15,Google Ads
C115100,2024-12-15,Google Ads
C115101,2025-11-30,Meta Ads
C115102,2025-01-12,Organic
C115103,2024-10-17,Influencer
C115104,2024-12-11,Google Ads
C115105,2025-03-27,Referral
C115106,2025-05-29,Influencer
C115107,2025-11-08,Meta Ads
C115108,2025-08-06,Google Ads
C115109,2025-04-24,Influencer
C115110,2025-01-10,Meta Ads
C115111,2025-10-27,Meta Ads
C115112,2025-07-09,Organic
C115113,2025-01-08,Meta Ads
C115114,2025-09-13,Meta Ads
C115115,2025-11-30,Meta Ads
C115116,2025-07-09,Organic
C115117,2025-09-16,Google Ads
C115118,2025-01-18,Influencer
C115119,2025-02-04,Google Ads
C115120,2025-01-14,Organic
C115121,2024-10-23,Referral
C115122,2025-08-14,Google Ads
C115123,2025-09-15,Influencer
C115124,2025-03-14,Organic
C115125,2025-10-30,Influencer
C115126,2024-12-07,Organic
C115127,2025-06-24,Meta Ads
C115128,2025-08-01,Influencer
C115129,2025-02-02,Meta Ads
C115130,2024-10-19,Meta Ads
C115131,2025-05-13,Meta Ads
C115132,2025-06-28,Google Ads
C115133,2026-01-09,Influencer
C115134,2024-12-25,Meta Ads
C115135,2025-12-20,Influencer
C115136,2025-01-02,Meta Ads
C115137,2025-02-02,Organic
C115138,2025-12-16,Organic
C115139,2024-10-06,Meta Ads
C115140,2025-01-19,Google Ads
C115141,2025-07-20,Influencer
C115142,2025-11-24,Google Ads
C115143,2025-04-21,Google Ads
C115144,2025-09-14,Google Ads
C115145,2024-11-01,Referral
C115146,2025-06-25,Influencer
C115147,2025-10-23,Organic
C115148,2025-10-16,Influencer
C115149,2025-06-25,Influencer
C115150,2025-11-17,Meta Ads
C115151,2025-09-19,Meta Ads
C115152,2025-02-22,Google Ads
C115153,2025-04-11,Organic
C115154,2024-10-18,Meta Ads
C115155,2026-01-13,Organic
C115156,2025-09-18,Referral
C115157,2025-03-15,Google Ads
C115158,2025-06-04,Google Ads
C115159,2025-10-19,Meta Ads
C115160,2025-06-27,Influencer
C115161,2024-11-06,Organic
C115162,2025-07-28,Organic
C115163,2024-11-09,Google Ads
C115164,2025-02-23,Referral
C115165,2024-12-23,Organic
C115166,2025-10-25,Meta Ads
C115167,2025-09-13,Google Ads
C115168,2025-10-11,Google Ads
C115169,2025-05-25,Google Ads
C115170,2025-01-27,Meta Ads
C115171,2025-06-10,Organic
C115172,2025-09-17,Meta Ads
C115173,2025-05-02,Meta Ads
C115174,2025-02-18,Google Ads
C115175,2025-10-05,Meta Ads
C115176,2025-09-12,Meta Ads
C115177,2025-12-05,Meta Ads
C115178,2025-06-16,Google Ads
C115179,2025-06-23,Meta Ads
C115180,2025-02-05,Influencer
C115181,2025-01-01,Organic
C115182,2025-11-22,Meta Ads
C115183,2025-07-13,Meta Ads
C115184,2024-10-04,Influencer
C115185,2026-01-25,Influencer
C115186,2025-06-22,Google Ads
C115187,2024-11-27,Google Ads
C115188,2026-01-27,Google Ads
C115189,2025-06-29,Meta Ads
C115190,2025-09-20,Organic
C115191,2026-02-07,Organic
C115192,2025-03-23,Google Ads
C115193,2024-11-08,Influencer
C115194,2025-04-14,Google Ads
C115195,2025-07-22,Influencer
C115196,2025-01-05,Meta Ads
C115197,2025-05-28,Google Ads
C115198,2024-12-07,Influencer
C115199,2025-11-30,Google Ads
C115200,2024-10-31,Influencer
C115201,2025-01-16,Organic
C115202,2024-11-22,Google Ads
C115203,2025-11-11,Meta Ads
C115204,2025-11-02,Meta Ads
C115205,2026-01-05,Referral
C115206,2024-10-01,Influencer
C115207,2024-12-24,Google Ads
C115208,2025-05-29,Referral
C115209,2025-12-26,Meta Ads
C115210,2025-02-04,Google Ads
C115211,2025-03-31,Google Ads
C115212,2025-04-25,Meta Ads
C115213,2025-01-15,Meta Ads
C115214,2025-11-07,Meta Ads
C115215,2025-08-10,Meta Ads
C115216,2024-12-15,Meta Ads
C115217,2025-10-08,Organic
C115218,2025-07-08,Organic
C115219,2025-02-19,Meta Ads
C115220,2025-06-01,Meta Ads
C115221,2024-12-11,Influencer
C115222,2025-03-28,Google Ads
C115223,2024-12-26,Meta Ads
C115224,2025-09-09,Organic
C115225,2025-03-12,Google Ads
C115226,2025-03-01,Google Ads
C115227,2025-04-01,Meta Ads
C115228,2025-07-08,Google Ads
C115229,2025-09-05,Google Ads
C115230,2025-02-28,Meta Ads
C115231,2025-12-10,Google Ads
C115232,2025-05-09,Influencer
C115233,2025-08-23,Meta Ads
C115234,2024-11-04,Google Ads
C115235,2025-01-11,Meta Ads
C115236,2025-12-17,Organic
C115237,2025-06-02,Meta Ads
C115238,2025-09-09,Meta Ads
C115239,2025-10-15,Meta Ads
C115240,2025-08-03,Organic
C115241,2025-03-17,Meta Ads
C115242,2025-05-12,Meta Ads
C115243,2025-05-24,Meta Ads
C115244,2025-02-25,Organic
C115245,2026-02-09,Google Ads
C115246,2025-07-12,Meta Ads
C115247,2025-04-16,Meta Ads
C115248,2025-08-14,Influencer
C115249,2025-04-30,Meta Ads
C115250,2025-01-20,Referral
C115251,2025-10-13,Meta Ads
C115252,2025-12-03,Google Ads
C115253,2024-10-21,Referral
C115254,2025-12-27,Referral
C115255,2025-01-05,Meta Ads
C115256,2025-12-31,Meta Ads
C115257,2026-01-14,Meta Ads
C115258,2026-01-20,Organic
C115259,2025-08-28,Meta Ads
C115260,2024-10-30,Google Ads
C115261,2025-06-02,Google Ads
C115262,2025-08-12,Google Ads
C115263,2025-06-06,Google Ads
C115264,2026-01-18,Meta Ads
C115265,2024-10-15,Organic
C115266,2025-07-24,Google Ads
C115267,2025-03-28,Google Ads
C115268,2024-11-25,Meta Ads
C115269,2025-04-26,Google Ads
C115270,2025-02-15,Meta Ads
C115271,2024-12-30,Meta Ads
C115272,2025-02-28,Meta Ads
C115273,2025-07-03,Meta Ads
C115274,2024-12-24,Google Ads
C115275,2024-11-01,Google Ads
C115276,2024-12-18,Referral
C115277,2025-05-09,Meta Ads
C115278,2025-05-28,Organic
C115279,2025-11-11,Influencer
C115280,2025-06-11,Meta Ads
C115281,2025-07-14,Meta Ads
C115282,2025-04-22,Influencer
C115283,2025-08-19,Referral
C115284,2025-11-23,Meta Ads
C115285,2025-05-14,Meta Ads
C115286,2026-01-23,Meta Ads
C115287,2025-10-09,Referral
C115288,2026-02-03,Meta Ads
C115289,2025-06-03,Influencer
C115290,2024-11-29,Influencer
C115291,2025-05-30,Google Ads
C115292,2025-03-05,Organic
C115293,2025-09-23,Meta Ads
C115294,2025-07-24,Organic
C115295,2025-01-01,Meta Ads
C115296,2025-08-25,Organic
C115297,2025-02-15,Google Ads
C115298,2025-11-01,Meta Ads
C115299,2025-11-29,Influencer
C115300,2024-12-05,Organic
C115301,2025-08-22,Referral
C115302,2025-05-04,Meta Ads
C115303,2025-03-27,Referral
C115304,2024-12-09,Google Ads
C115305,2025-09-08,Google Ads
C115306,2025-05-15,Meta Ads
C115307,2025-12-29,Meta Ads
C115308,2024-10-09,Referral
C115309,2025-02-07,Meta Ads
C115310,2025-03-08,Meta Ads
C115311,2025-07-04,Meta Ads
C115312,2025-08-11,Organic
C115313,2025-12-14,Organic
C115314,2024-10-08,Organic
C115315,2024-12-31,Influencer
C115316,2024-10-02,Google Ads
C115317,2025-09-10,Influencer
C115318,2024-12-19,Influencer
C115319,2025-04-20,Google Ads
C115320,2025-01-28,Meta Ads
C115321,2025-06-23,Google Ads
C115322,2025-11-10,Organic
C115323,2025-04-02,Meta Ads
C115324,2024-12-28,Google Ads
C115325,2024-11-28,Organic
C115326,2024-12-29,Google Ads
C115327,2025-12-30,Google Ads
C115328,2025-10-07,Influencer
C115329,2025-06-18,Influencer
C115330,2025-11-05,Referral
C115331,2024-12-27,Organic
C115332,2024-12-24,Google Ads
C115333,2025-11-20,Meta Ads
C115334,2026-02-03,Referral
C115335,2025-12-26,Referral
C115336,2024-10-01,Organic
C115337,2025-07-28,Meta Ads
C115338,2025-12-01,Google Ads
C115339,2026-02-04,Google Ads
C115340,2025-07-31,Meta Ads
C115341,2025-03-26,Meta Ads
C115342,2025-01-11,Meta Ads
C115343,2026-01-16,Meta Ads
C115344,2025-01-12,Meta Ads
C115345,2025-04-28,Google Ads
C115346,2024-10-04,Organic
C115347,2024-12-18,Organic
C115348,2025-01-01,Meta Ads
C115349,2025-02-10,Organic
C115350,2025-10-27,Google Ads
C115351,2025-09-16,Meta Ads
C115352,2024-10-08,Influencer
C115353,2025-08-31,Influencer
C115354,2024-11-16,Referral
C115355,2025-11-25,Referral
C115356,2025-05-23,Influencer
C115357,2024-11-14,Meta Ads
C115358,2025-07-26,Influencer
C115359,2025-12-24,Meta Ads
C115360,2025-02-20,Meta Ads
C115361,2024-10-29,Meta Ads
C115362,2024-12-02,Meta Ads
C115363,2025-06-04,Google Ads
C115364,2025-09-23,Influencer
C115365,2025-10-01,Meta Ads
C115366,2024-11-29,Organic
C115367,2024-11-07,Google Ads
C115368,2025-07-14,Influencer
C115369,2025-10-31,Meta Ads
C115370,2025-04-27,Meta Ads
C115371,2025-02-12,Influencer
C115372,2025-05-11,Organic
C115373,2025-04-16,Influencer
C115374,2026-01-08,Meta Ads
C115375,2026-02-10,Organic
C115376,2024-10-04,Meta Ads
C115377,2024-10-10,Meta Ads
C115378,2025-09-30,Google Ads
C115379,2025-07-06,Influencer
C115380,2025-06-21,Organic
C115381,2025-08-11,Google Ads
C115382,2025-10-15,Meta Ads
C115383,2025-12-25,Meta Ads
C115384,2025-12-02,Meta Ads
C115385,2025-03-09,Google Ads
C115386,2025-06-08,Organic
C115387,2025-07-23,Meta Ads
C115388,2025-12-24,Influencer
C115389,2024-10-01,Influencer
C115390,2025-10-05,Influencer
C115391,2025-12-11,Influencer
C115392,2025-07-19,Google Ads
C115393,2025-05-24,Meta Ads
C115394,2025-09-16,Organic
C115395,2025-05-09,Google Ads
C115396,2025-09-13,Influencer
C115397,2025-05-08,Meta Ads
C115398,2025-08-09,Influencer
C115399,2026-01-07,Organic
C115400,2025-01-18,Meta Ads
C115401,2025-09-09,Meta Ads
C115402,2025-03-19,Meta Ads
C115403,2025-10-10,Organic
C115404,2025-04-24,Meta Ads
C115405,2025-02-14,Referral
C115406,2025-08-05,Influencer
C115407,2024-12-05,Meta Ads
C115408,2025-07-24,Meta Ads
C115409,2025-02-02,Google Ads
C115410,2026-01-15,Meta Ads
C115411,2025-09-19,Meta Ads
C115412,2025-06-22,Organic
C115413,2025-09-15,Google Ads
C115414,2025-06-03,Influencer
C115415,2025-09-05,Meta Ads
C115416,2025-05-11,Influencer
C115417,2025-04-06,Google Ads
C115418,2025-04-19,Meta Ads
C115419,2025-01-16,Organic
C115420,2025-10-29,Meta Ads
C115421,2025-01-29,Meta Ads
C115422,2025-09-01,Influencer
C115423,2025-05-26,Meta Ads
C115424,2024-11-10,Organic
C115425,2025-08-11,Influencer
C115426,2024-11-07,Organic
C115427,2024-10-07,Google Ads
C115428,2025-11-01,Meta Ads
C115429,2024-10-02,Google Ads
C115430,2025-04-21,Organic
C115431,2025-04-29,Organic
C115432,2025-03-07,Meta Ads
C115433,2024-12-27,Organic
C115434,2025-12-10,Google Ads
C115435,2025-09-26,Influencer
C115436,2024-10-19,Influencer
C115437,2024-10-01,Meta Ads
C115438,2024-10-23,Influencer
C115439,2025-06-18,Organic
C115440,2024-12-21,Influencer
C115441,2025-08-16,Influencer
C115442,2025-12-27,Meta Ads
C115443,2025-11-28,Google Ads
C115444,2025-11-21,Google Ads
C115445,2025-09-07,Organic
C115446,2024-10-27,Google Ads
C115447,2025-04-11,Influencer
C115448,2025-08-11,Meta Ads
C115449,2024-11-22,Google Ads
C115450,2024-12-14,Organic
C115451,2025-06-26,Google Ads
C115452,2025-03-31,Organic
C115453,2025-11-22,Meta Ads
C115454,2024-12-24,Meta Ads
C115455,2025-09-16,Organic
C115456,2025-07-29,Google Ads
C115457,2024-11-06,Influencer
C115458,2025-02-12,Organic
C115459,2025-09-01,Google Ads
C115460,2026-01-27,Meta Ads
C115461,2024-10-29,Meta Ads
C115462,2025-08-04,Influencer
C115463,2024-11-06,Meta Ads
C115464,2025-11-05,Google Ads
C115465,2024-10-01,Referral
C115466,2024-11-26,Meta Ads
C115467,2025-02-16,Influencer
C115468,2025-04-30,Organic
C115469,2025-03-20,Meta Ads
C115470,2025-04-24,Referral
C115471,2025-09-21,Google Ads
C115472,2025-04-27,Organic
C115473,2024-12-27,Google Ads
C115474,2026-02-01,Meta Ads
C115475,2025-02-26,Meta Ads
C115476,2025-03-17,Google Ads
C115477,2025-08-26,Organic
C115478,2025-12-20,Google Ads
C115479,2025-11-27,Google Ads
C115480,2025-11-21,Meta Ads
C115481,2025-02-27,Google Ads
C115482,2026-01-15,Google Ads
C115483,2025-03-06,Google Ads
C115484,2025-01-28,Referral
C115485,2024-11-18,Meta Ads
C115486,2025-08-25,Referral
C115487,2025-08-25,Google Ads
C115488,2025-06-13,Google Ads
C115489,2026-01-04,Referral
C115490,2025-06-09,Meta Ads
C115491,2025-03-31,Meta Ads
C115492,2024-12-18,Meta Ads
C115493,2026-01-24,Google Ads
C115494,2026-01-13,Meta Ads
C115495,2025-09-03,Google Ads
C115496,2025-08-08,Organic
C115497,2025-06-07,Influencer
C115498,2025-07-07,Organic
C115499,2025-11-21,Google Ads
C115500,2025-12-15,Google Ads
C115501,2025-12-14,Organic
C115502,2024-10-07,Meta Ads
C115503,2024-12-12,Organic
C115504,2024-10-03,Google Ads
C115505,2025-06-30,Influencer
C115506,2025-08-26,Google Ads
C115507,2025-11-24,Google Ads
C115508,2025-02-02,Referral
C115509,2025-11-10,Organic
C115510,2025-01-29,Meta Ads
C115511,2025-05-30,Influencer
C115512,2026-01-13,Referral
C115513,2025-12-27,Meta Ads
C115514,2025-03-10,Influencer
C115515,2025-10-03,Meta Ads
C115516,2025-12-11,Google Ads
C115517,2025-03-29,Google Ads
C115518,2024-12-07,Organic
C115519,2024-12-09,Meta Ads
C115520,2024-11-28,Meta Ads
C115521,2024-11-14,Organic
C115522,2025-06-20,Influencer
C115523,2024-10-11,Meta Ads
C115524,2025-03-01,Influencer
C115525,2024-12-28,Referral
C115526,2025-09-22,Meta Ads
C115527,2025-10-04,Organic
C115528,2025-02-25,Meta Ads
C115529,2024-11-14,Influencer
C115530,2025-01-06,Organic
C115531,2025-11-30,Referral
C115532,2025-09-05,Meta Ads
C115533,2025-06-11,Meta Ads
C115534,2024-10-17,Organic
C115535,2025-02-23,Referral
C115536,2025-03-09,Influencer
C115537,2025-05-07,Meta Ads
C115538,2025-03-03,Google Ads
C115539,2026-01-31,Google Ads
C115540,2024-11-24,Referral
C115541,2025-04-25,Meta Ads
C115542,2025-05-14,Influencer
C115543,2025-02-05,Meta Ads
C115544,2025-08-15,Referral
C115545,2024-10-02,Organic
C115546,2025-10-24,Organic
C115547,2025-02-22,Meta Ads
C115548,2025-04-28,Organic
C115549,2026-02-10,Meta Ads
C115550,2026-02-12,Referral
C115551,2025-01-22,Meta Ads
C115552,2025-01-31,Referral
C115553,2025-08-30,Meta Ads
C115554,2025-08-20,Influencer
C115555,2025-12-23,Organic
C115556,2025-04-25,Google Ads
C115557,2025-06-21,Meta Ads
C115558,2025-09-13,Referral
C115559,2025-06-29,Google Ads
C115560,2024-12-12,Meta Ads
C115561,2025-03-06,Google Ads
C115562,2025-07-15,Google Ads
C115563,2025-08-03,Google Ads
C115564,2025-01-07,Organic
C115565,2024-11-23,Influencer
C115566,2025-06-20,Meta Ads
C115567,2025-09-02,Google Ads
C115568,2025-06-23,Google Ads
C115569,2025-01-27,Organic
C115570,2025-05-26,Meta Ads
C115571,2026-01-26,Meta Ads
C115572,2025-01-10,Google Ads
C115573,2025-10-26,Organic
C115574,2025-09-04,Meta Ads
C115575,2026-01-01,Meta Ads
C115576,2025-08-26,Google Ads
C115577,2026-01-30,Influencer
C115578,2025-11-15,Influencer
C115579,2025-09-12,Meta Ads
C115580,2025-04-30,Google Ads
C115581,2024-10-19,Influencer
C115582,2025-03-03,Organic
C115583,2025-11-17,Organic
C115584,2025-02-13,Meta Ads
C115585,2025-04-01,Google Ads
C115586,2026-01-04,Google Ads
C115587,2025-05-15,Referral
C115588,2025-02-25,Meta Ads
C115589,2025-05-26,Organic
C115590,2026-01-06,Meta Ads
C115591,2025-06-25,Referral
C115592,2025-04-11,Meta Ads
C115593,2025-01-08,Referral
C115594,2026-02-12,Referral
C115595,2024-11-15,Google Ads
C115596,2025-06-24,Referral
C115597,2025-09-30,Referral
C115598,2025-03-08,Referral
C115599,2025-10-21,Google Ads
C115600,2024-10-02,Organic
C115601,2025-05-05,Organic
C115602,2025-11-02,Organic
C115603,2026-01-25,Meta Ads
C115604,2024-12-14,Referral
C115605,2024-10-19,Google Ads
C115606,2025-11-17,Influencer
C115607,2025-04-13,Google Ads
C115608,2024-11-21,Google Ads
C115609,2025-01-08,Meta Ads
C115610,2025-10-10,Influencer
C115611,2025-04-10,Influencer
C115612,2024-11-25,Organic
C115613,2025-12-13,Google Ads
C115614,2025-01-08,Organic
C115615,2024-12-09,Meta Ads
C115616,2025-03-20,Google Ads
C115617,2025-01-05,Organic
C115618,2025-06-14,Meta Ads
C115619,2025-07-21,Organic
C115620,2024-12-21,Meta Ads
C115621,2025-06-05,Meta Ads
C115622,2025-09-01,Meta Ads
C115623,2025-11-08,Influencer
C115624,2025-03-03,Organic
C115625,2025-09-27,Meta Ads
C115626,2025-07-08,Meta Ads
C115627,2025-02-25,Meta Ads
C115628,2024-10-02,Meta Ads
C115629,2025-06-26,Organic
C115630,2025-12-10,Google Ads
C115631,2025-05-17,Google Ads
C115632,2025-01-07,Google Ads
C115633,2024-10-05,Influencer
C115634,2025-06-28,Meta Ads
C115635,2025-10-01,Google Ads
C115636,2025-10-11,Organic
C115637,2025-12-15,Influencer
C115638,2025-06-05,Google Ads
C115639,2025-07-27,Organic
C115640,2026-01-02,Organic
C115641,2024-11-03,Meta Ads
C115642,2025-02-07,Organic
C115643,2024-12-02,Google Ads
C115644,2025-03-09,Influencer
C115645,2025-04-01,Google Ads
C115646,2025-06-14,Influencer
C115647,2024-12-13,Meta Ads
C115648,2025-07-12,Meta Ads
C115649,2025-12-19,Meta Ads
C115650,2024-11-28,Influencer
C115651,2025-10-20,Referral
C115652,2024-10-10,Meta Ads
C115653,2024-12-16,Referral
C115654,2026-02-06,Google Ads
C115655,2025-11-03,Meta Ads
C115656,2025-02-20,Google Ads
C115657,2025-09-17,Referral
C115658,2024-12-04,Influencer
C115659,2025-02-11,Organic
C115660,2025-06-24,Google Ads
C115661,2025-09-23,Referral
C115662,2024-10-09,Google Ads
C115663,2025-09-23,Google Ads
C115664,2026-01-22,Influencer
C115665,2025-06-30,Meta Ads
C115666,2026-01-16,Meta Ads
C115667,2025-11-14,Organic
C115668,2025-11-30,Meta Ads
C115669,2025-09-22,Organic
C115670,2025-07-21,Google Ads
C115671,2025-08-14,Influencer
C115672,2025-02-03,Referral
C115673,2025-07-04,Meta Ads
C115674,2026-01-09,Meta Ads
C115675,2025-07-09,Organic
C115676,2025-11-01,Google Ads
C115677,2025-04-02,Meta Ads
C115678,2025-05-27,Meta Ads
C115679,2025-03-01,Organic
C115680,2025-10-01,Organic
C115681,2025-06-20,Meta Ads
C115682,2025-05-12,Organic
C115683,2025-04-17,Meta Ads
C115684,2025-06-01,Influencer
C115685,2025-01-16,Influencer
C115686,2025-03-02,Meta Ads
C115687,2026-01-27,Influencer
C115688,2026-01-15,Referral
C115689,2024-10-17,Meta Ads
C115690,2025-03-26,Organic
C115691,2025-01-27,Meta Ads
C115692,2025-12-21,Meta Ads
C115693,2026-01-09,Influencer
C115694,2025-10-03,Meta Ads
C115695,2024-10-16,Meta Ads
C115696,2025-03-23,Organic
C115697,2025-12-21,Referral
C115698,2025-05-31,Organic
C115699,2025-03-03,Influencer
C115700,2024-12-10,Referral
C115701,2024-11-16,Meta Ads
C115702,2025-01-13,Organic
C115703,2025-10-29,Meta Ads
C115704,2025-10-23,Meta Ads
C115705,2025-03-04,Organic
C115706,2024-10-05,Google Ads
C115707,2025-02-22,Google Ads
C115708,2025-03-20,Meta Ads
C115709,2024-10-19,Meta Ads
C115710,2025-09-14,Meta Ads
C115711,2025-12-26,Referral
C115712,2025-04-02,Organic
C115713,2025-06-30,Meta Ads
C115714,2025-07-16,Influencer
C115715,2026-02-01,Meta Ads
C115716,2025-10-28,Google Ads
C115717,2025-12-06,Referral
C115718,2025-07-31,Organic
C115719,2025-11-21,Meta Ads
C115720,2025-03-06,Influencer
C115721,2024-11-22,Google Ads
C115722,2025-05-11,Organic
C115723,2025-08-22,Meta Ads
C115724,2024-11-20,Google Ads
C115725,2025-04-20,Google Ads
C115726,2025-11-23,Google Ads
C115727,2025-10-01,Organic
C115728,2025-02-25,Google Ads
C115729,2026-01-18,Organic
C115730,2025-04-25,Meta Ads
C115731,2025-01-20,Organic
C115732,2025-11-14,Organic
C115733,2025-04-30,Meta Ads
C115734,2025-12-10,Referral
C115735,2025-09-07,Meta Ads
C115736,2026-01-19,Meta Ads
C115737,2024-10-23,Influencer
C115738,2025-07-11,Meta Ads
C115739,2025-01-24,Influencer
C115740,2025-10-20,Google Ads
C115741,2025-01-03,Influencer
C115742,2025-12-19,Organic
C115743,2025-12-17,Meta Ads
C115744,2025-08-11,Google Ads
C115745,2024-10-16,Meta Ads
C115746,2024-11-11,Meta Ads
C115747,2025-12-18,Organic
C115748,2024-12-15,Google Ads
C115749,2025-04-14,Meta Ads
C115750,2025-11-16,Google Ads
C115751,2025-07-01,Referral
C115752,2024-10-13,Meta Ads
C115753,2024-10-14,Referral
C115754,2024-11-06,Influencer
C115755,2025-11-27,Meta Ads
C115756,2026-01-16,Influencer
C115757,2025-06-28,Referral
C115758,2025-01-28,Meta Ads
C115759,2024-10-31,Influencer
C115760,2025-11-05,Influencer
C115761,2025-11-26,Meta Ads
C115762,2025-02-17,Google Ads
C115763,2024-10-28,Organic
C115764,2025-02-23,Google Ads
C115765,2025-04-18,Organic
C115766,2026-01-14,Google Ads
C115767,2025-06-06,Meta Ads
C115768,2025-03-25,Influencer
C115769,2024-12-17,Influencer
C115770,2025-03-15,Google Ads
C115771,2025-08-07,Referral
C115772,2025-09-30,Influencer
C115773,2025-07-06,Google Ads
C115774,2025-08-23,Meta Ads
C115775,2025-02-18,Meta Ads
C115776,2025-11-26,Meta Ads
C115777,2025-12-06,Google Ads
C115778,2025-09-14,Google Ads
C115779,2025-06-05,Influencer
C115780,2025-08-06,Meta Ads
C115781,2024-11-30,Meta Ads
C115782,2024-10-15,Organic
C115783,2024-11-11,Meta Ads
C115784,2025-03-19,Google Ads
C115785,2025-10-22,Influencer
C115786,2025-12-24,Organic
C115787,2026-01-14,Organic
C115788,2024-11-12,Meta Ads
C115789,2025-02-10,Organic
C115790,2025-07-18,Meta Ads
C115791,2025-03-13,Google Ads
C115792,2025-04-19,Influencer
C115793,2025-05-28,Influencer
C115794,2025-04-02,Referral
C115795,2025-10-04,Google Ads
C115796,2025-04-14,Influencer
C115797,2025-12-14,Influencer
C115798,2025-09-16,Meta Ads
C115799,2025-07-26,Referral
C115800,2025-12-12,Organic
C115801,2025-08-17,Organic
C115802,2025-04-24,Meta Ads
C115803,2025-08-09,Organic
C115804,2025-07-20,Meta Ads
C115805,2025-10-11,Referral
C115806,2024-12-08,Google Ads
C115807,2025-07-20,Meta Ads
C115808,2025-01-28,Influencer
C115809,2025-01-24,Meta Ads
C115810,2026-02-01,Meta Ads
C115811,2025-03-31,Meta Ads
C115812,2025-11-25,Meta Ads
C115813,2025-04-11,Google Ads
C115814,2024-11-29,Meta Ads
C115815,2025-05-11,Meta Ads
C115816,2024-12-17,Organic
C115817,2026-01-13,Influencer
C115818,2025-08-02,Google Ads
C115819,2025-11-13,Referral
C115820,2025-07-03,Referral
C115821,2025-06-25,Influencer
C115822,2025-09-06,Organic
C115823,2025-05-14,Influencer
C115824,2025-01-20,Organic
C115825,2026-01-29,Organic
C115826,2025-04-26,Influencer
C115827,2025-06-25,Meta Ads
C115828,2026-01-03,Influencer
C115829,2025-06-05,Google Ads
C115830,2025-09-08,Google Ads
C115831,2024-12-29,Organic
C115832,2025-08-15,Meta Ads
C115833,2025-03-16,Meta Ads
C115834,2024-12-29,Google Ads
C115835,2025-10-25,Influencer
C115836,2025-01-17,Google Ads
C115837,2025-03-27,Meta Ads
C115838,2024-10-20,Google Ads
C115839,2025-08-14,Influencer
C115840,2025-03-05,Google Ads
C115841,2024-12-25,Meta Ads
C115842,2025-02-22,Meta Ads
C115843,2024-10-10,Influencer
C115844,2025-04-17,Meta Ads
C115845,2025-09-01,Google Ads
C115846,2025-08-08,Meta Ads
C115847,2025-12-28,Meta Ads
C115848,2025-10-27,Meta Ads
C115849,2025-04-14,Meta Ads
C115850,2025-06-06,Meta Ads
C115851,2025-01-07,Influencer
C115852,2025-06-28,Meta Ads
C115853,2025-05-19,Organic
C115854,2025-03-04,Meta Ads
C115855,2025-12-05,Meta Ads
C115856,2025-05-09,Meta Ads
C115857,2025-04-02,Influencer
C115858,2024-11-28,Organic
C115859,2025-05-14,Google Ads
C115860,2025-01-26,Referral
C115861,2026-01-10,Meta Ads
C115862,2025-10-02,Organic
C115863,2025-08-26,Influencer
C115864,2025-11-09,Meta Ads
C115865,2025-01-25,Influencer
C115866,2025-11-30,Organic
C115867,2026-01-09,Google Ads
C115868,2025-04-14,Organic
C115869,2025-09-13,Google Ads
C115870,2025-02-04,Google Ads
C115871,2025-07-05,Influencer
C115872,2024-12-27,Influencer
C115873,2026-02-05,Referral
C115874,2025-07-09,Influencer
C115875,2025-04-17,Meta Ads
C115876,2025-06-22,Google Ads
C115877,2025-05-26,Influencer
C115878,2025-01-22,Google Ads
C115879,2025-12-10,Organic
C115880,2025-02-07,Meta Ads
C115881,2024-10-17,Google Ads
C115882,2024-10-16,Referral
C115883,2024-11-13,Meta Ads
C115884,2025-12-29,Influencer
C115885,2024-12-06,Meta Ads
C115886,2024-10-11,Meta Ads
C115887,2025-06-07,Meta Ads
C115888,2025-10-02,Meta Ads
C115889,2025-07-13,Google Ads
C115890,2025-04-22,Meta Ads
C115891,2025-06-20,Organic
C115892,2025-03-04,Meta Ads
C115893,2025-05-10,Organic
C115894,2025-09-24,Influencer
C115895,2026-01-04,Influencer
C115896,2025-07-05,Influencer
C115897,2024-10-30,Meta Ads
C115898,2024-10-26,Meta Ads
C115899,2025-11-21,Meta Ads
C115900,2025-03-05,Meta Ads
C115901,2025-11-24,Meta Ads
C115902,2025-04-06,Influencer
C115903,2024-11-24,Meta Ads
C115904,2025-03-19,Referral
C115905,2024-10-22,Organic
C115906,2025-10-12,Meta Ads
C115907,2026-01-26,Meta Ads
C115908,2026-01-18,Referral
C115909,2024-11-05,Meta Ads
C115910,2025-04-25,Meta Ads
C115911,2024-11-26,Referral
C115912,2025-07-10,Meta Ads
C115913,2025-01-11,Influencer
C115914,2025-03-28,Organic
C115915,2025-07-12,Google Ads
C115916,2025-09-08,Meta Ads
C115917,2024-12-29,Google Ads
C115918,2025-11-28,Meta Ads
C115919,2025-06-15,Meta Ads
C115920,2025-08-18,Meta Ads
C115921,2025-05-20,Influencer
C115922,2025-12-27,Meta Ads
C115923,2024-10-22,Google Ads
C115924,2025-12-13,Google Ads
C115925,2025-03-23,Google Ads
C115926,2025-08-04,Google Ads
C115927,2025-10-21,Organic
C115928,2025-12-24,Organic
C115929,2025-04-01,Meta Ads
C115930,2026-01-05,Meta Ads
C115931,2025-08-01,Meta Ads
C115932,2025-07-29,Influencer
C115933,2025-06-03,Organic
C115934,2025-03-02,Meta Ads
C115935,2025-05-29,Google Ads
C115936,2025-06-29,Meta Ads
C115937,2025-05-05,Meta Ads
C115938,2024-11-25,Influencer
C115939,2025-03-08,Organic
C115940,2025-10-01,Google Ads
C115941,2026-01-09,Google Ads
C115942,2026-02-06,Organic
C115943,2025-08-28,Meta Ads
C115944,2024-12-17,Organic
C115945,2025-08-12,Referral
C115946,2025-09-19,Organic
C115947,2024-10-06,Meta Ads
C115948,2025-12-10,Meta Ads
C115949,2025-05-25,Meta Ads
C115950,2025-09-09,Meta Ads
C115951,2025-05-15,Meta Ads
C115952,2025-12-27,Influencer
C115953,2025-12-10,Google Ads
C115954,2024-10-31,Meta Ads
C115955,2024-11-08,Organic
C115956,2024-11-09,Google Ads
C115957,2025-03-03,Organic
C115958,2024-11-15,Influencer
C115959,2025-03-21,Meta Ads
C115960,2025-09-26,Google Ads
C115961,2025-06-06,Influencer
C115962,2024-10-12,Google Ads
C115963,2025-06-25,Influencer
C115964,2025-12-29,Google Ads
C115965,2025-10-05,Influencer
C115966,2025-05-27,Referral
C115967,2025-01-31,Meta Ads
C115968,2025-03-19,Influencer
C115969,2024-11-07,Influencer
C115970,2025-11-15,Organic
C115971,2025-02-22,Google Ads
C115972,2025-01-17,Meta Ads
C115973,2025-01-03,Referral
C115974,2025-08-09,Meta Ads
C115975,2025-08-29,Organic
C115976,2025-03-19,Meta Ads
C115977,2025-12-03,Meta Ads
C115978,2026-01-14,Meta Ads
C115979,2025-03-26,Google Ads
C115980,2024-12-14,Google Ads
C115981,2025-05-15,Meta Ads
C115982,2025-05-15,Organic
C115983,2025-03-15,Influencer
C115984,2025-04-17,Referral
C115985,2025-05-09,Referral
C115986,2026-01-23,Meta Ads
C115987,2025-04-09,Meta Ads
C115988,2025-06-22,Referral
C115989,2024-11-24,Google Ads
C115990,2024-11-12,Meta Ads
C115991,2025-10-05,Organic
C115992,2025-11-15,Organic
C115993,2025-10-13,Google Ads
C115994,2025-10-15,Google Ads
C115995,2025-02-20,Referral
C115996,2024-12-30,Organic
C115997,2024-10-10,Meta Ads
C115998,2025-03-27,Organic
C115999,2025-12-22,Organic
